_id	data	hora	natureza_acidente	situacao	bairro	endereco	numero	detalhe_endereco_acidente	complemento	bairro_cruzamento	num_semaforo	sentido_via	tipo	descricao	auto	moto	ciclom	ciclista	pedestre	onibus	caminhao	viatura	outros	vitimas	vitimasfatais	acidente_verificado	tempo_clima	situacao_semaforo	sinalizacao	condicao_via	conservacao_via	ponto_controle	situacao_placa	velocidade_max_via	mao_direcao	divisao_via1	divisao_via2	divisao_via3
191	2020-01-08T00:00:00	10:47:00	SEM VÍTIMA	FINALIZADA	DERBY	PRC DO DERBY	""	RUA JENER DE SOUZA	SOB O SEMÁFORO 418	DERBY		CIDADE	COLISÃO TRASEIRA	SEM VITIMAS	2									0		Cruzamento	Bom	Sem defeito	Perfeito estado	Seca	Perfeito estado	Faixa de pedestre	Outras	""	Dupla	Blocos	""	""
192	2020-01-08T00:00:00	11:07:00	COM VÍTIMA	FINALIZADA	ARRUDA	RUA SAO BENTO	340	EST VELHA DE AGUA FRIA	APÓS O POSTO NORTE BRAZ	ARRUDA		SUBURBIO	ABALROAMENTO LONGITUDINAL	COLISAO COM VITIMA. ENTRE DUAS MOTOS		2								1		Longo da via	Bom	Não existe	Perfeito estado	Seca	Perfeito estado	Não existe	Não há placas	""	Única	Faixa seccionada	""	""
193	2020-01-08T00:00:00	11:22:00	SEM VÍTIMA	FINALIZADA	TORRE	RUA PADRE ANCHIETA	""	RUA JOSE BONIFACIO	AO LADO DO MINUTO PÃO DE AÇUCAR	TORRE	193	CIDADE	ABALROAMENTO LONGITUDINAL	SEM VITIMAS	2									0		Cruzamento	Bom	Sem defeito	Perfeito estado	Seca	Perfeito estado	Faixa de pedestre	R-6a	""	Única	Faixa seccionada	""	""
194	2020-01-08T00:00:00	11:41:00	SEM VÍTIMA	FINALIZADA	ARRUDA	RUA DR RAIMUNDO CAVALCANTI UCHOA	""	RUA DESPORTIST WALDIR SANTANA	ESQUINA DAS RUAS	ARRUDA		""	ABALROAMENTO TRANSVERSAL	COLISAO S/ VITIMA. ENTRE DOIS VEICULOS	2									0		""	Bom	Não existe	Não existente	Seca	Mal conservada	Não existe	Não há placas	""	Dupla	Não existe	""	""
195	2020-01-08T00:00:00	11:46:00	SEM VÍTIMA	FINALIZADA	BOA VISTA	AV GOVERNADOR AGAMENON MAGALHAES	""	""	EM FRENTE AO CÍRCULO MILITAR DO RECIFE	BOA VISTA		""	COLISÃO TRASEIRA	COLISAO S/ VITIMA. ENTRE DOIS VEICULOS. GM: JOBSON E RODRIGO NO LOCAL	2									0		Longo da via	Bom	Não existe	Perfeito estado	Seca	Perfeito estado	Não existe	Não há placas	60 km/h	Dupla	Canteiro central	""	""
196	2020-01-08T00:00:00	12:33:00	SEM VÍTIMA	FINALIZADA	IBURA	AV DOIS RIOS	""	RUA PINTOR AGENOR DE ALBUQUERQUE CESAR	""	IBURA	561	SUBURBIO	ABALROAMENTO TRANSVERSAL	COLISÃO SEM VÍTIMA	1					1				0		Cruzamento	Bom	Sem defeito	Perfeito estado	Seca	Perfeito estado	Faixa de pedestre	Não há placas	""	Dupla	Faixa contínua	""	""
197	2020-01-08T00:00:00	13:21:00	SEM VÍTIMA	FINALIZADA	BAIRRO DO RECIFE	CAIS DO APOLO	925	""	AREA INTERNA DO ESTACIONAMENTO DA PCR	BAIRRO DO RECIFE		""	ABALROAMENTO TRANSVERSAL	COLISAO ENTRE DOIS AUTOS S/V	2									0		""	Bom	Não existe	Não existente	Seca	Perfeito estado	Não existe	Não há placas	""	Dupla	Não existe	""	""
198	2020-01-08T00:00:00	13:21:00	SEM VÍTIMA	FINALIZADA	ESPINHEIRO	RUA MARQUES DO PARANA	450	RUA GOMES PACHECO	OFICERTA	ESPINHEIRO		""	ABALROAMENTO LONGITUDINAL	ENTRE DOIS AUTOS S/V	2									0		Cruzamento	Bom	Não existe	Perfeito estado	Seca	Perfeito estado	Faixa de pedestre	Placas Pare	""	Única	Faixa seccionada	""	""
199	2020-01-08T00:00:00	13:23:00	SEM VÍTIMA	FINALIZADA	BOA VISTA	RUA DO RIACHUELO	105	RUA DA UNIAO	""	BOA VISTA		CIDADE	COLISÃO TRASEIRA	COLISÃO SEM VÍTIMA	2									0		Longo da via	Bom	Não existe	Perfeito estado	Seca	Perfeito estado	Faixa de pedestre	Outras	""	Dupla	Faixa seccionada	Canteiro central	""
200	2020-01-08T00:00:00	13:32:00	SEM VÍTIMA	FINALIZADA	COELHOS	RUA DO JARDIM	37	""	EM FRENTE AO Nº 37 / SENTIDO ÚNICO	COELHOS		""	COLISÃO TRASEIRA	ENTRE DOIS AUTOS S/V	2									0		Longo da via	Bom	Não existe	Não existente	Seca	Mal conservada	Não existe	Não há placas	""	Única	Não existe	""	""
201	2020-01-08T00:00:00	13:48:00	COM VÍTIMA	FINALIZADA	CORDEIRO	AV CAXANGA	2555	AV INACIO MONTEIRO	PROX AO POSTO SILVA E ARAUJO	CORDEIRO	234	CIDADE	ABALROAMENTO LONGITUDINAL	ENTRE MOTO- AUTO PASSEIO E REBOQUE COM VÍTIMA.	1	1							1	1		Esquina	Bom	Sem defeito	Perfeito estado	Seca	Perfeito estado	Faixa de pedestre	Outras	""	Dupla	Faixa contínua	Faixa seccionada	Canteiro central
202	2020-01-08T00:00:00	14:08:00	SEM VÍTIMA	FINALIZADA	BOA VIAGEM	AV ENGENHEIRO DOMINGOS FERREIRA	236	""	CERPE	BOA VIAGEM	380	SUBURBIO	COLISÃO TRASEIRA	ENTRE DOIS AUTOS S/V	2									0		Longo da via	Bom	Sem defeito	Perfeito estado	Seca	Perfeito estado	Faixa de pedestre	""	60 km/h	Única	Faixa contínua	""	""
203	2020-01-08T00:00:00	14:52:00	SEM VÍTIMA	FINALIZADA	AREIAS	AV RECIFE	""	""	LADO OPOSTO AO BIG BOMPREÇO	AREIAS		""	COLISÃO TRASEIRA	COLISÃO SEM VÍTIMA	2									0		Longo da via	Bom	Sem defeito	Perfeito estado	Seca	Perfeito estado	""	Outras	""	Dupla	Canteiro central	""	""
204	2020-01-08T00:00:00	15:15:00	SEM VÍTIMA	FINALIZADA	BOA VIAGEM	RUA RIBEIRO DE BRITO	972	RUA DOS NAVEGANTES	EDIFÍCIO LUIZA RAMOS	BOA VIAGEM		""	ABALROAMENTO TRANSVERSAL	COLISAO ENTRE DOIS AUTOS S/V	2									0		Cruzamento	Bom	Não existe	Ilegível	Seca	Perfeito estado	Faixa de retenção	Placas Pare	""	Única	Não existe	""	""
205	2020-01-08T00:00:00	15:37:00	SEM VÍTIMA	CANCELADA	SANTO AMARO	AV GOVERNADOR AGAMENON MAGALHAES	""	""	PROX AO SHOPPING TACARUNA S/T OLINDA	SANTO AMARO		""	COLISÃO	COLISAO ENTRE DOIS AUTOS S/V	2									0		""	""	""	""	""	""	""	""	""	""	""	""	""
206	2020-01-08T00:00:00	15:43:00	SEM VÍTIMA	FINALIZADA	JORDÃO	RUA BOANERGES PEREIRA	""	AV MARIA IRENE	""	JORDÃO		CIDADE	ABALROAMENTO LONGITUDINAL	COLISAO ENTRE DOIS AUTOS S/V							2			0		Cruzamento	Bom	Não existe	Perfeito estado	Seca	Perfeito estado	""	""	""	""	""	""	""
207	2020-01-08T00:00:00	15:47:00	COM VÍTIMA	FINALIZADA	SOLEDADE	RUA BARAO DE SAO BORJA	""	""	E/F AO CENTRO UNIVERSITARIO TIRADENTES	SOLEDADE		SUBURBIO	ATROPELAMENTO	ATROPELAMENTO COM UMA VITIMA	1				1					1		Longo da via	Bom	Não existe	Perfeito estado	Seca	Perfeito estado	Não existe	R-6a	""	Única	Não existe	""	""
208	2020-01-08T00:00:00	15:54:00	SEM VÍTIMA	FINALIZADA	CASA FORTE	AV DEZESSETE DE AGOSTO	""	""	EM FRENTE A FARMACIA PAGUE MENOS	CASA FORTE		CIDADE	COLISÃO TRASEIRA	COLISÃO SEM VÍTIMA	2									0		Longo da via	Bom	Sem defeito	Perfeito estado	Seca	Perfeito estado	Faixa de pedestre	Outras	""	Dupla	Faixa contínua	""	""
209	2020-01-08T00:00:00	16:42:00	SEM VÍTIMA	FINALIZADA	VÁRZEA	AV CAXANGA	""	""	""	VÁRZEA	608	CIDADE	COLISÃO TRASEIRA	COLISÃO SEM VÍTIMA	1						1			0		Longo da via	Bom	Sem defeito	Perfeito estado	Seca	Perfeito estado	Faixa de pedestre	R-6a	""	Dupla	Canteiro central	""	""
210	2020-01-08T00:00:00	16:59:00	SEM VÍTIMA	FINALIZADA	IMBIRIBEIRA	RUA JOAQUIM BANDEIRA	268	AV SUL	EM FRENTE A MICAELLY PEDROSA	IMBIRIBEIRA		SUBURBIO	ABALROAMENTO LONGITUDINAL	COLISÃO SEM VÍTIMA	2									0		Cruzamento	Bom	Não existe	Perfeito estado	Seca	Perfeito estado	Não existe	Não há placas	""	Única	Faixa seccionada	""	""
211	2020-01-08T00:00:00	17:18:00	SEM VÍTIMA	FINALIZADA	CASA FORTE	AV DEZESSETE DE AGOSTO	""	RUA PIAUI	AO LADO DO CENTRO MÉDICO SEN JOSE ERMIRIO DE MORRES	CASA FORTE	251	CIDADE	CHOQUE OBJETO FIXO	CAMINHÃO CHOCOU-SE COM O SEMÁFORO							1			0		""	Bom	Sem defeito	Perfeito estado	Seca	Perfeito estado	Faixa de pedestre	R-6a	""	Dupla	Faixa seccionada	""	""
212	2020-01-08T00:00:00	17:27:00	SEM VÍTIMA	FINALIZADA	BOA VIAGEM	RUA AMALIA BERNARDINO DE SOUZA	286	""	POR TRÁS DA FACULDADE MAURICIO DE NASSAU	BOA VIAGEM		CIDADE	COLISÃO TRASEIRA	ENTRE DOIS AUTOS S/V	2									0		Longo da via	Bom	Sem defeito	Perfeito estado	Seca	Perfeito estado	Não existe	Não há placas	""	Dupla	Não existe	""	""
213	2020-01-08T00:00:00	17:29:00	SEM VÍTIMA	FINALIZADA	AFOGADOS	RUA MOTOCOLOMBO	190	RUA FRANCISCO SILVEIRA	""	AFOGADOS		SUBURBIO	ABALROAMENTO LONGITUDINAL	COLISÃO SEM VÍTIMA	2									0		Cruzamento	Bom	Não existe	Não existente	Seca	Perfeito estado	Não existe	Não há placas	""	Única	Faixa seccionada	""	""
214	2020-01-08T00:00:00	17:46:00	SEM VÍTIMA	FINALIZADA	SANTO ANTÔNIO	PRC DA REPUBLICA	""	RUA IMPERADOR PEDRO SEGUNDO	""	SANTO ANTÔNIO	278	""	ABALROAMENTO TRANSVERSAL	ENTRE ONIBUS X AUTO PASSEIO S/V	1					1				0		Cruzamento	Bom	Sem defeito	Perfeito estado	Seca	Perfeito estado	""	Outras	""	Única	Faixa contínua	Faixa seccionada	""
215	2020-01-08T00:00:00	17:58:00	SEM VÍTIMA	FINALIZADA	DERBY	AV GOVERNADOR AGAMENON MAGALHAES	""	""	AO LADO DO CLUBE PORTUGUÊS	DERBY	173	""	COLISÃO TRASEIRA	COLISÃO SEM VÍTIMA	3									0		Longo da via	Bom	Sem defeito	Perfeito estado	Seca	Perfeito estado	""	Não há placas	60 km/h	Única	Faixa contínua	""	""
216	2020-01-08T00:00:00	18:28:00	SEM VÍTIMA	CANCELADA	CAXANGÁ	AV CAXANGA	""	""	SOBRE PONTE DA CAXANGA/ LADO OPOSTO A INTEGRAÇÃO DA CAXANGA	CAXANGÁ		""	COLISÃO	ENTRE DOIS AUTOS S/V	2									0		""	""	""	""	""	""	""	""	""	""	""	""	""
217	2020-01-08T00:00:00	18:37:00	SEM VÍTIMA	FINALIZADA	IPUTINGA	AV LUIZ DE LACERDA	260	RUA PROFESSOR MUSSA HAZIN	EM FRENTE AO COLÉGIO DESAFIO	IPUTINGA		SUBURBIO	ABALROAMENTO LONGITUDINAL	ENTRE DOIS AUTOS S/V	2									0		Longo da via	Bom	Não existe	Perfeito estado	Seca	Perfeito estado	Não existe	R-6a	""	Única	Faixa seccionada	""	""
218	2020-01-08T00:00:00	19:00:00	SEM VÍTIMA	FINALIZADA	ILHA DO RETIRO	PRC DA BANDEIRA	""	""	EM FRENTEAO SPORT CLUB DO RECIFE	ILHA DO RETIRO		CIDADE	ABALROAMENTO LONGITUDINAL	COLISAO SEM VITIMAS	2									0		""	Bom	Não existe	Perfeito estado	Seca	Perfeito estado	Não existe	R-6a	30 km/h	Única	Não existe	""	""
219	2020-01-08T00:00:00	22:39:00	SEM VÍTIMA	FINALIZADA	BOA VIAGEM	RUA BRUNO VELOSO	392	""	""	BOA VIAGEM	338	SUBURBIO	COLISÃO TRASEIRA	COLISAO SEM VITIMAS	2									0		Longo da via	Bom	Sem defeito	Perfeito estado	Seca	Perfeito estado	Faixa de retenção	Outras	""	Única	Faixa seccionada	""	""
220	2020-01-08T00:00:00	23:26:00	SEM VÍTIMA	FINALIZADA	ESPINHEIRO	AV JOAO DE BARROS	1314	""	""	ESPINHEIRO	338	SUBURBIO	COLISÃO TRASEIRA	COLISAO SEM VITIMAS	2									0		Longo da via	Bom	Intermitente	Perfeito estado	Seca	Perfeito estado	Faixa de pedestre	Não há placas	""	Única	Faixa contínua	Faixa seccionada	""
221	2020-01-09T00:00:00	01:24:00	COM VÍTIMA	FINALIZADA	ARRUDA	RUA MEM DE SA	""	RUA PROFESSOR JERONIMO GUEIROS	AO LADO DA FÁBRICA COCA-COLA	ARRUDA	495	""	ABALROAMENTO TRANSVERSAL	COLISÃO ENTRE DOIS AUTOS- S/V	2									1		Cruzamento	Bom	Sem defeito	Perfeito estado	Seca	Perfeito estado	Não existe	Não há placas	30 km/h	Dupla	Não existe	""	""
222	2020-01-09T00:00:00	07:14:00	COM VÍTIMA	FINALIZADA	IPSEP	RUA PINTOR ANTONIO ALBUQUERQUE	456	""	EM FRENTE AO SMOEPE	IPSEP		""	ACID. DE PERCURSO	ACID. C/V		1								1		Longo da via	Chuvoso	Não existe	Perfeito estado	Molhada	Perfeito estado	Não existe	Não há placas	40 km/h	Dupla	Não existe	""	""
223	2020-01-09T00:00:00	07:59:00	SEM VÍTIMA	FINALIZADA	IBURA	AV ENGENHO SERRA VERDE	830	""	MASTER PIZZA	IBURA		CIDADE	COLISÃO TRASEIRA	COLISÃO SEM VITIMAS	1									0		Longo da via	Chuvoso	Não existe	Incompleta	Molhada	Perfeito estado	Não existe	Não há placas	40 km/h	Única	Não existe	""	""
224	2020-01-09T00:00:00	08:03:00	SEM VÍTIMA	FINALIZADA	CASA AMARELA	AV NORTE	5400	""	EM FRENTE A ESCOLA MUNICIPAL ROZEMAR DE MACEDO LIMA	CASA AMARELA		SUBURBIO	COLISÃO TRASEIRA	COLISAO S/ VITIMA. ENTRE DOIS VEICULOS. VT 08 - GM: RONALDO LUIZ E RICARDO NO LOCAL	2									0		Longo da via	Chuvoso	Não existe	Perfeito estado	Molhada	Perfeito estado	Não existe	Não há placas	""	Dupla	Canteiro central	""	""
225	2020-01-09T00:00:00	08:28:00	COM VÍTIMA	FINALIZADA	PINA	AV HERCULANO BANDEIRA	544	""	E/F JSA PNEUS	PINA		SUBURBIO	COLISÃO TRASEIRA	COLISÃO C/VITIMA ENTRE DUAS MOTOS (GMC ADELMO FERREIRA E WEMERSON NO QTH)	1	2								1		Longo da via	Bom	Sem defeito	Perfeito estado	Seca	Perfeito estado	Não existe	Não há placas	60 km/h	Única	Faixa seccionada	""	""
226	2020-01-09T00:00:00	08:49:00	COM VÍTIMA	FINALIZADA	SAN MARTIN	AV ENGENHEIRO ABDIAS DE CARVALHO	3010	""	AO  LADO  DA CHESF	SAN MARTIN		CIDADE	COLISÃO TRASEIRA	COLISÃO C/ VITIMA  GM LUANA QTH	1	1								1		Longo da via	Bom	Não existe	Perfeito estado	Seca	Perfeito estado	Não existe	""	""	Dupla	Canteiro central	""	""
227	2020-01-09T00:00:00	09:06:00	SEM VÍTIMA	CANCELADA	GRAÇAS	RUA ALBERTO PAIVA	114	""	EM FRENTE A PRAÇA ELVIRA DE SOUZA	GRAÇAS		""	COLISÃO	DOIS AUTOS	2									0		""	""	""	""	""	""	""	""	""	""	""	""	""
228	2020-01-09T00:00:00	09:34:00	SEM VÍTIMA	FINALIZADA	IMBIRIBEIRA	RUA ITACARI	162	RUA ITAJAI	YNOVE DRYWALL	IMBIRIBEIRA		SUBURBIO	ABALROAMENTO LONGITUDINAL	DOIS AUTOS	2									0		Cruzamento	Bom	Não existe	Perfeito estado	Seca	Perfeito estado	Faixa de pedestre	Placas Pare	30 km/h	Única	Faixa seccionada	""	""
229	2020-01-09T00:00:00	11:10:00	SEM VÍTIMA	FINALIZADA	AFOGADOS	RUA SAO MIGUEL	""	RUA SANTOS ARAUJO	""	AFOGADOS	333	SUBURBIO	COLISÃO TRASEIRA	CAMINHÃO E VT-PM	1						1		1	0		Cruzamento	Bom	Sem defeito	Perfeito estado	Seca	Perfeito estado	Faixa de pedestre	Outras	60 km/h	Dupla	Faixa contínua	""	""
230	2020-01-09T00:00:00	11:18:00	SEM VÍTIMA	CANCELADA	SOLEDADE	AV JOAO DE BARROS	819	""	EM FRENTE AO BANCO SANTANDER	SOLEDADE		CIDADE	COLISÃO	COLISÃO SEM VITIMAS	2									0		""	""	""	""	""	""	""	""	""	""	""	""	""
231	2020-01-09T00:00:00	11:53:00	SEM VÍTIMA	FINALIZADA	CORDEIRO	AV ENGENHEIRO ABDIAS DE CARVALHO	""	AV GENERAL SAN MARTIN	SOB O SEMÁFORO Nº 058	CORDEIRO	58	CIDADE	ABALROAMENTO LONGITUDINAL	COLISAO S/ VITIMA ENTRE VEICULO PARTICULAR E UMA VIATURA DA POLICIA.	1								1	0		Cruzamento	Bom	Sem defeito	Perfeito estado	Seca	Perfeito estado	Faixa de pedestre	Não há placas	""	Dupla	Canteiro central	""	""
232	2020-01-09T00:00:00	12:19:00	SEM VÍTIMA	FINALIZADA	IPSEP	AV RECIFE	2240	""	""	IPSEP		""	COLISÃO TRASEIRA	SEM VITIMA	3									0		Longo da via	Bom	Sem defeito	Incompleta	Seca	Perfeito estado	Não existe	Outras	60 km/h	Dupla	Canteiro central	""	""
233	2020-01-09T00:00:00	12:42:00	SEM VÍTIMA	CANCELADA	CASA AMARELA	RUA VISCONDE DE TAUNAY	286	RUA XAVANTES	E/F A GALERIA	CASA AMARELA		""	COLISÃO	""	2									0		""	""	""	""	""	""	""	""	""	""	""	""	""
234	2020-01-09T00:00:00	13:25:00	COM VÍTIMA	FINALIZADA	IMBIRIBEIRA	AV MARECHAL MASCARENHAS DE MORAES	4861	""	FAC. SAUDE	IMBIRIBEIRA		CIDADE	COLISÃO TRASEIRA	COLISÃO COM VITIMA...BOMBEIRO NO LOCAL	1	1								2		Longo da via	Bom	Sem defeito	Perfeito estado	Seca	Perfeito estado	Não existe	Outras	60 km/h	Dupla	Canteiro central	""	""
235	2020-01-09T00:00:00	13:56:00	SEM VÍTIMA	FINALIZADA	MADALENA	RUA JOAO IVO DA SILVA	""	AV ENGENHEIRO ABDIAS DE CARVALHO	PRÓXIMO DO HABIBS	MADALENA		""	COLISÃO TRASEIRA	COLISÃO SEM VITIMA	1						1			0		Longo da via	Bom	Sem defeito	Perfeito estado	Seca	Perfeito estado	Agente	Não há placas	""	Dupla	Canal	""	""
236	2020-01-09T00:00:00	16:12:00	SEM VÍTIMA	FINALIZADA	ESPINHEIRO	RUA CONS PORTELA	""	RUA QUARENTA E OITO	FARMÁCIA PAGUE MENOS	ESPINHEIRO	11	CIDADE	ABALROAMENTO LONGITUDINAL	COLISAO ENTRE DOIS AUTOS S/V VT 18 NO LOCAL	2									0		Cruzamento	Bom	Sem defeito	Perfeito estado	Seca	Perfeito estado	Faixa de pedestre	R-6a	""	Única	Faixa contínua	""	""
237	2020-01-09T00:00:00	16:31:00	SEM VÍTIMA	FINALIZADA	TORRE	RUA REAL DA TORRE	1288	""	CONSUL ZELIA MACEDO	TORRE		CIDADE	CHOQUE OBJETO FIXO	CAMINÃO CHOCOU-SE COM UM POSTE DE ILUMINAÇÃO							1			0		Longo da via	Bom	Sem defeito	Perfeito estado	Seca	Perfeito estado	Outros	Outras	60 km/h	Única	Faixa seccionada	""	""
238	2020-01-09T00:00:00	16:39:00	SEM VÍTIMA	FINALIZADA	TORRE	RUA CONDE DE IRAJA	494	""	LENDS CLUB TABULEIRA	TORRE		SUBURBIO	ABALROAMENTO LONGITUDINAL	COLISAO ENTRE ONIBUS E AUTO S/V	1					1				0		Longo da via	Bom	Não existe	Perfeito estado	Seca	Perfeito estado	Não existe	R-6a	""	Única	Faixa seccionada	""	""
239	2020-01-09T00:00:00	17:25:00	SEM VÍTIMA	FINALIZADA	IPSEP	AV RECIFE	""	AV DOM HELDER CAMARA	""	IPSEP	55	""	ABALROAMENTO TRANSVERSAL	COLISÃO SEM VÍTIMA	2									0		Cruzamento	Bom	Sem defeito	Perfeito estado	Seca	Perfeito estado	Faixa de pedestre	""	60 km/h	Dupla	Faixa contínua	Canteiro central	""
240	2020-01-09T00:00:00	17:30:00	COM VÍTIMA	FINALIZADA	BOA VISTA	AV GOVERNADOR AGAMENON MAGALHAES	""	""	E/F AO COLEGIO AMERICANO BATISTA NO SEMAFORO 037 S/T OLINDA	BOA VISTA	37	OLINDA	ABALROAMENTO LONGITUDINAL	COLISAO ENTRE DUAS MOTO COM UM VITIMA		2								1		Longo da via	Bom	Sem defeito	Perfeito estado	Seca	Perfeito estado	""	""	60 km/h	Dupla	Canal	""	""
241	2020-01-09T00:00:00	17:36:00	SEM VÍTIMA	FINALIZADA	CASA FORTE	AV DEZESSETE DE AGOSTO	1248	RUA JACO VELOSINO	FARMÁCIA DROGASIL	CASA FORTE		""	COLISÃO FRONTAL	COLISÃO SEM VÍTIMA	2									0		Longo da via	Bom	Não existe	Perfeito estado	Seca	Perfeito estado	Não existe	Outras	""	Dupla	Faixa seccionada	""	""
242	2020-01-09T00:00:00	17:43:00	SEM VÍTIMA	FINALIZADA	CAMPO GRANDE	EST DE BELEM	""	RUA VOLUNTARIOS DA PATRIA	PRÓXIMO A CHURRASCARIA O JARDIM	CAMPO GRANDE		SUBURBIO	COLISÃO TRASEIRA	COLISAO ENTRE DOIS AUTOS S/V	2									0		""	Bom	Não existe	Perfeito estado	Seca	Perfeito estado	Não existe	R-6a	""	Dupla	Faixa seccionada	""	""
243	2020-01-09T00:00:00	18:11:00	SEM VÍTIMA	FINALIZADA	CASA AMARELA	AV DR EURICO CHAVES	667	""	FRENTE IGREJA NOSSA SRA DE LOURDES	CASA AMARELA		SUBURBIO	COLISÃO TRASEIRA	ENTRE DOIS AUTOS S/V	2									0		Longo da via	Bom	Não existe	Perfeito estado	Seca	Perfeito estado	""	Outras	""	Dupla	Não existe	""	""
244	2020-01-09T00:00:00	18:28:00	SEM VÍTIMA	FINALIZADA	SÃO JOSÉ	RUA FLORIANO PEIXOTO	205	""	CASA DA CULTURA	SÃO JOSÉ		SUBURBIO	CHOQUE VEÍCULO PARADO	COLISAO SEM VITINAS	1					1				0		Longo da via	Bom	Não existe	Perfeito estado	Seca	Perfeito estado	Não existe	Não há placas	""	Única	Faixa seccionada	""	""
245	2020-01-09T00:00:00	18:34:00	SEM VÍTIMA	FINALIZADA	AREIAS	AV DR JOSE RUFINO	1454	""	FARMÁCIA DROGASIL	AREIAS	44	""	ABALROAMENTO LONGITUDINAL	CAMINHÃO X AUTO PASSEIO S/V	1						1			0		Longo da via	Bom	Sem defeito	Perfeito estado	Seca	Perfeito estado	Faixa de pedestre	""	60 km/h	Dupla	Faixa seccionada	""	""
246	2020-01-09T00:00:00	19:07:00	SEM VÍTIMA	FINALIZADA	IMBIRIBEIRA	AV MARECHAL MASCARENHAS DE MORAES	6211	""	POSTE DE ILUMINAÇÃO PÚBLICA B 029297 - PRÓXIMO INFRAERO	IMBIRIBEIRA		SUBURBIO	COLISÃO TRASEIRA	ENTRE MOTO X AUTO PASSEIO S/V	1	1								0		Longo da via	Bom	Não existe	Perfeito estado	Seca	Mal conservada	Não existe	Não há placas	""	Dupla	Faixa seccionada	Canteiro central	""
247	2020-01-09T00:00:00	19:12:00	COM VÍTIMA	FINALIZADA	ESTÂNCIA	AV RECIFE	5606	""	AO LADO DO LABORATORIO CERPE/ PROX A ENTRADA DE SAN MARTINS	ESTÂNCIA		CEASA	ABALROAMENTO LONGITUDINAL	COLISAO COM VITIMAS	1	1								1		Longo da via	Bom	Não existe	Perfeito estado	Seca	Perfeito estado	Não existe	Não há placas	60 km/h	Dupla	Canteiro central	""	""
248	2020-01-09T00:00:00	20:06:00	COM VÍTIMA	CANCELADA	ÁGUA FRIA	AV BEBERIBE	""	RUA DR PEREIRA DA SILVA	E/F A CLINICA OFTALMO30	ÁGUA FRIA		""	COLISÃO	AUTO PASSEIO X MOTO COM VÍTIMA	1	1								1		""	""	""	""	""	""	""	""	""	""	""	""	""
249	2020-01-09T00:00:00	20:34:00	COM VÍTIMA	FINALIZADA	AFOGADOS	RUA SAO MIGUEL	""	EST DOS REMEDIOS	PROX A FARMACIA DO TRABALHADOR	AFOGADOS		SUBURBIO	CHOQUE OBJETO FIXO	MOTO X AUTO PASSEIO COM VÍTIMA		1								1		Longo da via	Bom	Sem defeito	Perfeito estado	Seca	Perfeito estado	Não existe	Não há placas	""	Dupla	Faixa contínua	""	""
250	2020-01-09T00:00:00	20:57:00	SEM VÍTIMA	FINALIZADA	BOA VIAGEM	RUA FRANCISCO DA CUNHA	187	RUA PROFESSOR EDUARDO WANDERLEY FILHO	EDIFÍCIO PUERTO VALENCIA	BOA VIAGEM		""	ABALROAMENTO TRANSVERSAL	COLISAO SEM VITIMAS	2									0		Cruzamento	Bom	""	Perfeito estado	Seca	Perfeito estado	Faixa de retenção	Placas Pare	""	Única	""	""	""
251	2020-01-09T00:00:00	21:11:00	SEM VÍTIMA	FINALIZADA	TORRE	RUA DOM MANOEL DA COSTA	87	RUA BELARMINO CARNEIRO	""	TORRE		SUBURBIO	ABALROAMENTO LONGITUDINAL	ENTRE CAMINHÃO X AUTO PASSEIO S/V	1						1			0		Cruzamento	Bom	Não existe	Incompleta	Seca	Mal conservada	Não existe	R-6a	40 km/h	Única	Faixa seccionada	""	""
252	2020-01-09T00:00:00	21:58:00	SEM VÍTIMA	FINALIZADA	CAMPO GRANDE	RUA PROFESSOR FRANCISCO DA TRINDADE	290	""	""	CAMPO GRANDE		SUBURBIO	ABALROAMENTO TRANSVERSAL	ENTRE AUTO PASSEIO X MOTO S/V	1	1								0		Longo da via	Bom	Não existe	Perfeito estado	Seca	Perfeito estado	Não existe	Não há placas	""	Dupla	Faixa seccionada	""	""
253	2020-01-09T00:00:00	22:59:00	COM VÍTIMA	FINALIZADA	BOA VIAGEM	RUA VISCONDE DE JEQUITINHONHA	2938	""	E/F AO CONDOMINIO VIA FARINI	BOA VIAGEM		SUBURBIO	ABALROAMENTO LONGITUDINAL	MOTO X AUTO PASSEIO COM VÍTIMA	1	1								1		Longo da via	Bom	Não existe	Perfeito estado	Seca	Perfeito estado	Não existe	Outras	60 km/h	Dupla	Faixa seccionada	""	""
254	2020-01-10T00:00:00	03:03:00	COM VÍTIMA	FINALIZADA	AFOGADOS	PTE DO MOTOCOLOMBO	""	""	PRÓX A ESTAÇÃO LARGO DA PAZ	AFOGADOS		CIDADE	ABALROAMENTO LONGITUDINAL	COLISÃO ENTRE AUTO E MOTO- COM VÍTIMA	1	1								1		Ponte	Bom	Não existe	Perfeito estado	Seca	Perfeito estado	Não existe	Não há placas	""	Dupla	""	""	""