_id	data	hora	natureza_acidente	situacao	bairro	endereco	numero	detalhe_endereco_acidente	complemento	bairro_cruzamento	num_semaforo	sentido_via	tipo	descricao	auto	moto	ciclom	ciclista	pedestre	onibus	caminhao	viatura	outros	vitimas	vitimasfatais	acidente_verificado	tempo_clima	situacao_semaforo	sinalizacao	condicao_via	conservacao_via	ponto_controle	situacao_placa	velocidade_max_via	mao_direcao	divisao_via1	divisao_via2	divisao_via3
518	2020-01-17T00:00:00	18:50:00	COM VÍTIMA	FINALIZADA	BOA VIAGEM	RUA RIBEIRO DE BRITO	1250	RUA JONATHAS DE VASCONCELOS	ENF AO HOTEL NACIONAL INN // BATERIAS HELIAR	BOA VIAGEM		SUBURBIO	COLISÃO TRASEIRA	FIAT TORO X MOTO	1	1								1		Longo da via	Bom	Não existe	Perfeito estado	Seca	Perfeito estado	Não existe	Outras	""	Única	Faixa seccionada	""	""
519	2020-01-17T00:00:00	19:55:00	SEM VÍTIMA	FINALIZADA	PARNAMIRIM	AV DEZESSETE DE AGOSTO	30	""	E/F A DROGASIL	PARNAMIRIM		SUBURBIO	ABALROAMENTO LONGITUDINAL	ENTRE 2 AUTOS. S/V	2									0		Longo da via	Bom	Não existe	Perfeito estado	Seca	Perfeito estado	Não existe	Não há placas	""	Única	Faixa seccionada	Canteiro central	""
520	2020-01-17T00:00:00	20:52:00	SEM VÍTIMA	FINALIZADA	MORRO DA CONCEIÇÃO	AV NORTE	5210B	RUA DEPUTADO MARIO MONTEIRO	""	MORRO DA CONCEIÇÃO	79	SUBURBIO	ABALROAMENTO LONGITUDINAL	ONIBUS PEDROSA X ONIX	1					1				0		Cruzamento	Bom	Sem defeito	Incompleta	Seca	Mal conservada	Faixa de pedestre	Outras	""	Dupla	Canteiro central	""	""
521	2020-01-17T00:00:00	21:42:00	SEM VÍTIMA	CANCELADA	PRADO	RUA GOMES TABORDA	768	""	E/F AO ESPETINHO PARADA CERTA E LEO CHOPP	PRADO		""	COLISÃO	ENTRE AUTO E MOTO. S/V	1	1								0		""	""	""	""	""	""	""	""	""	""	""	""	""
522	2020-01-17T00:00:00	21:47:00	SEM VÍTIMA	FINALIZADA	BOMBA DO HEMETÉRIO	RUA DAS CRIANCAS	135	RUA BOMBA DO HEMETERIO	""	BOMBA DO HEMETÉRIO		""	ABALROAMENTO LONGITUDINAL	ENTRE 2 AUTOS. S/V	2									0		Cruzamento	Bom	Não existe	Incompleta	Seca	""	Não existe	Outras	""	Dupla	Faixa seccionada	""	""
523	2020-01-17T00:00:00	21:56:00	SEM VÍTIMA	FINALIZADA	COHAB	RUA DR BENIGNO JORDAO DE VASCONCELOS	7	RUA RADIALISTA TORRES FILHO	""	COHAB		CIDADE	ABALROAMENTO LONGITUDINAL	ENTRE VT DA POLÍCIA E MOTO. S/V		1						1		0		Longo da via	Bom	Não existe	Não existente	Seca	Perfeito estado	Não existe	Não há placas	""	Única	Não existe	""	""
524	2020-01-17T00:00:00	22:39:00	SEM VÍTIMA	FINALIZADA	SÃO JOSÉ	RUA IMPERIAL	1198	RUA BOM SUCESSO	AO LADO DA PADARIA PÃO PÃO	SÃO JOSÉ		SUBURBIO	ABALROAMENTO TRANSVERSAL	ONIBUS PARTICULAR X POLO	1					1				0		""	Bom	Não existe	Perfeito estado	Seca	Perfeito estado	Não existe	Não há placas	""	Única	Faixa seccionada	""	""
525	2020-01-18T00:00:00	01:16:00	SEM VÍTIMA	FINALIZADA	MADALENA	AV VISCONDE DE ALBUQUERQUE	""	RUA JOSE OSORIO	""	MADALENA	50	SUBURBIO	ABALROAMENTO LONGITUDINAL	COLISÃO ENTRE AUTO E MOTO- S/V	1	1								0		Cruzamento	Bom	Sem defeito	Perfeito estado	Seca	Perfeito estado	Faixa de pedestre	Outras	""	Única	Faixa contínua	""	""
526	2020-01-18T00:00:00	03:40:00	COM VÍTIMA	FINALIZADA	CORDEIRO	AV CAXANGA	""	""	EM FRENTE A EXPOSIÇÃO DE ANIMAIS	CORDEIRO	135	SUBURBIO	ABALROAMENTO TRANSVERSAL	COLISÃO ENTRE AUTO E MOTO- C/V	1	1								1		Cruzamento	Bom	Sem defeito	Perfeito estado	Seca	Perfeito estado	Faixa de pedestre	Outras	""	Única	Faixa contínua	Faixa seccionada	Canteiro central
527	2020-01-18T00:00:00	09:04:00	SEM VÍTIMA	FINALIZADA	TORRÕES	AV ENGENHEIRO ABDIAS DE CARVALHO	603	""	LADO DO POSTO SHELL- APÓS A UPA DOS TORRÕES	TORRÕES		SUBURBIO	COLISÃO TRASEIRA	DOIS AUTOS	2									0		Longo da via	Bom	Não existe	Perfeito estado	Seca	Perfeito estado	Não existe	Não há placas	60 km/h	Dupla	Canteiro central	""	""
528	2020-01-18T00:00:00	09:27:00	SEM VÍTIMA	FINALIZADA	BOA VIAGEM	RUA DHALIA	53	""	""	BOA VIAGEM		SUBURBIO	ABALROAMENTO LONGITUDINAL	DOIS AUTOS	2									0		Longo da via	Bom	Não existe	Perfeito estado	Seca	Perfeito estado	Não existe	R-6a	""	Única	Não existe	""	""
529	2020-01-18T00:00:00	09:32:00	SEM VÍTIMA	FINALIZADA	AREIAS	RUA ARAPUA	""	""	POR TRÁS DA ESCOLA ISAAC PERIM	AREIAS		SUBURBIO	ABALROAMENTO LONGITUDINAL	MOTO E AUTO	1	1								0		Longo da via	Bom	Não existe	Não existente	Seca	Perfeito estado	Não existe	Não há placas	""	Dupla	Não existe	""	""
530	2020-01-18T00:00:00	10:04:00	SEM VÍTIMA	FINALIZADA	MANGABEIRA	AV PROFESSOR JOSE DOS ANJOS	""	RUA EUCLIDES GOMES DE FREITAS	ESQUINA DAS RUAS	MANGABEIRA		CIDADE	ABALROAMENTO TRANSVERSAL	COLISÃO S/VITIMAS ENTRE UM AUTO E UMA CARRETA (V.T. 03 NO QTH)	1						1			0		""	Bom	Não existe	Incompleta	Seca	Perfeito estado	Não existe	Outras	""	Única	Faixa seccionada	""	""
531	2020-01-18T00:00:00	10:18:00	COM VÍTIMA	FINALIZADA	BEBERIBE	AV BEBERIBE	1095	""	EM FRENTE A FRIGO ALVES	BEBERIBE		SUBURBIO	ATROPELAMENTO ANIMAL	AUTO X ANIMAL		1							1	1		Longo da via	Bom	Não existe	Perfeito estado	Seca	""	Não existe	Não há placas	40 km/h	Dupla	Faixa seccionada	""	""
532	2020-01-18T00:00:00	10:30:00	SEM VÍTIMA	CANCELADA	JORDÃO	AV MARIA IRENE	290	""	RUA DA IGREJA LIRIO DOS VALES	JORDÃO		""	COLISÃO	DOIS AUTOS	2									0		""	""	""	""	""	""	""	""	""	""	""	""	""
533	2020-01-18T00:00:00	11:07:00	SEM VÍTIMA	FINALIZADA	SÃO JOSÉ	C SANTA RITA	595	""	LADO OPOSTO AS TORRES GÊMEAS	SÃO JOSÉ		SUBURBIO	COLISÃO TRASEIRA	DOIS AUTOS	2									0		Longo da via	Bom	Não existe	Perfeito estado	Seca	Perfeito estado	Não existe	Não há placas	""	Dupla	Faixa seccionada	Canteiro central	""
534	2020-01-18T00:00:00	11:52:00	SEM VÍTIMA	FINALIZADA	BOA VISTA	RUA DO GIRIQUITI	18	""	EM FRENTE AO Nº 18	BOA VISTA		CIDADE	COLISÃO TRASEIRA	COLISÃO S/VITIMAS ENTRE DOIS AUTOS	2									0		Longo da via	Bom	Não existe	Perfeito estado	Seca	Perfeito estado	Não existe	Outras	""	Única	Não existe	""	""
535	2020-01-18T00:00:00	12:24:00	SEM VÍTIMA	FINALIZADA	JORDÃO	AV DONA CARENTINA	21	""	ESCOLA ESTADUAL ENELDA RABELO	JORDÃO		SUBURBIO	CHOQUE VEÍCULO PARADO	COLISAO SEM VITIMAS	1					1				0		Longo da via	Bom	Não existe	Perfeito estado	Seca	Perfeito estado	""	""	""	Dupla	Faixa seccionada	""	""
536	2020-01-18T00:00:00	12:32:00	SEM VÍTIMA	FINALIZADA	BOMBA DO HEMETÉRIO	RUA CHA DE ALEGRIA	107	RUA TAMBOARA	""	BOMBA DO HEMETÉRIO		CIDADE	COLISÃO TRASEIRA	ENTRE DUAS MOTOS S/V		2								0		Cruzamento	Bom	Não existe	Perfeito estado	Seca	Perfeito estado	Outros	Outras	""	Dupla	Faixa seccionada	""	""
537	2020-01-18T00:00:00	13:01:00	COM VÍTIMA	FINALIZADA	BOA VIAGEM	RUA SA E SOUZA	580	RUA LUIZ PIMENTEL	E/F A IGREJA DE JESUS CRISTOS DOS ULTIMOS DIAS	BOA VIAGEM		CIDADE	ABALROAMENTO TRANSVERSAL	COLISAO COM VITIMAS	1	1								1		Cruzamento	Bom	Não existe	Perfeito estado	Seca	Perfeito estado	Não existe	Placas Pare	""	Dupla	Faixa seccionada	""	""
538	2020-01-18T00:00:00	14:13:00	SEM VÍTIMA	FINALIZADA	BOA VISTA	RUA SAO GONCALO	497	RUA DA GLORIA	""	BOA VISTA		SUBURBIO	ABALROAMENTO LONGITUDINAL	ENTRE DOIS AUTOS S/V	2									0		""	Bom	Não existe	Perfeito estado	Seca	Perfeito estado	Não existe	Placas Pare	40 km/h	Única	Faixa seccionada	""	""
539	2020-01-18T00:00:00	14:22:00	SEM VÍTIMA	FINALIZADA	ILHA DO RETIRO	RUA SPORT CLUBE DO RECIFE	""	RUA JOAO ELISIO RAMOS	AO LADO DO ESTÁDIO ADELMAR DA COSTA CARVALHO	ILHA DO RETIRO	355	CIDADE	ABALROAMENTO LONGITUDINAL	COLISÃO SEM VITIMA	2									0		""	Bom	Sem defeito	Perfeito estado	Seca	Perfeito estado	""	R-6a	""	Dupla	Faixa contínua	Canteiro central	""
540	2020-01-18T00:00:00	14:27:00	SEM VÍTIMA	FINALIZADA	TORRÕES	""	""	RUA ONZE DE FEVEREIRO	AO LADO DO LAVA JATO BRILHO CAR	TORRÕES		""	ABALROAMENTO LONGITUDINAL	ENTRE AUTO PASSEIO X MOTO COM VÍTIMA	1	1								0		Cruzamento	Bom	Não existe	""	Seca	Perfeito estado	Não existe	Placas Pare	""	Dupla	""	""	""
541	2020-01-18T00:00:00	14:27:00	SEM VÍTIMA	CANCELADA	BOA VIAGEM	RUA JAIME RAMIRO COSTA	176	""	PROX A QUADRA DE TENIS	BOA VIAGEM		""	COLISÃO	COLISAO SEM VITIMAS	2									0		""	""	""	""	""	""	""	""	""	""	""	""	""
542	2020-01-18T00:00:00	14:27:00	SEM VÍTIMA	DUPLICIDADE	COELHOS	RUA SAO GONCALO	7	""	NA RUA DO MERCADO DA BOA VISTA	COELHOS		""	COLISÃO	COLISÃO SEM VITIMA	2									0		""	""	""	""	""	""	""	""	""	""	""	""	""
543	2020-01-18T00:00:00	15:34:00	SEM VÍTIMA	FINALIZADA	JIQUIÁ	RUA SAO MIGUEL	1805	""	""	JIQUIÁ		SUBURBIO	COLISÃO TRASEIRA	COLISÃO SEM VITIMA	2									0		Longo da via	Bom	Sem defeito	Incompleta	Seca	Perfeito estado	Faixa de pedestre	Outras	60 km/h	Dupla	Faixa contínua	""	""
544	2020-01-18T00:00:00	16:02:00	SEM VÍTIMA	FINALIZADA	ARRUDA	RUA DAS MOCAS	752	""	EM FRENTE A IEADALPE	ARRUDA		SUBURBIO	ABALROAMENTO LONGITUDINAL	ENTRE DOIS AUTOS S/V	2									0		Longo da via	Bom	Não existe	Perfeito estado	Seca	Perfeito estado	Não existe	Não há placas	""	Dupla	Faixa seccionada	""	""
545	2020-01-18T00:00:00	16:47:00	SEM VÍTIMA	FINALIZADA	TORREÃO	RUA DJALMA FARIAS	109	""	EM FRENTE AO Nº 109	TORREÃO		SUBURBIO	ABALROAMENTO LONGITUDINAL	AUTO PASSEIO X MOTO S/V	1	1								0		Longo da via	Bom	Não existe	Não existente	Seca	Mal conservada	Não existe	Não há placas	""	Dupla	Não existe	""	""
546	2020-01-18T00:00:00	17:18:00	SEM VÍTIMA	CANCELADA	CASA AMARELA	AV NORTE	""	RUA PADRE LEMOS	E/F A PASSIRA	CASA AMARELA		""	COLISÃO	ENTRE DOIS AUTOS S/V	2									0		""	""	""	""	""	""	""	""	""	""	""	""	""
547	2020-01-18T00:00:00	17:55:00	SEM VÍTIMA	CANCELADA	TORRE	RUA FREI JABOATAO	65	""	E/F AO CARREFOUR DA TORRE	TORRE		""	COLISÃO	ENTRE 2 AUTOS. S/V	2									0		""	""	""	""	""	""	""	""	""	""	""	""	""
548	2020-01-18T00:00:00	20:49:00	COM VÍTIMA	FINALIZADA	IMBIRIBEIRA	RUA ITACARI	162	RUA ITAJAI	GRÁFICA YNOVE	IMBIRIBEIRA		SUBURBIO	ABALROAMENTO TRANSVERSAL	SIENA X VOYAGE	2									1		Cruzamento	Bom	Não existe	Incompleta	Seca	Mal conservada	Não existe	Placas Pare	""	Única	""	""	""
549	2020-01-18T00:00:00	21:26:00	SEM VÍTIMA	FINALIZADA	ÁGUA FRIA	AV BEBERIBE	""	RUA DA REGENERACAO	""	ÁGUA FRIA	187	SUBURBIO	ABALROAMENTO LONGITUDINAL	ENTRE 3 AUTOS. S/V	3									0		Longo da via	Bom	Não existe	Ilegível	Seca	Perfeito estado	Não existe	Não há placas	""	Única	Faixa seccionada	""	""
550	2020-01-19T00:00:00	00:45:00	SEM VÍTIMA	CANCELADA	CAMPO GRANDE	RUA ODORICO MENDES	""	""	EM FRENTE AO CLUBE DAS PÁS	CAMPO GRANDE		""	COLISÃO	COLISÃO ENTRE VEÍCULOS- SEGUIDA DE CHOQUE EM DOIS TÁXIS ESTACIONADOS. SEM VÍTIMAS	4									0		""	""	""	""	""	""	""	""	""	""	""	""	""
551	2020-01-19T00:00:00	02:29:00	SEM VÍTIMA	FINALIZADA	BOA VISTA	RUA DOM BOSCO	""	RUA LUIZ BARBALHO	EM FRENTE AO BATALHÃO DE POLÍCIA RADIOPATRULHA	BOA VISTA		CIDADE	CHOQUE VEÍCULO PARADO	AUTO CHOCOU-SE EM UM VEICULO QUE ENCONTRAVA-SE ESTACIONADO (UM DOS ENVOLVIDOS APRESENTA SINTOMAS DE EMBRIAGUEZ)	2									0		Longo da via	Chuvoso	Não existe	Perfeito estado	Molhada	Perfeito estado	Não existe	R-6a	""	Única	Faixa seccionada	""	""
552	2020-01-19T00:00:00	06:02:00	SEM VÍTIMA	FINALIZADA	SANTO AMARO	AV NORTE	""	""	SENAI	SANTO AMARO	36	""	COLISÃO TRASEIRA	COLISÃO ENTRE AUTO E ÔNIBUS- S/V	1					1				0		Longo da via	Bom	Sem defeito	Perfeito estado	Seca	Perfeito estado	Faixa de pedestre	Outras	""	Dupla	Canteiro central	""	""
553	2020-01-19T00:00:00	06:53:00	COM VÍTIMA	FINALIZADA	ROSARINHO	RUA COUTO MAGALHAES	""	AV SANTOS DUMONT	DE ESQUINA COM O COLEGIO FAZER CRESCER	ROSARINHO		SUBURBIO	ABALROAMENTO LONGITUDINAL	AUTO E MOTO	1	1								1		Esquina	Bom	Não existe	Perfeito estado	Seca	Perfeito estado	Faixa de pedestre	Outras	30 km/h	Única	Não existe	""	""
554	2020-01-19T00:00:00	08:09:00	SEM VÍTIMA	FINALIZADA	CORDEIRO	AV CAXANGA	144	""	EM FRENTE AO SEMÁFORO Nº 080	CORDEIRO	80	SUBURBIO	COLISÃO TRASEIRA	AUTO E ONIBUS	1					1				0		Longo da via	Bom	Sem defeito	Perfeito estado	Seca	Perfeito estado	Faixa de pedestre	R-6a	""	Dupla	Faixa contínua	Canteiro central	""
555	2020-01-19T00:00:00	09:12:00	SEM VÍTIMA	CANCELADA	AFOGADOS	RUA FRANCISCO SILVEIRA	""	""	APOS O LARGO DA PAZ PRIMEIRA A ESQUERDA / SENT AEROPORTO	AFOGADOS		""	COLISÃO	CAMINHAO E AUTO	1						1			0		""	""	""	""	""	""	""	""	""	""	""	""	""
556	2020-01-19T00:00:00	09:35:00	SEM VÍTIMA	FINALIZADA	TEJIPIÓ	AV LIBERDADE	364	""	PRÓXIMO A DELEGACIA DRACO	TEJIPIÓ		SUBURBIO	ABALROAMENTO LONGITUDINAL	SEM VITIMAS	2									0		Longo da via	Bom	Não existe	Não existente	Seca	Perfeito estado	Não existe	Não há placas	""	Dupla	Faixa contínua	""	""
557	2020-01-19T00:00:00	09:51:00	COM VÍTIMA	FINALIZADA	PINA	AV HERCULANO BANDEIRA	950	""	EM FRENTE A JBS VEICULOS	PINA	660	SUBURBIO	CHOQUE OBJETO FIXO	CAMINHAO CHOCOU-SE COM A LOJA / MOTORISTA FOI SOCORRIDO POR TERCEIROS							1			1		Longo da via	Bom	Sem defeito	Perfeito estado	Seca	Perfeito estado	Faixa de pedestre	Outras	60 km/h	Única	Faixa seccionada	""	""
558	2020-01-19T00:00:00	10:07:00	SEM VÍTIMA	FINALIZADA	CORDEIRO	AV CAXANGA	1417	RUA CONEGO ANTONIO CAVALCANTE	""	CORDEIRO		CIDADE	CHOQUE OBJETO FIXO	CHOQUE OBJETO FIXO. VEICULO PASSEIO- NAO A VITIMA	1									0		Cruzamento	Bom	Não existe	Perfeito estado	Seca	Perfeito estado	Outros	Outras	""	Dupla	Não existe	""	""
559	2020-01-19T00:00:00	13:15:00	SEM VÍTIMA	FINALIZADA	TORREÃO	AV NORTE	1726	""	CHEVROLET PEDRAGON	TORREÃO	376	CIDADE	COLISÃO TRASEIRA	COLISÃO SEM VÍTIMA	1					1				0		Longo da via	Bom	Sem defeito	Perfeito estado	Seca	Perfeito estado	Faixa de pedestre	Outras	""	Única	Faixa seccionada	Canteiro central	""
560	2020-01-19T00:00:00	13:33:00	SEM VÍTIMA	FINALIZADA	IMBIRIBEIRA	AV SENADOR ROBERT KENNEDY	350	RUA CONDESSA DE BARRAL	REGIONAL SUL	IMBIRIBEIRA		SUBURBIO	ABALROAMENTO TRANSVERSAL	COLISÃO SEM VÍTIMA	1	1								0		""	Bom	Não existe	Não existente	Seca	Perfeito estado	Não existe	Não há placas	""	Dupla	Não existe	""	""
561	2020-01-19T00:00:00	15:46:00	COM VÍTIMA	FINALIZADA	DOIS IRMÃOS	RUA DOIS IRMAOS	932	""	PRÓX. AO VIADUTO DA BR 101	DOIS IRMÃOS		SUBURBIO	ABALROAMENTO TRANSVERSAL	COLISÃO C/VITIMAS ENTRE UMA MOTO E UM AUTO (V.T 26 NO QTH)	1	1								2		Longo da via	Bom	Sem defeito	Perfeito estado	Seca	Perfeito estado	Não existe	Não há placas	""	Dupla	Faixa contínua	""	""
562	2020-01-19T00:00:00	16:40:00	SEM VÍTIMA	FINALIZADA	ARRUDA	RUA SAO BENTO	84	""	RESIDENCIAL SÃO BENTO	ARRUDA		SUBURBIO	COLISÃO TRASEIRA	COLISÃO S/VITIMAS ENTRE DOIS AUTO	2									0		Longo da via	Bom	Não existe	Perfeito estado	Seca	Perfeito estado	""	Outras	""	Única	Faixa seccionada	""	""
563	2020-01-19T00:00:00	19:37:00	SEM VÍTIMA	CANCELADA	IPUTINGA	AV CAXANGA	""	""	AO LADO DO VIADUTO DA BR-101- E/F A CHEVROLET	IPUTINGA		""	COLISÃO	ENTRE DOIS AUTOS S/V	2									0		""	""	""	""	""	""	""	""	""	""	""	""	""
564	2020-01-19T00:00:00	20:21:00	SEM VÍTIMA	FINALIZADA	SANTO ANTÔNIO	C SANTA RITA	""	""	POSTE DE ILUMINAÇÃO PÚBLICA BO 17446 ( POSTE LADO OPOSTO )	SANTO ANTÔNIO	571	CIDADE	ABALROAMENTO LONGITUDINAL	ONIBUS X AUTO PASSEIO S/V	1					1				0		Longo da via	Bom	Sem defeito	Perfeito estado	Seca	Perfeito estado	Faixa de pedestre	Outras	""	Única	Faixa contínua	Faixa seccionada	""
565	2020-01-19T00:00:00	20:45:00	SEM VÍTIMA	FINALIZADA	TORREÃO	RUA DJALMA FARIAS	""	RUA PADRE MIGUELINHO	""	TORREÃO		CIDADE	ABALROAMENTO TRANSVERSAL	ENTRE AUTO E MOTO. S/V	1	1								0		Cruzamento	Bom	Não existe	Perfeito estado	Seca	Perfeito estado	Não existe	Placas Pare	""	Dupla	Não existe	""	""
566	2020-01-19T00:00:00	20:53:00	COM VÍTIMA	FINALIZADA	CORDEIRO	AV CAXANGA	""	""	E/F A EXPOSIÇÃO DE ANIMAIS	CORDEIRO	235	SUBURBIO	COLISÃO TRASEIRA	AUTO PASSEIO X MOTO COM VÍTIMA	1	1								1		Longo da via	Bom	Sem defeito	Perfeito estado	Seca	Perfeito estado	Faixa de pedestre	""	""	Dupla	Canteiro central	""	""
567	2020-01-19T00:00:00	21:06:00	SEM VÍTIMA	CANCELADA	CASA AMARELA	AV NORTE	""	""	E/F A MATERNIDADE BARROS LIMA	CASA AMARELA		""	COLISÃO	ENTRE 2 AUTOS. S/V	1					1				0		""	""	""	""	""	""	""	""	""	""	""	""	""
568	2020-01-19T00:00:00	21:41:00	COM VÍTIMA	CANCELADA	ESTÂNCIA	AV DR JOSE RUFINO	""	""	PRÓX AO COLÉGIO VISÃO E POSTO IPIRANGA / E/F AO POSTO PETROISA	ESTÂNCIA		""	COLISÃO	ENTRE AUTO E MOTO. C/V	1	1								1		""	""	""	""	""	""	""	""	""	""	""	""	""
569	2020-01-20T00:00:00	07:20:00	COM VÍTIMA	FINALIZADA	TORRE	RUA REAL DA TORRE	1201	""	""	TORRE	108	CIDADE	COLISÃO COM CICLISTA	COLISÃO COM UMA VITIMA AGUARDANDO SAMU		1		1						1		Longo da via	Bom	Sem defeito	Perfeito estado	Seca	Perfeito estado	""	Outras	50 km/h	Única	Faixa	""	""
570	2020-01-20T00:00:00	08:15:00	SEM VÍTIMA	CANCELADA	DERBY	AV GOVERNADOR AGAMENON MAGALHAES	241 A	RUA JORNALISTA PAULO BITTENCOURT	EM FRENTE AO CERPE	DERBY		""	COLISÃO	SEM VITIMAS	1					1				0		""	""	""	""	""	""	""	""	""	""	""	""	""
571	2020-01-20T00:00:00	08:24:00	SEM VÍTIMA	FINALIZADA	DERBY	AV GOVERNADOR AGAMENON MAGALHAES	""	RUA JORNALISTA PAULO BITTENCOURT	AO LADO DO BRADESCO	DERBY		CIDADE	ABALROAMENTO LONGITUDINAL	COLISÃO S/VITIMAS ENTRE UM AUTO E UM ONIBUS (V.T 05 NO QTH)	1					1				0		Cruzamento	Bom	Não existe	Perfeito estado	Seca	Perfeito estado	Faixa de pedestre	Placas Pare	30 km/h	Dupla	Faixa seccionada	""	""
572	2020-01-20T00:00:00	08:28:00	SEM VÍTIMA	FINALIZADA	ESPINHEIRO	RUA QUARENTA E OITO	""	RUA CONS PORTELA	CRUZAMENTO DAS RUAS	ESPINHEIRO	11	""	ABALROAMENTO LONGITUDINAL	SEM VITIMAS	1					1				0		Longo da via	Bom	Sem defeito	Perfeito estado	Seca	Perfeito estado	Faixa de pedestre	""	""	Única	Faixa seccionada	""	""
573	2020-01-20T00:00:00	08:39:00	SEM VÍTIMA	FINALIZADA	IPSEP	AV RECIFE	""	RUA JEAN EMILE FAVRE	EM FRENTE A PADARIA VILLA DO PÃO	IPSEP	130	""	COLISÃO TRASEIRA	COLISÃO S/VITIMAS ENTRE TRES AUTOS	3									0		Longo da via	Bom	Sem defeito	Perfeito estado	Seca	Perfeito estado	""	Não há placas	60 km/h	Dupla	Faixa contínua	Faixa seccionada	Canteiro central
574	2020-01-20T00:00:00	09:18:00	SEM VÍTIMA	FINALIZADA	GRAÇAS	RUA ANTONIO NOVAIS	50	""	""	GRAÇAS		""	ABALROAMENTO LONGITUDINAL	COLISÃO S/VITIMAS ENTRE UMA MOTO E UM AUTO	1	1								0		Longo da via	Bom	Não existe	Perfeito estado	Seca	Perfeito estado	Não existe	Não há placas	""	Única	Não existe	""	""
575	2020-01-20T00:00:00	09:30:00	COM VÍTIMA	FINALIZADA	CORDEIRO	AV GENERAL SAN MARTIN	""	""	EM FRENTE AO HOSPITAL GETULIO VARGAS	CORDEIRO	185	SUBURBIO	ATROPELAMENTO	COM UMA VITIMA AGUARDANDO SOCORRO/ VT 24 NO LOCAL		1			1					1		Longo da via	Bom	Sem defeito	Perfeito estado	Seca	Perfeito estado	""	""	""	Dupla	Faixa contínua	""	""
576	2020-01-20T00:00:00	09:35:00	SEM VÍTIMA	FINALIZADA	MADALENA	RUA JOSE MUCIO MONTEIRO	241	""	""	MADALENA		""	ABALROAMENTO LONGITUDINAL	COLISAO S/ VITIMA. DOIS VEICULOS	2									0		Longo da via	Bom	Não existe	Perfeito estado	Seca	Perfeito estado	Não existe	R-6a	""	Única	Faixa seccionada	""	""
577	2020-01-20T00:00:00	10:09:00	SEM VÍTIMA	FINALIZADA	ESPINHEIRO	RUA CONS PORTELA	""	RUA QUARENTA E OITO	PRÓX. AO SEMÁFORO 011	ESPINHEIRO	11	CIDADE	COLISÃO TRASEIRA	ONIBUS E AUTO GM RODRIGO NO QTH P.O	1					1				0		Cruzamento	Bom	Sem defeito	Perfeito estado	Seca	Perfeito estado	Agente	Outras	40 km/h	Única	""	""	""
578	2020-01-20T00:00:00	10:11:00	SEM VÍTIMA	FINALIZADA	CORDEIRO	RUA TAMBORIL	18	RUA TIJUCAS	RESTAURANTE JOÃO DA CARNE DE SOL	CORDEIRO		CIDADE	COLISÃO FRONTAL	COLISÃO S/VITIMAS ENTRE DOIS AUTOS	1					1				0		""	Bom	Não existe	Perfeito estado	Seca	Perfeito estado	""	Placas Pare	""	Dupla	Não existe	""	""
579	2020-01-20T00:00:00	10:18:00	SEM VÍTIMA	FINALIZADA	IMBIRIBEIRA	AV MARECHAL MASCARENHAS DE MORAES	6211	""	JUSTÇA FEDERAL ( EDIFÍCIO SEDE II)	IMBIRIBEIRA	625	SUBURBIO	COLISÃO TRASEIRA	SEM VITIMAS	2									0		Longo da via	Bom	Sem defeito	Perfeito estado	Seca	Perfeito estado	Faixa de pedestre	Não há placas	60 km/h	Dupla	Canteiro central	""	""
580	2020-01-20T00:00:00	10:43:00	SEM VÍTIMA	FINALIZADA	JORDÃO	RUA DR ANDRADE LYRA	10	""	EM FRENTE AO Nº 10	JORDÃO		CIDADE	COLISÃO TRASEIRA	COLISAO S/ VITIMA. VEICULO E COMBI	2									0		Longo da via	Bom	Não existe	Perfeito estado	Seca	Perfeito estado	Não existe	""	30 km/h	Única	Não existe	""	""
581	2020-01-20T00:00:00	10:34:00	SEM VÍTIMA	FINALIZADA	MADALENA	RUA JOAO IVO DA SILVA	""	""	DENTRO DO TÚNEL DA ABOLIÇÃO	MADALENA		SUBURBIO	ABALROAMENTO LONGITUDINAL	COLISÃO SEM VITIMAS	1					1				0		Longo da via	Bom	Não existe	Perfeito estado	Seca	Perfeito estado	Não existe	Não há placas	""	Única	""	""	""
582	2020-01-20T00:00:00	11:42:00	COM VÍTIMA	FINALIZADA	BOA VIAGEM	AV CONSELHEIRO AGUIAR	""	RUA ERNESTO DE PAULA SANTOS	HABIB'S.	BOA VIAGEM	127	CIDADE	ABALROAMENTO LONGITUDINAL	AUTO E MOTO	1	1								1		Cruzamento	Bom	Sem defeito	Perfeito estado	Seca	Perfeito estado	Faixa de pedestre	Não há placas	60 km/h	Única	Faixa seccionada	""	""
583	2020-01-20T00:00:00	11:59:00	SEM VÍTIMA	FINALIZADA	BOA VISTA	AV GOVERNADOR AGAMENON MAGALHAES	""	""	AO LADO DO COLEGIO AMERICANO BATISTA	BOA VISTA		""	COLISÃO TRASEIRA	COLISAO S/ VITIMA. ENTRE DOIS VEICULOS. GM: ERIVAN SILVA E LEILA. PONTO FIXO NO LOCAL	2									0		Longo da via	Bom	Sem defeito	Perfeito estado	Seca	Perfeito estado	Outros	Outras	60 km/h	Dupla	Canteiro central	""	""