_id	data	hora	natureza_acidente	situacao	bairro	endereco	numero	detalhe_endereco_acidente	complemento	bairro_cruzamento	num_semaforo	sentido_via	tipo	descricao	auto	moto	ciclom	ciclista	pedestre	onibus	caminhao	viatura	outros	vitimas	vitimasfatais	acidente_verificado	tempo_clima	situacao_semaforo	sinalizacao	condicao_via	conservacao_via	ponto_controle	situacao_placa	velocidade_max_via	mao_direcao	divisao_via1	divisao_via2	divisao_via3
647	2020-01-22T00:00:00	09:20:00	SEM VÍTIMA	FINALIZADA	SANTO ANTÔNIO	RUA DO SOL	283	AV GUARARAPES	""	SANTO ANTÔNIO	14	""	ABALROAMENTO LONGITUDINAL	COLISÃO S/VITIMAS ENTRE DOIS AUTOS (IDEMILSON E DIOLAI NO QTH)	2									0		Cruzamento	Bom	Sem defeito	Perfeito estado	Seca	Perfeito estado	Faixa de pedestre	Não há placas	""	Única	Faixa seccionada	""	""
648	2020-01-22T00:00:00	09:25:00	SEM VÍTIMA	CANCELADA	CORDEIRO	RUA ELIZEU CAVALCANTE	58	""	RUA DO RETORNO /DA AV CAXANGA P/AV GENERAL SAM MARTIN	CORDEIRO		""	COLISÃO	SEM VITIMAS	1						1			0		""	""	""	""	""	""	""	""	""	""	""	""	""
649	2020-01-22T00:00:00	09:41:00	SEM VÍTIMA	FINALIZADA	IMBIRIBEIRA	RUA ANTONIO CARDOSO DA FONTE	483	RUA BARAO HOMEM DE MELO	""	IMBIRIBEIRA		""	ABALROAMENTO LONGITUDINAL	SEM VITIMAS	1						1			0		Longo da via	Bom	Não existe	Não existente	Molhada	Mal conservada	Não existe	Não há placas	""	Dupla	Não existe	""	""
650	2020-01-22T00:00:00	09:52:00	COM VÍTIMA	FINALIZADA	AFOGADOS	RUA VINTE E UM DE ABRIL	851	""	E/F AO RECANTO 21 SELF SERVICE	AFOGADOS		SUBURBIO	ABALROAMENTO LONGITUDINAL	COLISÃO C/VITIMAS ENTRE UMA MOT E UM AUTO (V.T 17 NO QTH)	1	1								2		Longo da via	Bom	Não existe	Não existente	Seca	Perfeito estado	Não existe	Não há placas	""	Dupla	Não existe	""	""
651	2020-01-22T00:00:00	09:59:00	SEM VÍTIMA	CANCELADA	MADALENA	RUA BENFICA	""	""	CLUBE INTERNACIONAL	MADALENA		""	COLISÃO	COLISAO S/ VITIMA. ENTRE DOIS VEICULOS. GM: BRANDEIRA E VALDILENE. PONTO FIXO NO LOCAL	2									0		""	""	""	""	""	""	""	""	""	""	""	""	""
652	2020-01-22T00:00:00	10:06:00	SEM VÍTIMA	FINALIZADA	MACAXEIRA	AV NORTE	7536	""	""	MACAXEIRA	424	SUBURBIO	COLISÃO TRASEIRA	SEM VITIMAS	2									0		Longo da via	Bom	Sem defeito	Perfeito estado	Seca	Perfeito estado	Faixa de pedestre	""	""	Única	Faixa seccionada	""	""
653	2020-01-22T00:00:00	11:33:00	SEM VÍTIMA	FINALIZADA	IPUTINGA	AV CAXANGA	""	""	E/F A SOPRANOR	IPUTINGA		CIDADE	COLISÃO	COLISÃO S/VITIMAS ENTRE DOIS AUTOS (ADRIANO ALMEIDA E JOSENILDO BELO NO QTH)	2									0		""	""	""	""	""	""	""	""	""	""	""	""	""
654	2020-01-22T00:00:00	11:33:00	SEM VÍTIMA	FINALIZADA	BOA VISTA	AV GOVERNADOR AGAMENON MAGALHAES	2291	RUA HENRIQUE DIAS	HOSPITAL MEMORIAL SÃO JOSÉ	BOA VISTA	68	""	COLISÃO TRASEIRA	ONIBUS E AUTO PONTO FIXO GM´S JOAO VITOR E MAURICIO SANTOS	1					1				0		Longo da via	Bom	Sem defeito	Perfeito estado	Seca	Perfeito estado	Agente	""	60 km/h	Dupla	Canal	""	""
655	2020-01-22T00:00:00	11:37:00	SEM VÍTIMA	FINALIZADA	GRAÇAS	RUA DOM BOSCO	""	AV GOVERNADOR AGAMENON MAGALHAES	SOB O SEMÁFORO 174	GRAÇAS	174	SUBURBIO	ABALROAMENTO LONGITUDINAL	COLISÃO S/VITIMAS ENTRE DOIS AUTOS (GOLF MIKE E SUP INS PAULINO NO QTH)	2									0		Cruzamento	Bom	Sem defeito	Perfeito estado	Seca	Perfeito estado	Agente	Outras	60 km/h	Única	Não existe	""	""
656	2020-01-22T00:00:00	11:40:00	SEM VÍTIMA	FINALIZADA	BOA VIAGEM	RUA CORONEL SERGIO HENRIQUE CARDIM	""	""	AO LADO DO RESTAURANTE CHICA PITANGA	BOA VIAGEM		SUBURBIO	CHOQUE VEÍCULO PARADO	AUTO E CAMINHÃO	1						1			0		Longo da via	Bom	Não existe	Não existente	Seca	Perfeito estado	Não existe	Não há placas	""	Única	Não existe	""	""
657	2020-01-22T00:00:00	12:17:00	SEM VÍTIMA	FINALIZADA	CASA FORTE	AV DEZESSETE DE AGOSTO	""	RUA SAMUEL FARIAS	ESQUINA DAS RUAS	CASA FORTE		""	ABALROAMENTO LONGITUDINAL	COLISÃO SEM VÍTIMA	2									0		""	Bom	Não existe	Perfeito estado	Seca	Perfeito estado	Não existe	""	""	Dupla	""	""	""
658	2020-01-22T00:00:00	12:47:00	SEM VÍTIMA	CANCELADA	CORDEIRO	AV CAXANGA	""	""	E/F A SEMINOVOS LOCALIZA	CORDEIRO		""	COLISÃO	COLISAO SEM VITIMAS	2									0		""	""	""	""	""	""	""	""	""	""	""	""	""
659	2020-01-22T00:00:00	13:13:00	SEM VÍTIMA	FINALIZADA	BOMBA DO HEMETÉRIO	RUA BOMBA DO HEMETERIO	163	""	""	BOMBA DO HEMETÉRIO		SUBURBIO	ABALROAMENTO LONGITUDINAL	COLISÃO SEM VITIMA	1					1				0		Longo da via	Bom	Não existe	Perfeito estado	Seca	Perfeito estado	Outros	Outras	""	Dupla	Faixa seccionada	""	""
660	2020-01-22T00:00:00	14:04:00	COM VÍTIMA	FINALIZADA	BOA VIAGEM	AV ENGENHEIRO DOMINGOS FERREIRA	3340	RUA FAUSTINO PORTO	APOS A PARADA DO CARREFOUR. EXTRAFARMA	BOA VIAGEM		SUBURBIO	ABALROAMENTO TRANSVERSAL	COM VITIMA	1					1				2		Longo da via	Bom	Não existe	Perfeito estado	Seca	Perfeito estado	Não existe	R-6a	""	Única	Faixa seccionada	""	""
661	2020-01-22T00:00:00	14:11:00	SEM VÍTIMA	FINALIZADA	BOA VISTA	RUA DAS NINFAS	""	""	EM FRENTE AO SEMÁFORO 083	BOA VISTA	83	SUBURBIO	ABALROAMENTO LONGITUDINAL	COLISÃO SEM VITIMA	2									0		Longo da via	Bom	Sem defeito	Perfeito estado	Seca	Perfeito estado	Faixa de pedestre	Outras	""	Dupla	Faixa contínua	Faixa seccionada	""
662	2020-01-22T00:00:00	14:24:00	SEM VÍTIMA	FINALIZADA	BOA VISTA	RUA DO RIACHUELO	425	""	EM FRENTE AO Nº 425	BOA VISTA	92	CIDADE	COLISÃO TRASEIRA	COLISAO SEM VITIMAS	4									0		Longo da via	Bom	Sem defeito	Perfeito estado	Seca	Perfeito estado	Faixa de pedestre	R-6a	""	Única	Não existe	""	""
663	2020-01-22T00:00:00	14:26:00	COM VÍTIMA	FINALIZADA	MADALENA	RUA MONSENHOR JULIO MARIA	127	""	PROX. O TUNEL DA ABOLIÇÃO E A GALERIA CAMPOLINA CENTER	MADALENA		ABDIAS DE CARVALHO	ABALROAMENTO LONGITUDINAL	COLISÃO COM VITIMA	1	1								1		Longo da via	Bom	Não existe	Perfeito estado	Seca	Perfeito estado	""	""	""	Única	Não existe	""	""
664	2020-01-22T00:00:00	15:41:00	SEM VÍTIMA	CANCELADA	ÁGUA FRIA	AV BEBERIBE	""	RUA CORONEL URBANO RIBEIRO DE SENA	ESTAR NO CRUZAMENTO MESMO	ÁGUA FRIA	307	""	COLISÃO	COLISAO SEM VITIMAS	1					1				0		""	""	""	""	""	""	""	""	""	""	""	""	""
665	2020-01-22T00:00:00	16:08:00	COM VÍTIMA	FINALIZADA	CABANGA	AV SATURNINO DE BRITO	""	""	AO LADO DA COMPESA. NA SUBIDA DO VIADUTO DO PINA.	CABANGA		SUBURBIO	COLISÃO TRASEIRA	AUTO E MOTO COM VÍTIMA	1	1								1		Longo da via	Bom	Não existe	Perfeito estado	Seca	Perfeito estado	""	Não há placas	30 km/h	Única	Faixa contínua	""	""
666	2020-01-22T00:00:00	16:22:00	SEM VÍTIMA	FINALIZADA	TEJIPIÓ	AV DR JOSE RUFINO	3694	""	POSTE DE ILUMINAÇÃO Nº H 033924	TEJIPIÓ		CIDADE	COLISÃO TRASEIRA	COLISAO SEM VITMAS	2									0		Longo da via	Bom	Não existe	Perfeito estado	Seca	Perfeito estado	Não existe	Outras	""	Dupla	Faixa contínua	Faixa seccionada	""
667	2020-01-22T00:00:00	16:36:00	SEM VÍTIMA	FINALIZADA	VÁRZEA	PRC PINTO DAMASO	""	""	LADO OPOSTO AO Nº 2005	VÁRZEA		SUBURBIO	ABALROAMENTO TRANSVERSAL	COLISÃO SEM VÍTIMA	2									0		Longo da via	Bom	Não existe	Não existente	Seca	Mal conservada	Não existe	Não há placas	""	Única	Não existe	""	""
668	2020-01-22T00:00:00	16:44:00	COM VÍTIMA	FINALIZADA	SÃO JOSÉ	PRC DAS CINCO PONTAS	""	""	SUBIDA DO VIADUTO CINCO PONTAS	SÃO JOSÉ		SUBURBIO	CHOQUE OBJETO FIXO	""		1								1		Longo da via	Bom	Não existe	Perfeito estado	Seca	Perfeito estado	Não existe	R-4b	""	Dupla	Canteiro central	""	""
669	2020-01-22T00:00:00	18:02:00	SEM VÍTIMA	FINALIZADA	BOA VIAGEM	RUA BARAO DE SOUZA LEAO	1544	""	IMPERIO DOS PAES	BOA VIAGEM		SUBURBIO	ABALROAMENTO LONGITUDINAL	GOL X MOTO	1	1								0		Longo da via	Bom	Não existe	Perfeito estado	Seca	Perfeito estado	Não existe	Não há placas	30 km/h	Única	Faixa seccionada	""	""
670	2020-01-22T00:00:00	18:20:00	SEM VÍTIMA	FINALIZADA	IMBIRIBEIRA	RUA ITAJAI	501	RUA ITACARE	PRÓX A FERREIRA COSTA E ESPAÇO ABERTO	IMBIRIBEIRA		""	CHOQUE OBJETO FIXO	CAMINHÃO SE CHOCOU CONTRA O POSTE- CAUSANDO A QUEDA DO MESMO. O POSTE ESTA OCUPANDO A VIA INTEIRA E O VEÍCULO SE EVADIU DO LOCAL.							1			0		""	""	""	""	""	""	""	""	""	""	""	""	""
671	2020-01-22T00:00:00	19:12:00	SEM VÍTIMA	FINALIZADA	BOA VISTA	RUA GERVASIO PIRES	585	""	AO LADO DO HOSPITAL DO EXÉRCITO - HGE	BOA VISTA	41	""	ABALROAMENTO LONGITUDINAL	HB 20 X COBALT	2									0		Longo da via	Bom	Sem defeito	Perfeito estado	Seca	Perfeito estado	Faixa de pedestre	Não há placas	""	Única	Não existe	""	""
672	2020-01-22T00:00:00	19:52:00	SEM VÍTIMA	FINALIZADA	BOA VISTA	RUA JOSE DE ALENCAR	""	RUA BARAO DE SAO BORJA	""	BOA VISTA		""	ABALROAMENTO TRANSVERSAL	ENTRE 2 AUTOS. S/V	2									0		Cruzamento	Bom	Não existe	Perfeito estado	Seca	Perfeito estado	Não existe	Placas Pare	30 km/h	Única	Não existe	""	""
673	2020-01-22T00:00:00	20:22:00	SEM VÍTIMA	FINALIZADA	CAÇOTE	RUA GUARACI	8	RUA AURORA CACOTE	""	CAÇOTE		SUBURBIO	CHOQUE VEÍCULO PARADO	CAMINHÃO ACABOU SE CHOCANDO CONTRA O VEÍCULO ESTACIONAD. S/V	1						1			0		Longo da via	Bom	Não existe	Não existente	Seca	Perfeito estado	Não existe	Não há placas	""	Dupla	Não existe	""	""
674	2020-01-23T00:00:00	00:43:00	SEM VÍTIMA	FINALIZADA	SÃO JOSÉ	RUA IMPERIAL	1032	""	E/F AO HOTEL CRISTAL	SÃO JOSÉ		SUBURBIO	CHOQUE OBJETO FIXO	VEÍCULO CHOCOU-SE CONTRA O POSTE- DEIXANDO O MESMO FRÁGIL- COM RISCO DE QUEDA.	1									0		Longo da via	Bom	Não existe	Perfeito estado	Seca	Perfeito estado	Não existe	Não há placas	""	Única	Faixa seccionada	""	""
675	2020-01-23T00:00:00	01:00:00	SEM VÍTIMA	FINALIZADA	BOA VIAGEM	RUA DEZ DE JULHO	""	RUA CAMBOIM	""	BOA VIAGEM		""	ABALROAMENTO TRANSVERSAL	COLISÃO ENTRE AUTO E VAN- S/V	1					1				0		Cruzamento	Bom	Não existe	Perfeito estado	Seca	Perfeito estado	Não existe	Placas Pare	60 km/h	Única	Faixa seccionada	""	""
676	2020-01-23T00:00:00	07:32:00	SEM VÍTIMA	CANCELADA	MACAXEIRA	RUA ESTER	25	""	APOS A AGUA MINERAL BURITI A PRIMEIRA RUA A DIREITA	MACAXEIRA		""	COLISÃO	DOIS AUTOS	2									0		""	""	""	""	""	""	""	""	""	""	""	""	""
677	2020-01-23T00:00:00	07:34:00	COM VÍTIMA	FINALIZADA	BOA VISTA	RUA AURORA	""	RUA PRINCESA IZABEL	""	BOA VISTA	22	CIDADE	TOMBAMENTO	MOTO PCF2822 - ÓLEO NA VIA E O CONDUTOR CAIU DEVIDO AO ÓLEO		1								1		Cruzamento	Bom	Sem defeito	Perfeito estado	Oleosa	Perfeito estado	""	Não há placas	40 km/h	Única	Faixa contínua	""	""
678	2020-01-23T00:00:00	09:35:00	SEM VÍTIMA	FINALIZADA	ILHA JOANA BEZERRA	""	""	""	AO LADO DO FORUM DA JOANA BEZERRA	ILHA JOANA BEZERRA	38	SUBURBIO	COLISÃO TRASEIRA	DOIS AUTOS	2									0		Longo da via	Bom	Sem defeito	Perfeito estado	Seca	Perfeito estado	Faixa de pedestre	R-6c	""	Dupla	Canteiro central	""	""
679	2020-01-23T00:00:00	10:19:00	SEM VÍTIMA	FINALIZADA	PRADO	EST DOS REMEDIOS	2034	""	AO LADO DO BOB'S	PRADO		""	COLISÃO TRASEIRA	""	2									0		Longo da via	Bom	Não existe	Perfeito estado	Seca	Perfeito estado	Não existe	R-6a	""	Única	Faixa contínua	""	""
680	2020-01-23T00:00:00	10:35:00	SEM VÍTIMA	FINALIZADA	BAIRRO DO RECIFE	CAIS DO APOLO	""	""	EM FRENTE A PREFEITURA DO RECIFE	BAIRRO DO RECIFE	340	CIDADE	COLISÃO TRASEIRA	DOIS AUTOS	2									0		Longo da via	Bom	Sem defeito	Perfeito estado	Seca	Perfeito estado	Agente	Outras	""	Dupla	Faixa contínua	Canteiro central	""
681	2020-01-23T00:00:00	11:03:00	SEM VÍTIMA	FINALIZADA	SANTO AMARO	AV GOVERNADOR AGAMENON MAGALHAES	130	""	PRÓXIMO AO POSTO DE COMBUSTÍVEL DISLUB	SANTO AMARO	378	""	ABALROAMENTO LONGITUDINAL	SEM VITIMAS	1					1				0		Cruzamento	Bom	Sem defeito	Perfeito estado	Seca	Perfeito estado	Não existe	""	60 km/h	Dupla	Canteiro central	""	""
682	2020-01-23T00:00:00	11:15:00	SEM VÍTIMA	CANCELADA	ILHA DO RETIRO	AV ENGENHEIRO ABDIAS DE CARVALHO	98	""	PROX. AO SPORT- SENT. BR	ILHA DO RETIRO		""	COLISÃO	DOIS AUTOS	2									0		""	""	""	""	""	""	""	""	""	""	""	""	""
683	2020-01-23T00:00:00	11:25:00	COM VÍTIMA	FINALIZADA	CAXANGÁ	AV CAXANGA	1381	""	EM FRENTE AO SUPERMERCADO STYLLO- SENT. CIDADE. IGREJA DE SÃO SEBASTIÃO	CAXANGÁ		CIDADE	COLISÃO	DUAS MOTOS E AUTO GM JOSENILSON FARIAS PONTO FIXO	1	2								2		Longo da via	Bom	""	Perfeito estado	Seca	Perfeito estado	""	""	""	""	""	""	""
684	2020-01-23T00:00:00	11:33:00	SEM VÍTIMA	FINALIZADA	""	RUA GASTAO VIDIGAL	679	""	EM FRENTE AO Nº 679	""		SUBURBIO	COLISÃO TRASEIRA	DOIS AUTOS	2									0		Longo da via	Bom	Não existe	Perfeito estado	Seca	Perfeito estado	Não existe	Não há placas	""	Dupla	Faixa contínua	""	""
685	2020-01-23T00:00:00	12:31:00	COM VÍTIMA	FINALIZADA	PINA	AVENIDA CELSO FURTADO (VIA MANGUE)	""	""	PRAÇA MARCANTONIO VILLAÇA	PINA		CIDADE	COLISÃO TRASEIRA	COLISAO COM VITIMAS		1								1		Longo da via	Bom	Não existe	Perfeito estado	Seca	Perfeito estado	Não existe	R-19	60 km/h	Dupla	Canteiro central	""	""
686	2020-01-23T00:00:00	12:59:00	SEM VÍTIMA	CANCELADA	ENCRUZILHADA	AV JOAO DE BARROS	""	AV NORTE	NO SEMÁFORO 043	ENCRUZILHADA		""	COLISÃO	COLISÃO SEM VÍTIMA	2									0		""	""	""	""	""	""	""	""	""	""	""	""	""
687	2020-01-23T00:00:00	13:21:00	SEM VÍTIMA	FINALIZADA	TORRE	RUA ANTONIO DE PADUA M FERNANDES	666	""	""	TORRE		""	CHOQUE VEÍCULO PARADO	COLISAO SEM VITIMAS	1						1			0		Longo da via	Bom	Não existe	Não existente	Seca	Perfeito estado	Não existe	Não há placas	""	Dupla	Não existe	""	""
688	2020-01-23T00:00:00	14:11:00	SEM VÍTIMA	CANCELADA	MACAXEIRA	AV NORTE	""	""	EM FRENTE AO PARQUE DA MACAXEIRA	MACAXEIRA		SUBURBIO	COLISÃO	COLISÃO SEM VÍTIMA	1						1			0		""	""	""	""	""	""	""	""	""	""	""	""	""
689	2020-01-23T00:00:00	14:11:00	COM VÍTIMA	FINALIZADA	JORDÃO	AV DONA CARENTINA	2	RUA BOANERGES PEREIRA	NA PRAÇA DO JORDÃO	JORDÃO	581	SUBURBIO	COLISÃO TRASEIRA	COLISÃO COM VITIMA		2								2		Longo da via	Bom	Sem defeito	Perfeito estado	Seca	Perfeito estado	Faixa de pedestre	Não há placas	""	Dupla	Não existe	""	""
690	2020-01-23T00:00:00	14:49:00	SEM VÍTIMA	FINALIZADA	ILHA DO RETIRO	RUA SPORT CLUBE DO RECIFE	""	""	EM FRENTE AO SPORT CLUB DO RECIFE	ILHA DO RETIRO	355	SUBURBIO	ABALROAMENTO LONGITUDINAL	COLISÃO SEM VITIMA	2									0		""	Bom	Sem defeito	Ilegível	Seca	Perfeito estado	Agente	Não há placas	40 km/h	Única	Faixa seccionada	""	""
691	2020-01-23T00:00:00	15:54:00	COM VÍTIMA	FINALIZADA	ENCRUZILHADA	AV BEBERIBE	497	""	EM FRENTE A GLAUBEMAR MECÂNICA DE AUTOS	ENCRUZILHADA		CIDADE	COLISÃO	AUTO E MOTOCICLETA	1	1								1		Longo da via	Bom	Não existe	Perfeito estado	Seca	Perfeito estado	Não existe	Não há placas	""	Dupla	Faixa contínua	""	""
692	2020-01-23T00:00:00	16:16:00	SEM VÍTIMA	FINALIZADA	JARDIM SÃO PAULO	AV CENTRAL	""	""	ESTAÇÃO WERNECK	JARDIM SÃO PAULO		SUBURBIO	ABALROAMENTO LONGITUDINAL	COLISÃO SEM VITIMA	1					1				0		Longo da via	Bom	Não existe	Perfeito estado	Seca	Perfeito estado	Não existe	Não há placas	30 km/h	Única	Não existe	""	""
693	2020-01-23T00:00:00	16:38:00	SEM VÍTIMA	FINALIZADA	BOA VIAGEM	RUA VISCONDE DE JEQUITINHONHA	1656	RUA JOSE MOREIRA LEAL	""	BOA VIAGEM		SUBURBIO	ABALROAMENTO TRANSVERSAL	COLISÃO SEM VITIMA	2									0		""	Bom	Não existe	Perfeito estado	Seca	Perfeito estado	Faixa de pedestre	Placas Pare	30 km/h	Única	Faixa seccionada	""	""
694	2020-01-23T00:00:00	17:02:00	SEM VÍTIMA	FINALIZADA	PINA	AV HERCULANO BANDEIRA	716	""	ADVOCACIA GERAL DA UNIÃO	PINA		SUBURBIO	COLISÃO TRASEIRA	COLISÃO SEM VITIMA	2									0		Longo da via	Bom	Não existe	Perfeito estado	Seca	Perfeito estado	Não existe	Não há placas	""	Única	Faixa seccionada	""	""
695	2020-01-23T00:00:00	17:42:00	SEM VÍTIMA	FINALIZADA	SANTO ANTÔNIO	RUA IMPERADOR PEDRO SEGUNDO	221	""	AO LADO DO BANCO SANTANDER	SANTO ANTÔNIO		CIDADE	ABALROAMENTO LONGITUDINAL	COLISÃO SEM VÍTIMA	1						1			0		Longo da via	Bom	Não existe	Perfeito estado	Seca	Perfeito estado	Não existe	Não há placas	""	Única	Faixa seccionada	""	""
696	2020-01-23T00:00:00	18:47:00	SEM VÍTIMA	FINALIZADA	BOA VIAGEM	RUA FRANCISCO DA CUNHA	530	RUA DONA BENVINDA DE FARIAS	AO LADO DO EDF. BESSY	BOA VIAGEM		SUBURBIO	ABALROAMENTO LONGITUDINAL	HRV X TAXI	2									0		Cruzamento	Bom	Não existe	Perfeito estado	Seca	Perfeito estado	Não existe	Placas Pare	""	Única	Não existe	""	""
697	2020-01-23T00:00:00	19:21:00	SEM VÍTIMA	FINALIZADA	IPUTINGA	AV CAXANGA	""	""	ESTAÇÃO DO BRT ENGENHO POETA	IPUTINGA	228	CIDADE	COLISÃO TRASEIRA	COLISAO SEM VITIMAS	2									0		Longo da via	Bom	Sem defeito	Perfeito estado	Seca	Mal iluminada	Faixa de pedestre	Outras	""	Dupla	Canteiro central	""	""
698	2020-01-23T00:00:00	19:25:00	SEM VÍTIMA	DUPLICIDADE	BOA VIAGEM	RUA DONA BENVINDA DE FARIAS	""	RUA FRANCISCO DA CUNHA	NO CRUZAMENTO MESMO	BOA VIAGEM		""	COLISÃO	COLISAO SEM VITIMAS	2									0		""	""	""	""	""	""	""	""	""	""	""	""	""
699	2020-01-23T00:00:00	21:17:00	SEM VÍTIMA	FINALIZADA	DERBY	RUA JENER DE SOUZA	""	""	SEMÁFORO Nº 418	DERBY	418	CIDADE	ABALROAMENTO LONGITUDINAL	COLISAO SEM VITIMAS	1						1			0		Longo da via	Bom	Sem defeito	Perfeito estado	Seca	Perfeito estado	Faixa de pedestre	Outras	""	Única	Faixa contínua	Faixa seccionada	Canteiro central
700	2020-01-23T00:00:00	22:11:00	SEM VÍTIMA	FINALIZADA	BOA VIAGEM	AV MARECHAL JUAREZ TAVORA	440	""	""	BOA VIAGEM		SUBURBIO	COLISÃO TRASEIRA	COLISAO SEM VITIMAS	2									0		Longo da via	Bom	Não existe	Perfeito estado	Seca	Perfeito estado	Não existe	Não há placas	""	Única	Faixa seccionada	""	""
701	2020-01-23T00:00:00	22:23:00	COM VÍTIMA	FINALIZADA	ESPINHEIRO	RUA DO ESPINHEIRO	200	RUA SANTO ELIAS	""	ESPINHEIRO		CIDADE	ABALROAMENTO TRANSVERSAL	COLISAO COM VITIMAS	1	1								1		Cruzamento	Bom	Não existe	Incompleta	Seca	Perfeito estado	Faixa de pedestre	R-6a	""	Única	Faixa contínua	""	""
702	2020-01-24T00:00:00	07:55:00	SEM VÍTIMA	FINALIZADA	TAMARINEIRA	AV CONS ROSA E SILVA	""	RUA CONEGO BARATA	SOB O SEMÁFORO 061 SENTIDO ÚNICO	TAMARINEIRA	61	""	COLISÃO TRASEIRA	COLISAO S/ VITIMA. MOTO E VEICULO. GM: ALISON SANTOS PONTO FIXO NO LOCAL	1	1								0		Cruzamento	Bom	Sem defeito	Perfeito estado	Seca	Perfeito estado	Agente	Não há placas	60 km/h	Única	Não existe	""	""
703	2020-01-24T00:00:00	08:39:00	COM VÍTIMA	FINALIZADA	IPUTINGA	AV CAXANGA	3217	""	E/F A DISNOVE	IPUTINGA		CIDADE	COLISÃO TRASEIRA	COLISÃO C/VITIMAS ENTRE DUAS MOTOS (V.T 15 NO QTH)		2								1		Longo da via	Bom	Não existe	Perfeito estado	Seca	Perfeito estado	Não existe	Outras	""	Dupla	Faixa contínua	Faixa seccionada	Canteiro central
704	2020-01-24T00:00:00	09:25:00	SEM VÍTIMA	CANCELADA	CORDEIRO	RUA DELMIRO GOUVEIA	""	1SB BARAO DE CAMAQUA	RESTAURANTE ESPETINHO LEGAL// FARMACIA DROGAMARIA	CORDEIRO	422	CEASA	COLISÃO	COLISAO S/ VITIMA. ONIBUS E VEICULO	1					1				0		""	""	""	""	""	""	""	""	""	""	""	""	""
705	2020-01-24T00:00:00	10:02:00	SEM VÍTIMA	CANCELADA	DERBY	RUA HENRIQUE DIAS	""	RUA BARAO DE GOIANA	COLEGIO MILITAR	DERBY		""	COLISÃO	COLISAO S/ VITIMA. ENTRE MOTO E VEICULO	1	1								0		""	""	""	""	""	""	""	""	""	""	""	""	""
706	2020-01-24T00:00:00	10:45:00	SEM VÍTIMA	FINALIZADA	TORRÕES	RUA ANTONIO CARLOS	74	""	ESQUINA DO COLEGIO FANTAINHA DE ABREU	TORRÕES		SUBURBIO	ABALROAMENTO LONGITUDINAL	CAMINHAO DE LIXO E AUTO PASSEIO	1						1			0		Longo da via	Bom	Não existe	Incompleta	Seca	Perfeito estado	Não existe	Não há placas	""	Única	Não existe	""	""
707	2020-01-24T00:00:00	11:14:00	SEM VÍTIMA	FINALIZADA	PINA	AV HERCULANO BANDEIRA	840	RUA MANOEL DE BRITO	AO LADO DA PASSARELA DA AV. HERCULANO BANDEIRA	PINA		SUBURBIO	COLISÃO FRONTAL	ONIBUS E AUTO	1					1				0		Longo da via	Bom	Não existe	Perfeito estado	Seca	Perfeito estado	Agente	Não há placas	60 km/h	Única	Faixa seccionada	""	""
708	2020-01-24T00:00:00	11:18:00	SEM VÍTIMA	CANCELADA	CORDEIRO	RUA CAMBUCI	163	RUA ELIZEU CAVALCANTE	NA RUA DA LANCHONETE BARNEY BURGUER	CORDEIRO		""	COLISÃO	COLISÃO S/VITIMAS ENTRE DOIS AUTOS	2									0		""	""	""	""	""	""	""	""	""	""	""	""	""
709	2020-01-24T00:00:00	11:19:00	SEM VÍTIMA	FINALIZADA	DERBY	RUA HENRIQUE DIAS	""	""	EM FRENTE AO COLÉGIO DA POLÍCIA MILITAR	DERBY		CIDADE	ABALROAMENTO LONGITUDINAL	AUTO E MOTO	1	1								0		Longo da via	Bom	Não existe	Perfeito estado	Seca	Perfeito estado	Outros	Não há placas	""	Única	Faixa seccionada	""	""
710	2020-01-24T00:00:00	11:31:00	SEM VÍTIMA	FINALIZADA	SANTO AMARO	AV GOVERNADOR AGAMENON MAGALHAES	3158	""	""	SANTO AMARO		""	ABALROAMENTO LONGITUDINAL	COLISÃO S/VITIMAS ENTRE UM AUTO E CAMINHÃO	1						1			0		Longo da via	Bom	Não existe	Perfeito estado	Seca	Perfeito estado	Não existe	R-6a	""	Dupla	Canteiro central	""	""
711	2020-01-24T00:00:00	11:56:00	SEM VÍTIMA	FINALIZADA	GRAÇAS	AV GOVERNADOR AGAMENON MAGALHAES	1114	RUA DR BANDEIRA FILHO	""	GRAÇAS	173	""	COLISÃO TRASEIRA	COLISÃO SEM VITIMA	2									0		Cruzamento	Bom	Sem defeito	Perfeito estado	Seca	Perfeito estado	Faixa de pedestre	Outras	60 km/h	Dupla	Faixa contínua	Faixa seccionada	Canteiro central
712	2020-01-24T00:00:00	12:47:00	SEM VÍTIMA	FINALIZADA	CASA AMARELA	AV PROFESSOR JOSE DOS ANJOS	""	AV NORTE	""	CASA AMARELA	364	SUBURBIO	ABALROAMENTO LONGITUDINAL	COLISAO S/ VITIMA. CARRETA E VEICULO. VT: 21 NO LOCAL GM: JULIO SANTOS	1						1			0		Cruzamento	Bom	Sem defeito	Perfeito estado	Seca	Perfeito estado	Faixa de pedestre	Outras	""	Única	Faixa seccionada	""	""