_id	data	hora	natureza_acidente	situacao	bairro	endereco	numero	detalhe_endereco_acidente	complemento	bairro_cruzamento	num_semaforo	sentido_via	tipo	descricao	auto	moto	ciclom	ciclista	pedestre	onibus	caminhao	viatura	outros	vitimas	vitimasfatais	acidente_verificado	tempo_clima	situacao_semaforo	sinalizacao	condicao_via	conservacao_via	ponto_controle	situacao_placa	velocidade_max_via	mao_direcao	divisao_via1	divisao_via2	divisao_via3
1162	2020-02-07T00:00:00	18:25:00	SEM VÍTIMA	FINALIZADA	AFOGADOS	AV SUL	""	RUA NICOLAU PEREIRA	AO LADO DA CLÍNICA AGAMENON MAGALHÃES	AFOGADOS		""	ABALROAMENTO LONGITUDINAL	AUTO PASSEIO X CAMINHÃO S/V	1						1			0		Longo da via	Bom	Não existe	Perfeito estado	Seca	Mal conservada	Não existe	Não há placas	""	Única	Faixa seccionada	""	""
1163	2020-02-07T00:00:00	19:01:00	COM VÍTIMA	CANCELADA	IPSEP	RUA JEAN EMILE FAVRE	840	""	E/F AO ARCOMIX	IPSEP		""	COLISÃO	ENTRE AUTO PASSEIO X MOTO COM VÍTIMA	1	1								1		""	""	""	""	""	""	""	""	""	""	""	""	""
1164	2020-02-07T00:00:00	19:02:00	SEM VÍTIMA	FINALIZADA	VÁRZEA	AV AFONSO OLINDENSE	""	AV CAXANGA	""	VÁRZEA		SUBURBIO	ABALROAMENTO LONGITUDINAL	ONIBUS METROPOLITANA X HYUNDAI SANTAFE	1					1				0		Cruzamento	Bom	Sem defeito	Perfeito estado	Seca	Perfeito estado	Faixa de pedestre	Outras	30 km/h	Dupla	Faixa contínua	""	""
1165	2020-02-07T00:00:00	20:39:00	SEM VÍTIMA	FINALIZADA	TORRE	RUA MARQUES DE MARICA	187	""	""	TORRE		SUBURBIO	ABALROAMENTO LONGITUDINAL	FIAT TORO X PRISMA	2									0		Longo da via	Bom	Sem defeito	Perfeito estado	Seca	Perfeito estado	""	""	""	Dupla	Faixa seccionada	""	""
1166	2020-02-07T00:00:00	20:44:00	SEM VÍTIMA	FINALIZADA	TEJIPIÓ	AV DR JOSE RUFINO	""	RUA DO SANCHO	ESTAÇÃO DE METRO TEJIPIO	TEJIPIÓ	434	SUBURBIO	ABALROAMENTO LONGITUDINAL	ENTRE ONIBUS X AUTO PASSEIO S/V	1					1				0		Longo da via	Bom	Sem defeito	Perfeito estado	Seca	Perfeito estado	Faixa de pedestre	Outras	""	Dupla	Faixa contínua	""	""
1167	2020-02-07T00:00:00	21:28:00	SEM VÍTIMA	FINALIZADA	DERBY	AV GOVERNADOR AGAMENON MAGALHAES	""	RUA AMAURI DE MEDEIROS	""	DERBY		""	COLISÃO TRASEIRA	ENTRE AUTO PASSEIO X ONIBUS S/V	1					1				0		Longo da via	Bom	Não existe	Perfeito estado	Seca	Perfeito estado	Não existe	Não há placas	60 km/h	Dupla	Canal	""	""
1168	2020-02-07T00:00:00	22:22:00	SEM VÍTIMA	FINALIZADA	CASA FORTE	AV FLOR DE SANTANA	357	AV DEZESSETE DE AGOSTO	BURGUER KING	CASA FORTE	614	""	ABALROAMENTO LONGITUDINAL	ENTRE DOIS AUTOS S/V	2									0		Longo da via	Bom	Sem defeito	Perfeito estado	Seca	Perfeito estado	Faixa de pedestre	Outras	""	Dupla	Faixa seccionada	""	""
1169	2020-02-07T00:00:00	23:42:00	SEM VÍTIMA	FINALIZADA	ÁGUA FRIA	RUA GUARUJA	""	""	E/F AO ESPETINHO DO BEU	ÁGUA FRIA		CIDADE	CHOQUE VEÍCULO PARADO	VOYAGE X ONIX	2									0		Longo da via	Bom	Não existe	Não existente	Seca	Perfeito estado	Não existe	Não há placas	""	Dupla	Não existe	""	""
1170	2020-02-08T00:00:00	06:34:00	COM VÍTIMA	FINALIZADA	BOA VIAGEM	RUA CAPITAO ZUZINHA	400	RUA RIO AZUL	GALERIA RIO AZUL// RESTAURANTE MARINHOS BAR	BOA VIAGEM		CIDADE	ABALROAMENTO LONGITUDINAL	COLISAO COM VITIMA. ENTRE VEICULO E MOTO	1	1								1		Cruzamento	Bom	Sem defeito	Perfeito estado	Seca	Perfeito estado	Não existe	""	""	Única	Não existe	""	""
1171	2020-02-08T00:00:00	08:22:00	COM VÍTIMA	FINALIZADA	IPSEP	AV RECIFE	1470	""	EM FRENTE AO POSTO BR	IPSEP		AEROPORTO	COLISÃO TRASEIRA	MOTO E AUTO	1	1								1		Longo da via	Bom	Não existe	Perfeito estado	Seca	Perfeito estado	Não existe	Outras	60 km/h	Dupla	Canteiro central	""	""
1172	2020-02-08T00:00:00	09:08:00	SEM VÍTIMA	FINALIZADA	BOA VIAGEM	RUA DOS NAVEGANTES	3672	""	""	BOA VIAGEM		SUBURBIO	ABALROAMENTO LONGITUDINAL	COLISÃO S/VITIMAS ENTRE UM CAMINHÃO E UM AUTO (V.T 18 QTH)	1						1			0		Longo da via	Bom	Não existe	Perfeito estado	Seca	Perfeito estado	Não existe	Não há placas	""	Única	Não existe	""	""
1173	2020-02-08T00:00:00	09:09:00	SEM VÍTIMA	FINALIZADA	BOA VIAGEM	AV FERNANDO SIMOES BARBOSA	22	""	GALERIA SANTO ANTONIO	BOA VIAGEM	321	SUBURBIO	ABALROAMENTO LONGITUDINAL	CAMINHÃO E AUTO	1						1			0		Longo da via	Bom	Sem defeito	Perfeito estado	Seca	Perfeito estado	Outros	R-6a	""	Dupla	Faixa seccionada	Canal	""
1174	2020-02-08T00:00:00	09:49:00	SEM VÍTIMA	FINALIZADA	AFOGADOS	EST DOS REMEDIOS	1988	RUA PADRE GABRIEL MOUSINHO	AO LADO HC PNEUS	AFOGADOS		CIDADE	ABALROAMENTO TRANSVERSAL	DOIS AUTOS / EXISTE CRIANÇA DE COLO NO LOCAL	2									0		Cruzamento	Bom	Não existe	Perfeito estado	Seca	Perfeito estado	Outros	Placas Pare	60 km/h	Única	Faixa contínua	""	""
1175	2020-02-08T00:00:00	10:36:00	SEM VÍTIMA	FINALIZADA	SANTO AMARO	AV PREFEITO ARTUR LIMA CAVALCANTI	""	RUA DONA LEONOR PORTO	EM FRENTE A PRAÇA OMZE DE JUNHO	SANTO AMARO		SUBURBIO	ABALROAMENTO LONGITUDINAL	COLISAO S/ VITIMA. ENTRE DOIS VEICULOS	2									0		Longo da via	Bom	Sem defeito	Perfeito estado	Seca	Perfeito estado	Não existe	Não há placas	""	Única	Faixa seccionada	""	""
1176	2020-02-08T00:00:00	10:57:00	COM VÍTIMA	FINALIZADA	ALTO JOSÉ BONIFÁCIO	RUA ALTO JOSE BONIFACIO	152	""	PRÓX. A RODINHA	ALTO JOSÉ BONIFÁCIO		SUBURBIO	ABALROAMENTO LONGITUDINAL	COLISÃO C/VITIMA ENTRE UMA MOTO E UM CAMINHÃO (EVADIU-SE DO LOCAL) // GM LINDENBERG NO QTH		1					1			1		Longo da via	Bom	Não existe	Incompleta	Seca	""	Não existe	Não há placas	""	Dupla	Não existe	""	""
1177	2020-02-08T00:00:00	11:25:00	COM VÍTIMA	FINALIZADA	PARNAMIRIM	RUA TITO ROSAS	""	AV PARNAMIRIM	""	PARNAMIRIM	10	""	ATROPELAMENTO	ÔNIBUS E PEDESTRE					2	1				2		Cruzamento	Bom	Sem defeito	Perfeito estado	Seca	Perfeito estado	Faixa de pedestre	Não há placas	40 km/h	Única	Faixa seccionada	""	""
1178	2020-02-08T00:00:00	11:27:00	SEM VÍTIMA	FINALIZADA	CASA FORTE	PRC RADIO JORNAL DO COMERCIO	""	""	AO LADO DO SHOPPING PLAZA	CASA FORTE	345	SUBURBIO	COLISÃO TRASEIRA	DOIS AUTOS	1					1				0		Longo da via	Bom	Sem defeito	Perfeito estado	Seca	Perfeito estado	Faixa de pedestre	Outras	""	Única	Faixa contínua	Faixa seccionada	""
1179	2020-02-08T00:00:00	11:33:00	SEM VÍTIMA	FINALIZADA	AREIAS	AV RECIFE	""	AV RECIFE	EM FRENTE AO SEMÁFORO 620	AREIAS	620	SUBURBIO	COLISÃO TRASEIRA	TRES AUTOS	3									0		Longo da via	Bom	Sem defeito	Perfeito estado	Seca	Perfeito estado	Faixa de pedestre	Não há placas	""	Dupla	Canteiro central	""	""
1180	2020-02-08T00:00:00	11:37:00	SEM VÍTIMA	FINALIZADA	CIDADE UNIVERSITÁRIA	AV CAXANGA	4435	""	CHURRASCARIA BOI E BRASA	CIDADE UNIVERSITÁRIA	230	CIDADE	ABALROAMENTO TRANSVERSAL	DOIS AUTOS	2									0		Longo da via	Bom	Sem defeito	Perfeito estado	Seca	Perfeito estado	Faixa de pedestre	R-26	""	Dupla	Canteiro central	""	""
1181	2020-02-08T00:00:00	11:47:00	SEM VÍTIMA	CANCELADA	COHAB	AV SANTA FE	523	AV ANGRA DOS REIS	EM FRENTE A FARMACIA RECIFARMA	COHAB		""	COLISÃO	ONIBUS E AUTO	1					1				0		""	""	""	""	""	""	""	""	""	""	""	""	""
1182	2020-02-08T00:00:00	12:10:00	SEM VÍTIMA	CANCELADA	IBURA	AV DOIS RIOS	84	""	EM FRENTE AO LABORATORIO GILSON CIDRIM	IBURA		""	COLISÃO	MOTO E AUTO	1	1								0		""	""	""	""	""	""	""	""	""	""	""	""	""
1183	2020-02-08T00:00:00	12:30:00	SEM VÍTIMA	FINALIZADA	BOA VIAGEM	AV BOA VIAGEM	2234	RUA HENRIQUE CAPITULINO	EDF. VILA AZUL	BOA VIAGEM	663	CIDADE	COLISÃO TRASEIRA	TRES AUTOS	3									0		""	Bom	Sem defeito	Perfeito estado	Seca	Perfeito estado	Faixa de pedestre	Não há placas	""	Única	Faixa contínua	""	""
1184	2020-02-08T00:00:00	12:38:00	SEM VÍTIMA	CANCELADA	PINA	RUA FRANCISCO DA CUNHA	""	""	AO LADO DO CARREFUR	PINA		""	COLISÃO	COLISAO SEM VITIMAS	1	1								0		""	""	""	""	""	""	""	""	""	""	""	""	""
1185	2020-02-08T00:00:00	13:38:00	SEM VÍTIMA	FINALIZADA	ESPINHEIRO	RUA QUARENTA E OITO	""	RUA CONS PORTELA	""	ESPINHEIRO	11	CIDADE	ABALROAMENTO LONGITUDINAL	AUTO E ONIBUS	1					1				0		Cruzamento	Bom	Sem defeito	Perfeito estado	Seca	Perfeito estado	Faixa de pedestre	Não há placas	""	Única	Faixa seccionada	""	""
1186	2020-02-08T00:00:00	13:43:00	SEM VÍTIMA	FINALIZADA	CASA AMARELA	AV NORTE	""	""	EM FRENTE A ESCOLA DE REFERÊNCIA DE ENSINO MÉDIO CLOTILDE	CASA AMARELA		""	ABALROAMENTO LONGITUDINAL	DOIS AUTOS	2									0		Longo da via	Bom	Não existe	Perfeito estado	Seca	Perfeito estado	Não existe	Não há placas	60 km/h	Dupla	""	""	""
1187	2020-02-08T00:00:00	14:54:00	SEM VÍTIMA	FINALIZADA	ESTÂNCIA	AV RECIFE	""	""	EM FRENTE AO SEMÁFORO Nº 261	ESTÂNCIA	261	SUBURBIO	COLISÃO TRASEIRA	COLISAO SEM VITIMAS	2									0		Longo da via	Bom	Sem defeito	Perfeito estado	Seca	Perfeito estado	Faixa de pedestre	Não há placas	""	Dupla	Canteiro central	""	""
1188	2020-02-08T00:00:00	14:56:00	SEM VÍTIMA	FINALIZADA	IBURA	AV DOIS RIOS	""	RUA RIO XINGU	POSTO DE COMBUSTÍVEL BR	IBURA	351	CIDADE	COLISÃO TRASEIRA	COLISAO SEM VITIMAS	2									0		Cruzamento	Bom	Sem defeito	Perfeito estado	Seca	Perfeito estado	Faixa de pedestre	Não há placas	""	Dupla	Faixa contínua	""	""
1189	2020-02-08T00:00:00	16:12:00	SEM VÍTIMA	FINALIZADA	DOIS IRMÃOS	RUA DOIS IRMAOS	1082	""	EM FRENTE A COMPESA- PROX. A PRAÇA FARIA NEVES	DOIS IRMÃOS		SUBURBIO	COLISÃO	DOIS AUTOS	2									0		Longo da via	Bom	Não existe	Perfeito estado	Seca	Perfeito estado	Outros	Outras	""	Dupla	Faixa contínua	""	""
1190	2020-02-08T00:00:00	16:28:00	SEM VÍTIMA	FINALIZADA	SANTANA	RUA SANTANA	470	RUA LEOPOLDINO SILVA	AO LADO DO Nº 459	SANTANA		SUBURBIO	COLISÃO TRASEIRA	COLISAO SEM VITIMAS	2									0		Cruzamento	Bom	Não existe	Incompleta	Seca	Perfeito estado	Não existe	Não há placas	30 km/h	Dupla	""	""	""
1191	2020-02-08T00:00:00	21:37:00	SEM VÍTIMA	CANCELADA	ROSARINHO	AV NORTE	1987	""	SENTIDO OPOSTO DA NISSAN	ROSARINHO		""	COLISÃO	ONIBUS PEDROSA X	1					1				0		""	""	""	""	""	""	""	""	""	""	""	""	""
1192	2020-02-08T00:00:00	22:54:00	SEM VÍTIMA	FINALIZADA	SANTO ANTÔNIO	AV MARTINS DE BARROS	""	""	LADO OPOSTO AO TERMINAL CAIS DE SANTA RITA	SANTO ANTÔNIO		CIDADE	ABALROAMENTO LONGITUDINAL	CAMINHAO X PALIO OBS: VT 20 DA CTTU ESTA NO LOCAL	1						1			0		Longo da via	Bom	Não existe	Perfeito estado	Seca	Perfeito estado	Não existe	Não há placas	""	Dupla	Faixa seccionada	""	""
1193	2020-02-09T00:00:00	00:55:00	SEM VÍTIMA	FINALIZADA	SANTO ANTÔNIO	AV GUARARAPES	120	""	EDF. CONDE DA BOA VISTA	SANTO ANTÔNIO		SUBURBIO	CHOQUE VEÍCULO PARADO	COLISÃO ENTRE DUAS VIATUAS DA GM S/V	2									0		Longo da via	Bom	Não existe	Perfeito estado	Seca	Perfeito estado	Faixa de pedestre	Não há placas	""	Dupla	Faixa seccionada	Canteiro central	""
1194	2020-02-09T00:00:00	02:51:00	SEM VÍTIMA	FINALIZADA	DERBY	PRC DO DERBY	115	""	MEDICINA NUCLEAR CEMUPE	DERBY		CIDADE	ABALROAMENTO LONGITUDINAL	COLISÃO ENTRE DOIS AUTOS S/V	2									0		Longo da via	Bom	Não existe	Perfeito estado	Seca	Perfeito estado	Faixa de pedestre	Outras	""	Única	Faixa seccionada	""	""
1195	2020-02-09T00:00:00	06:54:00	COM VÍTIMA	CANCELADA	DERBY	RUA DR SEVERINO PINHEIRO	""	""	NA DECIDA DA PONTE DO DERBY	DERBY		""	COLISÃO	COLISAO CO VITIMAS	1	1								1		""	""	""	""	""	""	""	""	""	""	""	""	""
1196	2020-02-09T00:00:00	12:30:00	SEM VÍTIMA	FINALIZADA	VÁRZEA	AV AFONSO OLINDENSE	890	""	""	VÁRZEA		SUBURBIO	ABALROAMENTO TRANSVERSAL	COLISÃO SEM VÍTMA	2									0		Longo da via	Bom	Não existe	Perfeito estado	Seca	Perfeito estado	Não existe	Outras	40 km/h	Dupla	Faixa contínua	""	""
1197	2020-02-09T00:00:00	15:14:00	SEM VÍTIMA	FINALIZADA	IPSEP	AV RECIFE	3335	""	""	IPSEP		""	COLISÃO TRASEIRA	COLISÃO SEM VÍTIMA	2									0		Longo da via	Bom	Sem defeito	Perfeito estado	Seca	Perfeito estado	Faixa de pedestre	Outras	""	Dupla	Canteiro central	""	""
1198	2020-02-09T00:00:00	15:24:00	SEM VÍTIMA	CANCELADA	BOA VIAGEM	AV CONSELHEIRO AGUIAR	1540	""	EM FRENTE AO POSTO DE GASOLINA PETROBRAS	BOA VIAGEM		""	COLISÃO	COLISÃO SEM VÍTIMA	2									0		""	""	""	""	""	""	""	""	""	""	""	""	""
1199	2020-02-09T00:00:00	16:27:00	SEM VÍTIMA	FINALIZADA	SANTO ANTÔNIO	AV MARTINS DE BARROS	""	PTE BUARQUE DE MACEDO	POSTE Nº H 037103 ( AO LADO )	SANTO ANTÔNIO	164	""	ABALROAMENTO LONGITUDINAL	COLISÃO SEM VÍTIMA	1					1				0		""	Bom	Sem defeito	Perfeito estado	Seca	Perfeito estado	Faixa de pedestre	Outras	""	Única	Faixa seccionada	""	""
1200	2020-02-09T00:00:00	16:44:00	SEM VÍTIMA	FINALIZADA	NOVA DESCOBERTA	RUA CORREGO DO JOAQUIM	720	""	OPOSTO AO Nº 720	NOVA DESCOBERTA		CIDADE	CHOQUE VEÍCULO PARADO	COLISAO SEM VITIMAS	1					1				0		Longo da via	Bom	Não existe	Não existente	Seca	Perfeito estado	Não existe	Não há placas	""	""	Não existe	""	""
1201	2020-02-09T00:00:00	17:26:00	SEM VÍTIMA	CANCELADA	ÁGUA FRIA	RUA MANOEL SILVA	320	""	EM FRENTE AO BAR DO BEU	ÁGUA FRIA		""	COLISÃO	COLISÃO SEM VÍTIMA	2									0		""	""	""	""	""	""	""	""	""	""	""	""	""
1202	2020-02-09T00:00:00	17:34:00	COM VÍTIMA	FINALIZADA	IPSEP	AV RECIFE	652	""	LADO OPOSTO A FALCAO EQUIPADORA /SENTIDO CEASA	IPSEP		CIDADE	COLISÃO TRASEIRA	COLISAO COM VITIMA	1	1								1		Longo da via	Bom	Não existe	Perfeito estado	Seca	Perfeito estado	Não existe	R-6a	""	Dupla	Faixa seccionada	""	""
1203	2020-02-09T00:00:00	18:16:00	SEM VÍTIMA	FINALIZADA	TORRE	RUA MARQUES DE MARICA	""	RUA SOUZA BANDEIRA	""	TORRE	317	SUBURBIO	COLISÃO TRASEIRA	TOYOTA X FIAT MOBI	2									0		Cruzamento	Bom	Sem defeito	Ilegível	Seca	Mal iluminada	Faixa de pedestre	Não há placas	""	Dupla	Não existe	""	""
1204	2020-02-09T00:00:00	19:40:00	COM VÍTIMA	FINALIZADA	SAN MARTIN	AV CONSUL VILARES FRAGOSO	380	RUA ITAPEMIRIM	POR TRAS DA CAVALERIA	SAN MARTIN		CIDADE	COLISÃO FRONTAL	MOTO X CLIO	1	1								1		Cruzamento	Bom	Não existe	Não existente	Seca	Mal iluminada	Não existe	R-6a	""	Dupla	Não existe	""	""
1205	2020-02-09T00:00:00	20:37:00	SEM VÍTIMA	FINALIZADA	BOA VIAGEM	AV MARECHAL MASCARENHAS DE MORAES	""	""	LADO OPOSTO A ANAC	BOA VIAGEM	625	SUBURBIO	CHOQUE OBJETO FIXO	VEÍCULO CHOCOU-SE COM POSTE SEMAFÓRICO (SEM 625)	1									0		Longo da via	Bom	""	Perfeito estado	Seca	Perfeito estado	Faixa de pedestre	Outras	""	Única	Faixa contínua	""	""
1206	2020-02-09T00:00:00	21:08:00	COM VÍTIMA	FINALIZADA	CASA FORTE	AV DEZESSETE DE AGOSTO	675	RUA LAURINDO COELHO	ENF. AO BANCO ITAU	CASA FORTE		SUBURBIO	ABALROAMENTO LONGITUDINAL	MOTO X HB 20	1	1								1		Esquina	Bom	Não existe	Ilegível	Seca	Mal iluminada	Não existe	Não há placas	""	Dupla	Faixa seccionada	""	""
1207	2020-02-09T00:00:00	22:12:00	SEM VÍTIMA	FINALIZADA	VÁRZEA	RUA AMARO GOMES POROCA	252	""	BRAZETUS ( VÁRZEA )	VÁRZEA		SUBURBIO	ABALROAMENTO LONGITUDINAL	MOTO X GOL	1		1							0		Longo da via	Bom	Não existe	Perfeito estado	Seca	Perfeito estado	Não existe	Não há placas	""	Dupla	Faixa seccionada	""	""
1208	2020-02-10T00:00:00	00:58:00	SEM VÍTIMA	CANCELADA	BOA VIAGEM	RUA ERNESTO DE PAULA SANTOS	""	RUA VISCONDE DE JEQUITINHONHA	EM FRENTE AO SUPERMERCADO SOBERANO	BOA VIAGEM	304	""	COLISÃO	COLISÃO ENTRE DOIS AUTOS- SEM VÍTIMAS	2									0		""	""	""	""	""	""	""	""	""	""	""	""	""
1209	2020-02-10T00:00:00	05:56:00	COM VÍTIMA	FINALIZADA	ILHA DO LEITE	AV GOVERNADOR AGAMENON MAGALHAES	""	RUA PAISSANDU	NO CRUZAMENTO	ILHA DO LEITE	69	SUBURBIO	COLISÃO TRASEIRA	COM DUAS VITIMAS AGUARDANDO SAMU	1	1								1		Longo da via	Chuvoso	Sem defeito	Perfeito estado	Molhada	Perfeito estado	Faixa de pedestre	Não há placas	60 km/h	Dupla	Canteiro central	""	""
1210	2020-02-10T00:00:00	06:14:00	SEM VÍTIMA	FINALIZADA	ÁGUA FRIA	RUA SAO BENTO	""	EST VELHA DE AGUA FRIA	POSTO PNB NORTE BRAZ	ÁGUA FRIA		SUBURBIO	ABALROAMENTO LONGITUDINAL	MOTO E AUTO	1	1								0		Cruzamento	Bom	Não existe	Perfeito estado	Seca	Perfeito estado	""	""	""	Dupla	Faixa contínua	Blocos	""
1211	2020-02-10T00:00:00	07:52:00	COM VÍTIMA	FINALIZADA	JAQUEIRA	RUA SIMAO MENDES	92	RUA FLORIANOPOLIS	EM FRENTE AO EDF MAIRIYARAS VILLAGE	JAQUEIRA		CIDADE	ABALROAMENTO TRANSVERSAL	COM UMA VITIMA AGUARDANDO SAMU	1	1								1		Esquina	Bom	Não existe	Incompleta	Seca	Perfeito estado	Não existe	Não há placas	""	Dupla	Não existe	""	""
1212	2020-02-10T00:00:00	08:09:00	COM VÍTIMA	FINALIZADA	MADALENA	RUA BENFICA	929	""	""	MADALENA		CIDADE	COLISÃO COM CICLISTA	COM UMA VÍTIMA	1			1						1		Longo da via	Bom	Sem defeito	Perfeito estado	Seca	Perfeito estado	Não existe	Não há placas	""	Dupla	Faixa contínua	""	""
1213	2020-02-10T00:00:00	08:33:00	SEM VÍTIMA	FINALIZADA	ENCRUZILHADA	AV BEBERIBE	""	""	LADO OPOSTO AO Nº 376 - GALERIA CAMPOS	ENCRUZILHADA	238	CIDADE	COLISÃO TRASEIRA	COLISAO COM VITIMA. ENTRE VEICULO E MOTO	1	1								0		Longo da via	Bom	Sem defeito	Perfeito estado	Seca	Perfeito estado	Faixa de pedestre	R-4a	""	Dupla	Faixa seccionada	""	""
1214	2020-02-10T00:00:00	08:47:00	SEM VÍTIMA	FINALIZADA	MACAXEIRA	AV NORTE	7051	""	50 M DO POSTO DE COMBUSTÍBEL SOLAR	MACAXEIRA		CIDADE	COLISÃO TRASEIRA	COLISÃO S/VITIMAS ENTRE DOIS AUTOS	2									0		Longo da via	Bom	Não existe	Perfeito estado	Seca	Perfeito estado	Não existe	Não há placas	""	Única	Faixa seccionada	""	""
1215	2020-02-10T00:00:00	08:50:00	SEM VÍTIMA	FINALIZADA	BOA VIAGEM	AV ENGENHEIRO DOMINGOS FERREIRA	1229	""	OPOSTO AO BIG BOMPREÇO	BOA VIAGEM		SUBURBIO	ABALROAMENTO LONGITUDINAL	DOIS AUTOS	2									0		Longo da via	Bom	Não existe	Perfeito estado	Seca	Perfeito estado	Não existe	Outras	""	Única	Faixa seccionada	Canteiro central	""
1216	2020-02-10T00:00:00	09:26:00	COM VÍTIMA	FINALIZADA	PINA	AV ANTONIO DE GOES	260	""	EM FRENTE À SAMSUNG	PINA	103	CIDADE	ATROPELAMENTO	MOTO E PEDESTRE. O PEDESTRE EVADIU-SE DO LOCAL.		1			1					1		Longo da via	Bom	Sem defeito	Perfeito estado	Seca	Perfeito estado	Agente	Não há placas	60 km/h	Única	Faixa seccionada	""	""
1217	2020-02-10T00:00:00	09:33:00	SEM VÍTIMA	FINALIZADA	BOA VISTA	RUA DA AURORA	371	RUA DO RIACHUELO	""	BOA VISTA	579	""	ABALROAMENTO LONGITUDINAL	COLISÃO S/VITIMAS ENTRE DOIS AUTOS (GM MEDEIROS E MARCELO APOLINÁRIO NO QTH)	2									0		Longo da via	Bom	Sem defeito	Perfeito estado	Seca	Perfeito estado	Agente	Outras	""	Única	Faixa seccionada	""	""
1218	2020-02-10T00:00:00	09:49:00	SEM VÍTIMA	FINALIZADA	MADALENA	AV CAXANGA	50	""	CELPE	MADALENA	263	CIDADE	ABALROAMENTO LONGITUDINAL	SEM VITIMAS	1						1			0		Longo da via	Bom	Sem defeito	Perfeito estado	Seca	Perfeito estado	Faixa de pedestre	Outras	""	Única	Faixa seccionada	Canteiro central	""
1219	2020-02-10T00:00:00	10:01:00	SEM VÍTIMA	FINALIZADA	BOA VISTA	RUA JOAO FERNANDES VIEIRA	711	""	FARMACIA PERMANENTE	BOA VISTA		CIDADE	ABALROAMENTO LONGITUDINAL	SEM VITIMAS	1						1			0		Longo da via	Bom	Não existe	Perfeito estado	Seca	Perfeito estado	Não existe	R-6a	""	Única	Não existe	""	""
1220	2020-02-10T00:00:00	10:15:00	COM VÍTIMA	FINALIZADA	CASA FORTE	AV DEZESSETE DE AGOSTO	784	RUA SAMUEL FARIAS	EM FRENTE A 7ª REGIONAL DO EXERCITO	CASA FORTE		CIDADE	ABALROAMENTO LONGITUDINAL	COM UMA VITIMA -SAMU NO LOCAL	1	1								1		Longo da via	Bom	Não existe	Perfeito estado	Seca	Perfeito estado	Não existe	Não há placas	""	Dupla	Faixa contínua	""	""
1221	2020-02-10T00:00:00	11:26:00	SEM VÍTIMA	FINALIZADA	IMBIRIBEIRA	RUA JOAQUIM BANDEIRA	268	AV SUL	""	IMBIRIBEIRA		""	ABALROAMENTO TRANSVERSAL	COLISÃO S/VIITMAS ENTRE TRES AUTOS	3									0		Cruzamento	Bom	Não existe	Incompleta	Seca	Perfeito estado	Não existe	Placas Pare	40 km/h	Única	Faixa seccionada	""	""
1222	2020-02-10T00:00:00	12:26:00	COM VÍTIMA	FINALIZADA	SÃO JOSÉ	RUA IMPERIAL	""	""	EM BAIXO DO VIADUTO CAPITÃO TEMUDO	SÃO JOSÉ		""	COLISÃO TRASEIRA	COLISÃO COM VÍTIMA	1		1							1		Longo da via	Bom	Não existe	Perfeito estado	Seca	Perfeito estado	""	Não há placas	40 km/h	Única	Faixa	""	""
1223	2020-02-10T00:00:00	12:28:00	SEM VÍTIMA	FINALIZADA	IMBIRIBEIRA	AV MARECHAL MASCARENHAS DE MORAES	4746	""	""	IMBIRIBEIRA		SUBURBIO	COLISÃO TRASEIRA	COLISAO SEM VITIMAS	2									0		Longo da via	Bom	Sem defeito	Perfeito estado	Seca	Perfeito estado	""	Não há placas	60 km/h	""	Faixa contínua	""	""
1224	2020-02-10T00:00:00	12:41:00	SEM VÍTIMA	CANCELADA	IMBIRIBEIRA	RUA CONDE PEREIRA CARNEIRO	119	""	E/F AO MOTEL EU E TU	IMBIRIBEIRA		""	COLISÃO	COLISAO SEM VITIMAS	1	1								0		""	""	""	""	""	""	""	""	""	""	""	""	""
1225	2020-02-10T00:00:00	13:04:00	COM VÍTIMA	FINALIZADA	DERBY	AV GOVERNADOR AGAMENON MAGALHAES	73	""	SENTIDO BOA VIAGEM - OLINDA	DERBY	75	OLINDA	COLISÃO TRASEIRA	COM VÍTMA	1	2								2		Longo da via	Bom	Sem defeito	Perfeito estado	Seca	Perfeito estado	Não existe	Não há placas	60 km/h	Dupla	Faixa seccionada	""	""
1226	2020-02-10T00:00:00	13:08:00	SEM VÍTIMA	FINALIZADA	DERBY	RUA JENER DE SOUZA	""	""	E/F AO QUARTEL DO DERBY	DERBY		SUBURBIO	ABALROAMENTO LONGITUDINAL	COLISAO SEM VITIMAS	2									0		Longo da via	Bom	Não existe	Perfeito estado	Seca	Perfeito estado	Não existe	""	40 km/h	Dupla	Canteiro central	""	""
1227	2020-02-10T00:00:00	14:04:00	SEM VÍTIMA	DUPLICIDADE	IMBIRIBEIRA	AV MARECHAL MASCARENHAS DE MORAES	""	""	E/F AO AUTO PEÇA UNIVERSAL	IMBIRIBEIRA		PRAZERES	COLISÃO	COLISAO SEM VITIMAS	2									0		""	""	""	""	""	""	""	""	""	""	""	""	""