_id	data	hora	natureza_acidente	situacao	bairro	endereco	numero	detalhe_endereco_acidente	complemento	bairro_cruzamento	num_semaforo	sentido_via	tipo	descricao	auto	moto	ciclom	ciclista	pedestre	onibus	caminhao	viatura	outros	vitimas	vitimasfatais	acidente_verificado	tempo_clima	situacao_semaforo	sinalizacao	condicao_via	conservacao_via	ponto_controle	situacao_placa	velocidade_max_via	mao_direcao	divisao_via1	divisao_via2	divisao_via3
1228	2020-02-10T00:00:00	14:14:00	SEM VÍTIMA	FINALIZADA	BOA VIAGEM	AV CONSELHEIRO AGUIAR	1350	RUA JORNALISTA ADETH LEITE	""	BOA VIAGEM		CIDADE	CHOQUE OBJETO FIXO	COLISAO SEM VITIMAS	1									0		Cruzamento	Bom	Não existe	Perfeito estado	Seca	Perfeito estado	Não existe	Não há placas	60 km/h	Única	Faixa seccionada	""	""
1229	2020-02-10T00:00:00	14:32:00	SEM VÍTIMA	FINALIZADA	SAN MARTIN	AV JOAO CABRAL DE MELO NETO	2702	RUA TENENTE MINDELO	PRÓXIMO A CASA DA COMUNIDADE	SAN MARTIN		SUBURBIO	COLISÃO TRASEIRA	COLISÃO SEM VÍTIMA	2									0		Longo da via	Bom	Sem defeito	Perfeito estado	Seca	Perfeito estado	Faixa de pedestre	Não há placas	""	Dupla	""	""	""
1230	2020-02-10T00:00:00	14:37:00	COM VÍTIMA	FINALIZADA	SANTO AMARO	AV DR JAYME DA FONTE	320	""	EM FRENTE A ASSEMBLEIAS DE DEUS/ SENTIDO AGAMENON	SANTO AMARO		""	ATROPELAMENTO	COM VÍTIMA/ VÍTIMA SOCORRIDA PELO BOMBEIRO	1				1					1		Longo da via	Bom	Não existe	Não existente	Seca	Perfeito estado	Não existe	Outras	40 km/h	""	Canteiro central	""	""
1231	2020-02-10T00:00:00	14:46:00	SEM VÍTIMA	CANCELADA	DERBY	RUA JENER DE SOUZA	""	""	E/F AO QUARTEL DO DERBY	DERBY		""	COLISÃO	COLISAO SEM VITIMAS	1	1								0		""	""	""	""	""	""	""	""	""	""	""	""	""
1232	2020-02-10T00:00:00	15:29:00	SEM VÍTIMA	FINALIZADA	PINA	AV HERCULANO BANDEIRA	563	""	TABELIONATO FIGUEIREDO	PINA		SUBURBIO	ABALROAMENTO LONGITUDINAL	COLISAO SEM VITIMAS	1					1				0		Longo da via	Bom	Não existe	Perfeito estado	Seca	Perfeito estado	Não existe	R-6a	""	Única	Faixa contínua	""	""
1233	2020-02-10T00:00:00	15:33:00	SEM VÍTIMA	FINALIZADA	MACAXEIRA	AV NORTE	""	""	GIRADOR DA MACAXEIRA - SENTIDO INTEGRAÇÃO	MACAXEIRA		SUBURBIO	COLISÃO TRASEIRA	COLISÃO SEM VÍTIMA	1					1				0		Longo da via	Bom	Não existe	""	Seca	Perfeito estado	Não existe	Não há placas	""	Única	Não existe	""	""
1234	2020-02-10T00:00:00	16:08:00	SEM VÍTIMA	FINALIZADA	ESPINHEIRO	AV GOVERNADOR AGAMENON MAGALHAES	""	""	EM FRENTE AO Nº 2936 - VIA PRINCIPAL	ESPINHEIRO		""	COLISÃO TRASEIRA	COLISÃO SEM VÍTIMA	2									0		Longo da via	Bom	Sem defeito	Perfeito estado	Seca	Perfeito estado	Faixa de pedestre	""	""	Dupla	Faixa seccionada	Canal	""
1235	2020-02-10T00:00:00	16:52:00	SEM VÍTIMA	CANCELADA	CORDEIRO	AV GENERAL SAN MARTIN	590	""	PROXIMO AO SUPERMERCADO IDEAL	CORDEIRO		""	COLISÃO	COLISÃO SEM VÍTIMA	1					1				0		""	""	""	""	""	""	""	""	""	""	""	""	""
1236	2020-02-10T00:00:00	17:19:00	COM VÍTIMA	FINALIZADA	JORDÃO	AV MARIA IRENE	""	RUA ANTONIO ROCHA	PROX A BASE AEREA	JORDÃO		SUBURBIO	ABALROAMENTO LONGITUDINAL	COISAO COM VITIMAS	1	1								1		Esquina	Bom	Não existe	Não existente	Seca	Perfeito estado	Não existe	Não há placas	""	Dupla	Faixa contínua	""	""
1237	2020-02-10T00:00:00	17:24:00	SEM VÍTIMA	FINALIZADA	AFOGADOS	EST DOS REMEDIOS	324	""	""	AFOGADOS		SUBURBIO	ABALROAMENTO TRANSVERSAL	COLISAO SEM VITIMAS	1	1								0		Longo da via	Bom	Não existe	Perfeito estado	Seca	Perfeito estado	Outros	Outras	60 km/h	Única	Faixa seccionada	""	""
1238	2020-02-10T00:00:00	17:50:00	SEM VÍTIMA	FINALIZADA	CORDEIRO	AV CAXANGA	1872	RUA DR JOAO LACERDA	""	CORDEIRO		SUBURBIO	ABALROAMENTO LONGITUDINAL	COLISÃO SEM VÍTIMA	2									0		Cruzamento	Bom	Sem defeito	Perfeito estado	Seca	Perfeito estado	Faixa de pedestre	Outras	60 km/h	Dupla	Canteiro central	""	""
1239	2020-02-10T00:00:00	18:12:00	SEM VÍTIMA	FINALIZADA	AFOGADOS	RUA DA PAZ	""	""	BANCO CAIXA ECONÔMICA	AFOGADOS	73	SUBURBIO	COLISÃO TRASEIRA	ENTRE AUTO E MOTO. S/V	1	1								0		Longo da via	Bom	Sem defeito	Perfeito estado	Seca	Perfeito estado	Faixa de pedestre	Outras	40 km/h	Única	Faixa seccionada	""	""
1240	2020-02-10T00:00:00	18:22:00	SEM VÍTIMA	FINALIZADA	MADALENA	RUA JOAO IVO DA SILVA	""	AV ENGENHEIRO ABDIAS DE CARVALHO	PRÓXIMO A WISE UP ( ESCOLA DE INGLÊS)	MADALENA	132	""	ABALROAMENTO LONGITUDINAL	SANDERO X CAMINHAO	1						1			0		Cruzamento	Bom	Sem defeito	Perfeito estado	Seca	Perfeito estado	Agente	Outras	""	Única	Não existe	""	""
1241	2020-02-10T00:00:00	19:48:00	SEM VÍTIMA	CANCELADA	IBURA	RUA QUARENTA E UM	""	""	OBS:::. A OCORRENCIA ACONTECEU NA RUA QUARENTA . NO SISTEMA NAO TEM ESTA RUA QUE FICA NO TERMINAL DE ONIBUS UR 11	IBURA		""	COLISÃO	ONIBUS X ETIOS	1					1				0		""	""	""	""	""	""	""	""	""	""	""	""	""
1242	2020-02-10T00:00:00	19:53:00	SEM VÍTIMA	FINALIZADA	JAQUEIRA	RUA HOEL SETTE	62	""	""	JAQUEIRA		SUBURBIO	CHOQUE VEÍCULO PARADO	ENTRE 2 AUTOS. S/V	2									0		Longo da via	Bom	Não existe	Incompleta	Seca	Mal iluminada	Não existe	Não há placas	""	Dupla	""	""	""
1243	2020-02-10T00:00:00	20:07:00	SEM VÍTIMA	FINALIZADA	BOA VISTA	RUA DOS COELHOS	485	RUA PADRE VENANCIO	AO LADO DO IMIP / PRÓX A SUBIDA DA PONTE VIADUTO JOAQUIM CARDOSO	BOA VISTA		SUBURBIO	COLISÃO	ÕNIBUS E AUTO PASSEIO. S/V	1					1				0		Esquina	Bom	Não existe	Perfeito estado	Seca	Perfeito estado	Não existe	R-6a	""	Única	Faixa contínua	""	""
1244	2020-02-11T00:00:00	01:45:00	SEM VÍTIMA	FINALIZADA	BOA VISTA	AV MANOEL BORBA	""	RUA JOSE DE ALENCAR	EM FRENTE A PADARIA SANTA TEREZINHA	BOA VISTA	29	s	COLISÃO	COLISÃO ENTRE DOIS AUTOS S/V	2									0		Cruzamento	Bom	Intermitente	Perfeito estado	Seca	Perfeito estado	Faixa de pedestre	Outras	""	Única	Faixa contínua	Faixa seccionada	""
1245	2020-02-11T00:00:00	07:11:00	SEM VÍTIMA	FINALIZADA	TAMARINEIRA	RUA SAO VICENTE	""	EST DO ARRAIAL	AO LADO DO SUPERMERCADO EXTRABOM	TAMARINEIRA		CIDADE	COLISÃO	COLISÃO S/VITMAS ENTRE DOIS AUTOS	2									0		Longo da via	Bom	Não existe	Perfeito estado	Seca	Perfeito estado	Não existe	Placas Pare	""	Dupla	Não existe	""	""
1246	2020-02-11T00:00:00	07:13:00	SEM VÍTIMA	CANCELADA	MACAXEIRA	AV NORTE	""	""	EM FRENTE A O CENTRO DE DISTRIBUIÇÃO DA COMPESA/NO GIRADORO DA MACAXEIRA	MACAXEIRA		CAXANGA	COLISÃO	SEM VITIMAS	1						1			0		""	""	""	""	""	""	""	""	""	""	""	""	""
1247	2020-02-11T00:00:00	07:30:00	SEM VÍTIMA	CANCELADA	DOIS IRMÃOS	RUA DOIS IRMAOS	600	""	E/F AO MOTEL SENZALA (SENT. APIPUCOS)	DOIS IRMÃOS	416	""	COLISÃO	COLISÃO S/VITIMAS ENTRE DOIS AUTOS	2									0		""	""	""	""	""	""	""	""	""	""	""	""	""
1248	2020-02-11T00:00:00	07:46:00	SEM VÍTIMA	FINALIZADA	CABANGA	AV ENGENHEIRO JOSE ESTELITA	""	""	EM FRENTE AO CABANGA IATE CLUBE	CABANGA		CIDADE	COLISÃO	DOIS AUTOS	2									0		Longo da via	Bom	Não existe	Perfeito estado	Seca	Perfeito estado	Não existe	Outras	60 km/h	Única	Faixa seccionada	""	""
1249	2020-02-11T00:00:00	08:06:00	SEM VÍTIMA	CANCELADA	BOA VIAGEM	RUA FREI LEANDRO	""	AV CONSELHEIRO AGUIAR	EM FRENTE AO EDF ITAIBA	BOA VIAGEM		""	COLISÃO	SEM VITIMAS	3									0		""	""	""	""	""	""	""	""	""	""	""	""	""
1250	2020-02-11T00:00:00	08:09:00	SEM VÍTIMA	FINALIZADA	TORRE	RUA PIO NONO	782	""	AO LADO DO EDF. MORADA PIO NONO	TORRE		SUBURBIO	COLISÃO	COLISÃO S/VITIMAS ENTRE DOIS AUTOS (V.T 16 NO QTH)	2									0		Longo da via	Bom	Não existe	Perfeito estado	Seca	Mal conservada	Não existe	R-6a	""	Dupla	Não existe	""	""
1251	2020-02-11T00:00:00	08:44:00	SEM VÍTIMA	FINALIZADA	MADALENA	AV CAXANGA	971	""	EM FRENTE A MARCELO BATERIAS	MADALENA		CIDADE	COLISÃO	DOIS AUTOS	2									0		Longo da via	Bom	Não existe	Perfeito estado	Seca	Perfeito estado	Não existe	Não há placas	""	Dupla	Canteiro central	""	""
1252	2020-02-11T00:00:00	08:46:00	COM VÍTIMA	FINALIZADA	AFOGADOS	EST DOS REMEDIOS	957	""	20 METROS APÓS O PAGODE DO CALDINHO	AFOGADOS		MADALENA	ABALROAMENTO LONGITUDINAL	COLISÃO C/VITIMA ENTRE UM AUTO E UMA MOTO	1	1								2		Longo da via	Bom	Não existe	Perfeito estado	Seca	Perfeito estado	Não existe	R-6a	""	Única	Faixa seccionada	""	""
1253	2020-02-11T00:00:00	08:52:00	SEM VÍTIMA	CANCELADA	SANTO AMARO	RUA GENERAL ABREU E LIMA	""	""	POR TRAS DO CEMITERIO DOS INGLESES	SANTO AMARO		""	COLISÃO	CAMINHÃO E AUTO PONTO FIXO GM´VICENTE E PASSO	1					1				0		""	""	""	""	""	""	""	""	""	""	""	""	""
1254	2020-02-11T00:00:00	08:59:00	SEM VÍTIMA	CANCELADA	CAÇOTE	AV RECIFE	3777	""	E/F AO BIG BOMPREÇO	CAÇOTE		""	COLISÃO	COLISÃO S/VITIMAS ENTRE UMA MOTO E UM AUTO	1	1								0		""	""	""	""	""	""	""	""	""	""	""	""	""
1255	2020-02-11T00:00:00	09:20:00	SEM VÍTIMA	FINALIZADA	BOA VIAGEM	RUA ANTONIO FALCAO	472	""	E/F A FRIO PEÇAS AR CONDICIONADO	BOA VIAGEM		SUBURBIO	COLISÃO	COLISÃO S/VITIMAS ENTRE QUATRO AUTOS (BATEDORES URLEY E ANDRE FABIANO NO QTH)	4									0		Longo da via	Bom	Não existe	Perfeito estado	Seca	Perfeito estado	Não existe	""	""	Única	Faixa seccionada	""	""
1256	2020-02-11T00:00:00	09:45:00	SEM VÍTIMA	FINALIZADA	SANTO AMARO	RUA DO POMBAL	115	""	E/F AO CENTRO DE SAUDE VALDEMAR DE OLIVEIRA	SANTO AMARO		""	COLISÃO	COLISÃO S/VITIMAS ENTRE DOIS AUTOS	2									0		Longo da via	Bom	Não existe	Não existente	Seca	Perfeito estado	Não existe	Não há placas	""	Única	Não existe	""	""
1257	2020-02-11T00:00:00	10:04:00	SEM VÍTIMA	DUPLICIDADE	BOA VISTA	RUA PRINCESA IZABEL	""	""	EM FRENTE A CAMARA DE VEREADORES	BOA VISTA		CIDADE	COLISÃO	SEM VITIMAS/CTTU NO LOCAL/GM MAYARA LIMA/GM GUIMARÃES						1	1			0		""	""	""	""	""	""	""	""	""	""	""	""	""
1258	2020-02-11T00:00:00	10:05:00	SEM VÍTIMA	FINALIZADA	BOA VISTA	RUA PRINCESA IZABEL	""	RUA DO HOSPICIO	EM FRENTE A CAMARA MUNICIPAL	BOA VISTA	31	CIDADE	COLISÃO	CAMINHÃO E ONIBUS    PONTO FIXO GM´S GUIMARAES E MAIARA						1	1			0		Cruzamento	Bom	Sem defeito	Perfeito estado	Seca	Perfeito estado	Agente	Não há placas	60 km/h	Única	Faixa contínua	Faixa seccionada	""
1259	2020-02-11T00:00:00	10:14:00	SEM VÍTIMA	CANCELADA	IPUTINGA	AV CAXANGA	3696	RUA DAVID NASSER	EM FRENTE A MONTE CARLOS	IPUTINGA	8	""	COLISÃO	SEM VITIMAS	2									0		""	""	""	""	""	""	""	""	""	""	""	""	""
1260	2020-02-11T00:00:00	10:16:00	SEM VÍTIMA	CANCELADA	ÁGUA FRIA	AV BEBERIBE	""	""	EM FRENTE AO MERCADINHO DOIS IRMÃOS	ÁGUA FRIA		""	COLISÃO	AUTO E MOTO	1	1								0		""	""	""	""	""	""	""	""	""	""	""	""	""
1261	2020-02-11T00:00:00	10:33:00	SEM VÍTIMA	FINALIZADA	JARDIM SÃO PAULO	AV LIBERDADE	364	""	E/F A DRACO	JARDIM SÃO PAULO		""	COLISÃO	COLISÃO S/VITIMAS ENTRE DOIS AUTOS	1							1		0		Longo da via	Bom	Não existe	Perfeito estado	Seca	Perfeito estado	Não existe	Não há placas	""	Dupla	Faixa contínua	""	""
1262	2020-02-11T00:00:00	10:52:00	SEM VÍTIMA	FINALIZADA	IMBIRIBEIRA	RUA JOAQUIM BANDEIRA	""	AV MARECHAL MASCARENHAS DE MORAES	EM FRENTE A MITISUBSHI PEÇAS E SERVIÇOS	IMBIRIBEIRA	534	""	COLISÃO	SEM VITIMAS	1						1			0		Esquina	Bom	Sem defeito	Perfeito estado	Seca	Perfeito estado	Faixa de retenção	""	60 km/h	Dupla	Faixa seccionada	""	""
1263	2020-02-11T00:00:00	10:53:00	SEM VÍTIMA	CANCELADA	SÃO JOSÉ	RUA IMPERIAL	""	""	AO LADO DA RECICLAGEM DA PREFEITURA	SÃO JOSÉ		CIDADE	COLISÃO	""	1						1			0		""	""	""	""	""	""	""	""	""	""	""	""	""
1264	2020-02-11T00:00:00	11:04:00	COM VÍTIMA	FINALIZADA	IPSEP	AV RECIFE	3033	""	LADO OPOSTO A ORTONOBRE COLCHÕES	IPSEP		SUBURBIO	COLISÃO TRASEIRA	COLISÃO C/VITIMA ENTRE UMA MOTO E UM AUTO	1	1								1		Longo da via	Bom	Não existe	Perfeito estado	Seca	Perfeito estado	Não existe	Não há placas	""	Única	Faixa seccionada	""	""
1265	2020-02-11T00:00:00	11:07:00	SEM VÍTIMA	CANCELADA	IMBIRIBEIRA	AV MARECHAL MASCARENHAS DE MORAES	""	""	EMBAIXO DO VIADUTO TANCREDO NEVES	IMBIRIBEIRA		AFOGADOS	COLISÃO	SEM VITIMAS	2									0		""	""	""	""	""	""	""	""	""	""	""	""	""
1266	2020-02-11T00:00:00	11:27:00	SEM VÍTIMA	FINALIZADA	GRAÇAS	AV RUI BARBOSA	141 C	""	E/F A PRAÇA DO ENTRONCAMENTO	GRAÇAS		CIDADE	COLISÃO	COLISÃO S/VITIMAS ENTRE DOIS AUTOS (PONTO FIXO POLIANA ÁTICO NO QTH)	2									0		Longo da via	Bom	Não existe	Perfeito estado	Seca	Perfeito estado	Não existe	Outras	60 km/h	Única	Faixa seccionada	""	""
1267	2020-02-11T00:00:00	11:30:00	SEM VÍTIMA	CANCELADA	CABANGA	AV SUL	""	""	EMBAIXO DA ALÇA DO VIADUTO CAPITÃO TEMUDO -EM FRENTE AO POSTO PETROBRAS DESATIVADO	CABANGA		""	COLISÃO	SEM VITIMAS	1	1								0		""	""	""	""	""	""	""	""	""	""	""	""	""
1268	2020-02-11T00:00:00	12:22:00	SEM VÍTIMA	FINALIZADA	CORDEIRO	AV ENGENHEIRO ABDIAS DE CARVALHO	1208	""	LADO OPOSTO AO COMPAZ	CORDEIRO	58	CIDADE	COLISÃO	COLISÃO S/VITIMAS ENTRE DOIS AUTOS (PONTO FIXO ALMEIDA VELOSO NO QTH)	2									0		Longo da via	Bom	Sem defeito	Perfeito estado	Seca	Perfeito estado	Faixa de pedestre	""	""	Dupla	Faixa contínua	Faixa seccionada	Canteiro central
1269	2020-02-11T00:00:00	13:34:00	SEM VÍTIMA	FINALIZADA	IPSEP	RUA ITAJAI	246	RUA ITACARI	E/F A INOVE	IPSEP		SUBURBIO	COLISÃO	COLISAO SEM VITIMAS	2									0		Cruzamento	Bom	Não existe	Perfeito estado	Seca	Perfeito estado	Faixa de pedestre	Placas Pare	60 km/h	Dupla	Faixa contínua	""	""
1270	2020-02-11T00:00:00	13:40:00	SEM VÍTIMA	CANCELADA	CASA FORTE	PRC DE CASA FORTE	548	""	EM FRENTE AO COLEGIO CASA FORTE	CASA FORTE		""	COLISÃO	COLISAO SEM VITIMAS	2									0		""	""	""	""	""	""	""	""	""	""	""	""	""
1271	2020-02-11T00:00:00	13:53:00	SEM VÍTIMA	FINALIZADA	IPUTINGA	AV CAXANGA	4038	EST DO BARBALHO	EM FRENTE AO BIG BOM PREÇO	IPUTINGA	533	CAMARAGIBE	COLISÃO	COLISAO SEM VITIMAS	1					1				0		Longo da via	Bom	Sem defeito	Perfeito estado	Seca	Perfeito estado	Faixa de pedestre	""	""	Dupla	Faixa seccionada	Canteiro central	""
1272	2020-02-11T00:00:00	14:12:00	SEM VÍTIMA	FINALIZADA	MADALENA	AV BEIRA RIO	152	RUA DEMOSTENES DE OLINDA	E/F MEIO DO MUNDO CAFÉ BISTRÔ	MADALENA		CIDADE	COLISÃO	COLISÃO S/VITIMAS ENTRE DOIS AUTOS (PONTO FIXO LUIS BARBOSA NO QTH)	2									0		Cruzamento	Bom	""	Perfeito estado	Seca	Perfeito estado	Faixa de pedestre	Placas Pare	""	Dupla	Faixa seccionada	""	""
1273	2020-02-11T00:00:00	14:13:00	SEM VÍTIMA	FINALIZADA	BOA VIAGEM	AV MARECHAL JUAREZ TAVORA	510	""	PROXIMO AO HOTEL FORUM	BOA VIAGEM		""	COLISÃO	COLISAO COM VITIMAS	1	1								0		Longo da via	Bom	Não existe	Perfeito estado	Seca	Perfeito estado	Não existe	""	""	Única	Faixa seccionada	""	""
1274	2020-02-11T00:00:00	14:50:00	COM VÍTIMA	FINALIZADA	BOA VIAGEM	AV DES JOSE NEVES	164	""	ANTES DO RESTAURANTE CANGAÇO (SENT. BOA VIAGEM). BAR DO BIU.	BOA VIAGEM		CIDADE	COLISÃO FRONTAL	COLISÃO C/EVASÃO SEGUIDA DE ATROPELAMENTO	1				1					1		Longo da via	Bom	Não existe	Perfeito estado	Seca	Perfeito estado	Não existe	R-6a	""	Dupla	Canal	""	""
1275	2020-02-11T00:00:00	15:20:00	SEM VÍTIMA	FINALIZADA	AFOGADOS	RUA NICOLAU PEREIRA	410	""	AO LADO DO ARMAZEN CORAL	AFOGADOS		CIDADE	COLISÃO	COLISAO SEM VITIMAS	1						1			0		Longo da via	Bom	Não existe	Incompleta	Seca	Mal conservada	Não existe	R-6a	""	Única	Faixa seccionada	""	""
1276	2020-02-11T00:00:00	15:26:00	COM VÍTIMA	FINALIZADA	DERBY	RUA DA BAIXA VERDE	449	RUA JENER DE SOUZA	E/F CENTRO DE EDUCAÇÃO FISICA DA PM	DERBY		""	ABALROAMENTO TRANSVERSAL	COLISÃO C/VITIMA ENTRE UMA MOTO E UM AUTO	1	1								2		Cruzamento	Bom	Não existe	Perfeito estado	Seca	Perfeito estado	Faixa de pedestre	R-6a	""	Dupla	Canteiro central	""	""
1277	2020-02-11T00:00:00	15:35:00	COM VÍTIMA	FINALIZADA	TORRÕES	EST DO FORTE DO ARRAIAL N. DO B. JESUS	""	AV ENGENHEIRO ABDIAS DE CARVALHO	LADO OPOSTO AO KIYOI. PRÓXIMO A PRAÇA DA CHESF.	TORRÕES	375	SUBURBIO	COLISÃO TRASEIRA	COLISÃO S/VITIMAS ENTRE UM CAMINHÃO E UMA MOTO (PONTO FIXO RICARDO HONORATO NO QTH)		1					1			1		Longo da via	Bom	Sem defeito	Perfeito estado	Seca	Perfeito estado	Outros	R-6a	""	Única	Não existe	""	""
1278	2020-02-11T00:00:00	16:17:00	SEM VÍTIMA	CANCELADA	BOA VIAGEM	AV CONSELHEIRO AGUIAR	1360	""	EM FRENTE A GALERIA CETRO SUL	BOA VIAGEM		""	COLISÃO	COLISÃO SEM VITIMAS	2									0		""	""	""	""	""	""	""	""	""	""	""	""	""
1279	2020-02-11T00:00:00	16:25:00	SEM VÍTIMA	FINALIZADA	JOANA BEZERRA	VDO PAPA JOAO PAULO II	""	""	EM CIMA DO VIADUTO JOANA BERREZA	JOANA BEZERRA		CIDADE	COLISÃO	COLISAO SEM VITIMAS	1					1				0		Longo da via	Bom	Não existe	Perfeito estado	Seca	Perfeito estado	Não existe	""	40 km/h	Única	Canteiro central	""	""
1280	2020-02-11T00:00:00	16:44:00	SEM VÍTIMA	FINALIZADA	BOA VIAGEM	RUA ERNESTO DE PAULA SANTOS	""	RUA AMALIA BERNARDINO DE SOUZA	E/F AO POSTO BR	BOA VIAGEM		""	COLISÃO	COLISAO SEM VITIMAS	2									0		Cruzamento	Bom	Não existe	Não existente	Seca	Perfeito estado	Não existe	Não há placas	""	Única	Não existe	""	""
1281	2020-02-11T00:00:00	16:48:00	SEM VÍTIMA	FINALIZADA	SAN MARTIN	RUA COMENDADOR FRANCO FERREIRA	329	""	PROX A LOMBADA ELETRONICA	SAN MARTIN		""	COLISÃO	COLISAO SEM VITIMAS	2									0		Longo da via	Bom	Não existe	Perfeito estado	Seca	Perfeito estado	Não existe	Não há placas	30 km/h	Dupla	Não existe	""	""
1282	2020-02-11T00:00:00	16:53:00	SEM VÍTIMA	FINALIZADA	BOA VIAGEM	RUA VISCONDE DE JEQUITINHONHA	""	""	COLADO COM O MURO DA AERONAUTICA APÓS O POSTO IPIRANGA	BOA VIAGEM		SUBURBIO	COLISÃO	COLISAO COM VITIMAS	2									0		Longo da via	Bom	Não existe	Perfeito estado	Seca	Perfeito estado	Não existe	""	""	Única	Faixa seccionada	""	""
1283	2020-02-11T00:00:00	17:06:00	SEM VÍTIMA	FINALIZADA	ROSARINHO	RUA AMARO COUTINHO	750	""	E/F AO EDF. PRAÇA DO ROSARINHO	ROSARINHO		SUBURBIO	COLISÃO	COLISÃO S/VITIMAS ENTRE DOIS AUTOS	2									0		Longo da via	Chuvoso	Não existe	Perfeito estado	Molhada	Perfeito estado	Faixa de pedestre	Placas Pare	""	Dupla	Faixa contínua	""	""
1284	2020-02-11T00:00:00	18:22:00	SEM VÍTIMA	FINALIZADA	BAIRRO DO RECIFE	CAIS DO APOLO	925	""	ENF. A PREFEITURA DO RECIFE	BAIRRO DO RECIFE		SUBURBIO	COLISÃO	ONIBUS BRT X PEUGEOT	1					1				0		Longo da via	Bom	Não existe	Perfeito estado	Seca	Perfeito estado	Não existe	Não há placas	40 km/h	Dupla	Canteiro central	""	""
1285	2020-02-11T00:00:00	18:53:00	SEM VÍTIMA	FINALIZADA	BOA VIAGEM	AV ENGENHEIRO DOMINGOS FERREIRA	4403	""	PROX AO EDF. MARIA DULCE // DELEGACIA DE BOA VIAGEM	BOA VIAGEM		SUBURBIO	COLISÃO	ONIBUS BORBOREMA X HONDA CIVIC	1					1				0		Longo da via	Bom	Não existe	Perfeito estado	Seca	Perfeito estado	Não existe	Não há placas	60 km/h	Única	Canteiro central	""	""
1286	2020-02-11T00:00:00	19:30:00	SEM VÍTIMA	FINALIZADA	BOA VIAGEM	RUA FRANCISCO DA CUNHA	896	""	ENF. AO EDF TERMOPILAS // POR TRAS DO CARREFOUR	BOA VIAGEM	227	SUBURBIO	COLISÃO	IX35 X CAMINHAO BAU	1						1			0		Longo da via	Bom	Sem defeito	Perfeito estado	Seca	Perfeito estado	Não existe	Outras	""	Única	Não existe	""	""
1287	2020-02-11T00:00:00	19:43:00	SEM VÍTIMA	FINALIZADA	TORRE	RUA CONDE DE IRAJA	1015	""	E/F AO EDF PRAÇA DAS PETÚNIAS / PRÓX A IGREJA CATÓLICA	TORRE		SUBURBIO	COLISÃO	ENTRE 2 AUTOS. S/V	2									0		Longo da via	Bom	Não existe	Perfeito estado	Seca	Perfeito estado	Não existe	Não há placas	""	Única	Faixa seccionada	""	""
1288	2020-02-11T00:00:00	19:46:00	COM VÍTIMA	FINALIZADA	CAMPINA DO BARRETO	RUA DA REGENERACAO	1068	""	ENF. A MERCEARIA DO DIDA // PROX A EMPRESA ESCAVE	CAMPINA DO BARRETO		CIDADE	COLISÃO COM CICLISTA	MOTO X CICLISTA		1		1						2		Longo da via	Bom	Não existe	Não existente	Seca	Perfeito estado	Não existe	Não há placas	""	Dupla	Não existe	""	""
1289	2020-02-11T00:00:00	19:53:00	SEM VÍTIMA	FINALIZADA	GRAÇAS	AV GOVERNADOR AGAMENON MAGALHAES	1114	AV GOVERNADOR AGAMENON MAGALHAES	ENF. A EMBRATEL // VIA LOCAL SENTIDO BOA VIAGEM	GRAÇAS	173	CIDADE	COLISÃO	GOL X TOYOTA HILUX	2									0		Longo da via	Bom	Sem defeito	Perfeito estado	Seca	Perfeito estado	Faixa de pedestre	Outras	60 km/h	Única	Faixa seccionada	""	""
1290	2020-02-11T00:00:00	20:19:00	SEM VÍTIMA	CANCELADA	BOA VIAGEM	AV BOA VIAGEM	980	RUA TOME GIBSON	ENF. AO EDF. VERONESE	BOA VIAGEM		""	COLISÃO	JEEP X SIENA  OBS.. BATEDORES DA CTTU NO LOCAL 36X 07	2									0		""	""	""	""	""	""	""	""	""	""	""	""	""
1291	2020-02-11T00:00:00	20:34:00	SEM VÍTIMA	FINALIZADA	BOA VIAGEM	AV DOM JOAO VI	""	RUA JOSE DA SILVA LUCENA	PROXIMO AO COLEGIO GGE NO SENTIDO PIEDADE	BOA VIAGEM		SUBURBIO	COLISÃO	AUTO X CAMINHÃO	1						1			0		Cruzamento	Bom	Não existe	Perfeito estado	Seca	Perfeito estado	Não existe	Placas Pare	""	Única	Canteiro central	""	""
1292	2020-02-11T00:00:00	23:52:00	SEM VÍTIMA	FINALIZADA	GRAÇAS	AV RUI BARBOSA	185	RUA DAS CREOULAS	NAS PROXIMIDADES DO CLUBE PORTUGUÊS	GRAÇAS	102	CIDADE	COLISÃO	ENTRE 2 AUTOS. S/V	2									0		Cruzamento	Bom	Sem defeito	Ilegível	Seca	Mal iluminada	Faixa de pedestre	Não há placas	""	Única	Faixa seccionada	""	""
1293	2020-02-12T00:00:00	07:05:00	SEM VÍTIMA	FINALIZADA	DOIS IRMÃOS	EST DOS PINTOS	580	""	EM FRENTE AO TERMINAL DOS ONIBUS DA EMPRESA MOBI PE	DOIS IRMÃOS		SUBURBIO	COLISÃO	SEM VITMAS	1					1				0		Longo da via	Bom	Não existe	Perfeito estado	Seca	Perfeito estado	Não existe	Não há placas	""	Dupla	Não existe	""	""