_id	data	hora	natureza_acidente	situacao	bairro	endereco	numero	detalhe_endereco_acidente	complemento	bairro_cruzamento	num_semaforo	sentido_via	tipo	descricao	auto	moto	ciclom	ciclista	pedestre	onibus	caminhao	viatura	outros	vitimas	vitimasfatais	acidente_verificado	tempo_clima	situacao_semaforo	sinalizacao	condicao_via	conservacao_via	ponto_controle	situacao_placa	velocidade_max_via	mao_direcao	divisao_via1	divisao_via2	divisao_via3
1359	2020-02-13T00:00:00	12:26:00	SEM VÍTIMA	FINALIZADA	BARRO	AV DR JOSE RUFINO	""	""	SOBRE O VIADUTO DO BARRO QUE COBRE A BR 101	BARRO		SUBURBIO	COLISÃO	SEM VITIMAS	2									0		Viaduto	Bom	Não existe	Perfeito estado	Seca	Perfeito estado	Não existe	Outras	""	Dupla	Faixa contínua	Faixa seccionada	""
1360	2020-02-13T00:00:00	12:30:00	SEM VÍTIMA	FINALIZADA	BARRO	AV DR JOSE RUFINO	1637	RUA DR VILAS BOAS	EM FRENTE A O TRE DO BARRO	BARRO	557	SUBURBIO	ENGAVETAMENTO	SEM VITIMAS	3									0		Longo da via	Bom	Sem defeito	Perfeito estado	Seca	Perfeito estado	Faixa de pedestre	Outras	""	Dupla	Faixa contínua	Faixa seccionada	""
1361	2020-02-13T00:00:00	13:05:00	SEM VÍTIMA	FINALIZADA	BOA VISTA	RUA AURORA	573	TRV CORREIA NETO	AO LADO DA ASSEMBLEIA LEGISLATIVA	BOA VISTA	429	OLINDA	COLISÃO	COLISÃO SEM VÍTIMA	2									0		Esquina	Chuvoso	Sem defeito	Perfeito estado	Seca	Perfeito estado	Faixa de pedestre	R-6a	40 km/h	Única	Faixa seccionada	""	""
1362	2020-02-13T00:00:00	13:22:00	SEM VÍTIMA	CANCELADA	CIDADE UNIVERSITÁRIA	AV PROFESSOR ARTUR DE SA	""	""	EM FRENTE A ENTRADA E SAÍDA E VEÍCULOS DA UFPE/ENTRADA CECINE UFPE	CIDADE UNIVERSITÁRIA		""	COLISÃO	SEM VITMAS	2									0		""	""	""	""	""	""	""	""	""	""	""	""	""
1363	2020-02-13T00:00:00	13:38:00	COM VÍTIMA	CANCELADA	COHAB	AV CHAPADA DO ARARIPE	46	""	EM FRENTE A BARBEARIA WT	COHAB		""	COLISÃO	COLISÃO COM VÍTIMA		1				1				1		""	""	""	""	""	""	""	""	""	""	""	""	""
1364	2020-02-13T00:00:00	15:14:00	SEM VÍTIMA	FINALIZADA	BOA VIAGEM	RUA PROFESSOR AUGUSTO LINS E SILVA	65	RUA CONEGO ROMEU	NA LATERAL DO  EDF MONDINO	BOA VIAGEM		""	COLISÃO	SEM VITIMAS	2									0		Cruzamento	Bom	Não existe	Ilegível	Seca	Mal conservada	Não existe	Placas Pare	""	Dupla	Não existe	""	""
1365	2020-02-13T00:00:00	16:31:00	SEM VÍTIMA	FINALIZADA	AFOGADOS	RUA SAO MIGUEL	""	EST DOS REMEDIOS	LARGO DA PAZ	AFOGADOS	53	CIDADE	COLISÃO	SEM VITIMAS	1						1			0		Esquina	Bom	Sem defeito	Perfeito estado	Seca	Perfeito estado	Faixa de pedestre	Outras	""	Dupla	Faixa contínua	""	""
1366	2020-02-13T00:00:00	17:22:00	SEM VÍTIMA	FINALIZADA	BARRO	AV DR JOSE RUFINO	2939	""	EM FRENTE A ESCOLA ESTADUAL CASTELO BRANCO	BARRO	156	CIDADE	COLISÃO	SEM VITIMAS	1					1				0		Longo da via	Bom	Não existe	Perfeito estado	Seca	Perfeito estado	Não existe	Outras	""	Dupla	Faixa contínua	Faixa seccionada	""
1367	2020-02-13T00:00:00	17:25:00	SEM VÍTIMA	FINALIZADA	ARRUDA	AV BEBERIBE	""	""	EM FRENTE AO ARMAZEM CORAL	ARRUDA	492	CIDADE	COLISÃO	COLISAO SEM VITIMAS	2									0		Cruzamento	Bom	Sem defeito	Perfeito estado	Seca	Perfeito estado	Faixa de pedestre	Outras	40 km/h	Dupla	Faixa contínua	""	""
1368	2020-02-13T00:00:00	18:32:00	SEM VÍTIMA	PENDENTE	GRAÇAS	AV DR MALAQUIAS	255	""	ENF A FACULDADE DAMA CRISTÃS	GRAÇAS		SUBURBIO	COLISÃO	TOYOTA ETIOS X HONDA HRV	2									0		Longo da via	Bom	Não existe	Perfeito estado	Seca	Perfeito estado	Não existe	R-6a	30 km/h	Única	Faixa contínua	Faixa seccionada	""
1369	2020-02-13T00:00:00	18:34:00	COM VÍTIMA	FINALIZADA	JORDÃO	RUA DR ANDRADE LYRA	59	RUA ALBERTO LUNDGREN	PRÓX AO MERCADO PÚBLICO. WE FIT.	JORDÃO		JORDÃO / IBURA	ATROPELAMENTO	ENTRE AUTO E PEDESTRE.C/V	1				1					1		Esquina	Bom	Não existe	Perfeito estado	Seca	Perfeito estado	Faixa de pedestre	Outras	30 km/h	Única	Faixa seccionada	""	""
1370	2020-02-13T00:00:00	18:57:00	COM VÍTIMA	FINALIZADA	SÃO JOSÉ	C SANTA RITA	""	1 TRV JUSTICA E PAZ	E/F ÀS TORRES GÊMEAS - AO LADO DO SEM 076. AGEMAR.	SÃO JOSÉ		CIDADE	TOMBAMENTO	MOTOCICLISTA DESEQUILIBOU-SE E CAIU NA VIA- SOFRENDO ESCORIAÇÕES		1								1		Longo da via	Bom	Não existe	Perfeito estado	Seca	Perfeito estado	Não existe	Outras	60 km/h	Dupla	Canteiro central	""	""
1371	2020-02-13T00:00:00	19:31:00	SEM VÍTIMA	FINALIZADA	AFOGADOS	RUA DA PAZ	267	RUA JOAO CARLOS GUIMARAES	ENF. A UNIVERSAL DE AFOGADOS	AFOGADOS	528	""	COLISÃO	ONIX X CAMINHAO CAÇAMBA	1						1			0		Cruzamento	Bom	Não existe	Perfeito estado	Seca	Perfeito estado	Não existe	R-6a	""	Única	Faixa seccionada	""	""
1372	2020-02-13T00:00:00	23:40:00	SEM VÍTIMA	FINALIZADA	BONGI	RUA SANTA EDWIRGES	295	RUA PADRE TEOFILO TWORZ	PROX A IGREJA PRESBITERIANA	BONGI		CIDADE	COLISÃO	FOX X HRV	2									0		Cruzamento	Bom	Não existe	Perfeito estado	Seca	Perfeito estado	Faixa de retenção	Placas Pare	""	Única	Canteiro central	""	""
1373	2020-02-14T00:00:00	06:53:00	SEM VÍTIMA	FINALIZADA	MADALENA	RUA REAL DA TORRE	1309	""	E/F A DROGARIA SÃO PAULO	MADALENA		SUBURBIO	COLISÃO	COLISÃO S/VITIMAS ENTRE TRÊS AUTOS	3									0		Longo da via	Chuvoso	Não existe	Perfeito estado	Molhada	Perfeito estado	Não existe	Não há placas	""	Única	Faixa seccionada	""	""
1374	2020-02-14T00:00:00	07:44:00	SEM VÍTIMA	FINALIZADA	CAXANGÁ	AV CAXANGA	5775	""	APOS A UPA DA  CAXANGA NA DESCIDA DA PONTE DA CAXANGA  EM FRENTE A GALERIA  SUPER CENTER CAXANGA	CAXANGÁ		SUBURBIO CIDADE	COLISÃO	COLISÃO SEM VITIMAS	3									0		Longo da via	Bom	Não existe	Incompleta	Seca	Perfeito estado	Não existe	R-6a	""	Dupla	Canteiro central	""	""
1375	2020-02-14T00:00:00	07:47:00	SEM VÍTIMA	CANCELADA	APIPUCOS	RUA DOIS IRMAOS	1060	""	EM FRENTE AO LABORATORIO LAFEP / E AO QUARTEL	APIPUCOS		""	CHOQUE OBJETO FIXO	VT POLICIA / CHOCOU-SE COM O POSTE								1		0		""	""	""	""	""	""	""	""	""	""	""	""	""
1376	2020-02-14T00:00:00	08:14:00	COM VÍTIMA	FINALIZADA	MACAXEIRA	AV NORTE	7931	""	100 METROS ANTES DO PARQUE DA MACAXEIRA	MACAXEIRA	296	CIDADE	COLISÃO TRASEIRA	COLISÃO C/VITIMA ENTRE UMA MOTO E U AUTO	1	1								1		Longo da via	Bom	Sem defeito	Perfeito estado	Seca	Perfeito estado	Faixa de retenção	R-6a	""	Única	Faixa contínua	""	""
1377	2020-02-14T00:00:00	08:22:00	SEM VÍTIMA	FINALIZADA	DOIS IRMÃOS	RUA DOIS IRMAOS	""	""	AO  LADO DO MOTEL SENZALA	DOIS IRMÃOS	416	CIDADE	COLISÃO	COLISÃO SEM VITIMAS  GM  LINDEMBEG  QTH	1	1								0		Longo da via	Chuvoso	Sem defeito	Perfeito estado	Seca	Perfeito estado	Agente	Não há placas	""	Dupla	Faixa seccionada	""	""
1378	2020-02-14T00:00:00	08:29:00	COM VÍTIMA	FINALIZADA	CORDEIRO	AV ENGENHEIRO ABDIAS DE CARVALHO	2840	""	50 METROS ANTES DO COMPAZ	CORDEIRO		CIDADE	ABALROAMENTO LONGITUDINAL	COLISÃO C/VITIMA ENTRE UMA MOTO E UM ONIBUS (GM ALMEIDA VELOSO NO QTH)		1				1				1		Longo da via	""	Não existe	Perfeito estado	Molhada	Perfeito estado	Agente	R-6a	""	Única	Faixa seccionada	Canteiro central	""
1379	2020-02-14T00:00:00	08:32:00	SEM VÍTIMA	FINALIZADA	CAJUEIRO	RUA DR ALBERTO WANDERLEY	217	""	PROX A BAR DA FAVA	CAJUEIRO		CIDADE	COLISÃO	TRES AUTOS	2								1	0		Longo da via	Bom	Não existe	Não existente	Seca	Perfeito estado	Não existe	Não há placas	""	Dupla	Não existe	""	""
1380	2020-02-14T00:00:00	09:20:00	COM VÍTIMA	FINALIZADA	IPUTINGA	AV CAXANGA	""	""	EM CIMA DO VIADUTO DA CAXANGA	IPUTINGA		""	COLISÃO	AUTO E MOTO SUB. ANTEOGENES E BELO NO LOCAL	1	1								1		""	""	""	""	""	""	""	""	""	""	""	""	""
1381	2020-02-14T00:00:00	09:25:00	SEM VÍTIMA	FINALIZADA	TAMARINEIRA	EST VELHA DE AGUA FRIA	734	RUA JOSE DE VASCONCELOS	EM FRENTE AO RESTAURANTE  VIA GRILL	TAMARINEIRA		SUBURBIO	COLISÃO	COLISÃO SEM VITIMAS	1	1								0		Cruzamento	Bom	Não existe	Perfeito estado	Seca	Perfeito estado	Faixa de pedestre	Outras	""	Dupla	Faixa contínua	""	""
1382	2020-02-14T00:00:00	09:47:00	SEM VÍTIMA	FINALIZADA	BOA VISTA	RUA SAO GERALDO	""	AV MARIO MELO	EM FRENTE A ESCOLA  SILVIO RABELO	BOA VISTA		""	COLISÃO	COLISÃO SEM VITIMAS	2									0		Cruzamento	Bom	Não existe	Perfeito estado	Seca	Perfeito estado	Faixa de pedestre	Outras	""	Dupla	Faixa seccionada	""	""
1383	2020-02-14T00:00:00	10:27:00	SEM VÍTIMA	FINALIZADA	CAMPO GRANDE	RUA JERONIMO VILELA	118	""	E/F EDF. FERNANDO DANTAS PEREIRA	CAMPO GRANDE		""	COLISÃO	COLISÃO S/VITIMAS ENTRE UMA MOTO E UM AUTO	1	1								0		""	""	""	""	""	""	""	""	""	""	""	""	""
1384	2020-02-14T00:00:00	10:40:00	SEM VÍTIMA	FINALIZADA	IBURA	AV RECIFE	""	AV DOM HELDER CAMARA	AO LADO DO POSTO POLICIAL / SENT IPSEP	IBURA	16	SUBURBIO	COLISÃO	CAMINHAO E TAXI	1						1			0		Longo da via	Bom	Sem defeito	Perfeito estado	Seca	Perfeito estado	Faixa de pedestre	Não há placas	""	Dupla	Canteiro central	""	""
1385	2020-02-14T00:00:00	11:10:00	SEM VÍTIMA	FINALIZADA	IMBIRIBEIRA	AV MARECHAL MASCARENHAS DE MORAES	""	""	E/F AO AEROPORTO DO RECIFE	IMBIRIBEIRA		""	COLISÃO	COLISÃO S/VITIMAS ENTRE DOIS AUTOS (GM DINIZ E DIOGENES NO QTH)	2									0		Longo da via	Bom	Não existe	Perfeito estado	Seca	Perfeito estado	Agente	R-6a	""	Única	Faixa	""	""
1386	2020-02-14T00:00:00	11:39:00	SEM VÍTIMA	FINALIZADA	GRAÇAS	AV RUI BARBOSA	199	""	E/F A CLÍNICA EQUILIBRIUM	GRAÇAS		""	COLISÃO	COLISÃO S/VITIMAS ENTRE DOIS AUTOS	2									0		Cruzamento	Bom	Sem defeito	Perfeito estado	Seca	Perfeito estado	Faixa de pedestre	Outras	60 km/h	Única	Faixa seccionada	""	""
1387	2020-02-14T00:00:00	11:58:00	SEM VÍTIMA	CANCELADA	ESPINHEIRO	AV CONS ROSA E SILVA	295	""	EM FRENTE AO EDIFICIO BARÃO DE BONITO	ESPINHEIRO		""	COLISÃO	COLISÃO SEM VÍTIMA	1					1				0		""	""	""	""	""	""	""	""	""	""	""	""	""
1388	2020-02-14T00:00:00	13:13:00	SEM VÍTIMA	CANCELADA	FUNDÃO	AV BEBERIBE	3530	""	NA ENTRADA DO CONJUNTO RESIDENCIAL JOAO PAULO SEGUNDO	FUNDÃO		""	COLISÃO	COLISAO ENTRE AUTO E MOTO S/V	1	1								0		""	""	""	""	""	""	""	""	""	""	""	""	""
1389	2020-02-14T00:00:00	13:51:00	SEM VÍTIMA	FINALIZADA	AFOGADOS	AV SUL	2056	""	BORRACHARIA SUL//ESTAÇÃO LARGO DA PAZ	AFOGADOS		CIDADE	COLISÃO	COLISAO S/ VITIMA. ENTRE VEICULO E CAMINHAO COMPESA.	1						1			0		Cruzamento	Bom	Não existe	Incompleta	Seca	Perfeito estado	Não existe	Não há placas	60 km/h	Única	Faixa contínua	Faixa seccionada	""
1390	2020-02-14T00:00:00	14:09:00	SEM VÍTIMA	FINALIZADA	SANTO AMARO	AV NORTE	""	""	POR TRAS DO CEMITERIO DOS INGLESES	SANTO AMARO		""	COLISÃO	COLISAO ENTRE AUTO E MOTO S/V	1	1								0		""	""	""	""	""	""	""	""	""	""	""	""	""
1391	2020-02-14T00:00:00	14:16:00	SEM VÍTIMA	FINALIZADA	BOA VIAGEM	RUA SARGENTO SILVINO DE MACEDO	241	""	PROX AO COLEGIO GGE E/F A TOP TERCEIRIZAÇOES	BOA VIAGEM		CIDADE	COLISÃO	COLISAO ENTRE DOIS AUTOS S/V	2									0		Cruzamento	Bom	Não existe	Não existente	Seca	Perfeito estado	Não existe	Não há placas	60 km/h	Dupla	Não existe	""	""
1392	2020-02-14T00:00:00	14:30:00	SEM VÍTIMA	FINALIZADA	BOA VIAGEM	AV BOA VIAGEM	""	""	EDF CALIFORNIA	BOA VIAGEM	124	CIDADE	COLISÃO	COLISAO S/ VITIMA. ENTRE DOIS VEICULOS	2									0		Longo da via	Bom	Sem defeito	Perfeito estado	Seca	Perfeito estado	Faixa de pedestre	Não há placas	60 km/h	Única	Faixa seccionada	""	""
1393	2020-02-14T00:00:00	14:53:00	SEM VÍTIMA	FINALIZADA	SANTO AMARO	AV GOVERNADOR AGAMENON MAGALHAES	""	AV DR JAYME DA FONTE	PROX AO SHOPPING TACARUNA S/T OLINDA	SANTO AMARO	49	SUBURBIO	COLISÃO	COLISAO ENTRE DOIS AUTOS S/V	2									0		Cruzamento	Bom	Sem defeito	Perfeito estado	Seca	Perfeito estado	Faixa de pedestre	Outras	60 km/h	Dupla	Canteiro central	""	""
1394	2020-02-14T00:00:00	14:56:00	SEM VÍTIMA	FINALIZADA	GRAÇAS	RUA DAS PERNAMBUCANAS	226	RUA MONSENHOR AMBROZINO LEITE	PROXIMO AO SEMÁFORO 600	GRAÇAS	600	""	COLISÃO	COLISÃO SEM VÍTIMA	1							1		0		Longo da via	Bom	Sem defeito	Perfeito estado	Seca	Perfeito estado	Não existe	Não há placas	""	Dupla	Não existe	""	""
1395	2020-02-14T00:00:00	15:03:00	SEM VÍTIMA	CANCELADA	IPSEP	RUA DR RAPOSO PINTO	130	""	PROXIMO AO ANTIGO KUASE BAR	IPSEP		""	COLISÃO	COLISÃO SEM VÍTIMA	2									0		""	""	""	""	""	""	""	""	""	""	""	""	""
1396	2020-02-14T00:00:00	15:40:00	SEM VÍTIMA	FINALIZADA	IPSEP	AV RECIFE	2967	""	E/F AO POSTO FEDERAL S/T BOA VIAGEM	IPSEP		AEROPORTO	COLISÃO	COLISAO ENTRE DOIS AUTOS S/V	2									0		Longo da via	Bom	Não existe	Perfeito estado	Seca	Perfeito estado	Não existe	Não há placas	""	Dupla	Canteiro central	""	""
1397	2020-02-14T00:00:00	15:43:00	SEM VÍTIMA	FINALIZADA	MADALENA	AV BEIRA RIO	660	RUA DEMOSTENES DE OLINDA	EM FRENTE AO EDIFICIO VITORIA REGIA	MADALENA		CIDADE	COLISÃO	COLISÃO SEM VÍTIMA	1	1								0		Esquina	Bom	Não existe	Perfeito estado	Seca	Perfeito estado	Faixa de pedestre	R-4a	""	Dupla	Faixa seccionada	""	""
1398	2020-02-14T00:00:00	15:44:00	SEM VÍTIMA	CANCELADA	ILHA DO RETIRO	RUA SPORT CLUBE DO RECIFE	""	AV JOSE GONCALVES DE MEDEIROS	CLUBE DO SPORT	ILHA DO RETIRO		SUBURBIO	ENGAVETAMENTO	ENGAVETAMENTO S/ VITIMA. ENTRE TRES VEICULOS.	3									0		""	""	""	""	""	""	""	""	""	""	""	""	""
1399	2020-02-14T00:00:00	16:21:00	SEM VÍTIMA	FINALIZADA	AFOGADOS	RUA SAO MIGUEL	268	""	E/F AO DEPATRI	AFOGADOS	300	SUBURBIO	COLISÃO	COLISAO ENTRE DOIS AUTO S/V	2									0		Longo da via	Bom	Sem defeito	Perfeito estado	Seca	Perfeito estado	Faixa de pedestre	Outras	""	Dupla	Faixa contínua	""	""
1400	2020-02-14T00:00:00	16:36:00	SEM VÍTIMA	FINALIZADA	BOA VIAGEM	RUA SETUBAL	""	RUA PROFESSOR MARIO CASTRO	AO LADO DO PLAZA HOTEL	BOA VIAGEM		""	COLISÃO	COLISAO ENTRE DOIS AUTO S/V	2									0		Cruzamento	Bom	Não existe	Ilegível	Seca	Perfeito estado	Não existe	Não há placas	40 km/h	Única	Não existe	""	""
1401	2020-02-14T00:00:00	16:37:00	SEM VÍTIMA	FINALIZADA	IPSEP	AV RECIFE	""	RUA FRANCISCO BARRETO	NUCLIO DA POLICIA MILITA// EXTRA FARMA	IPSEP	55	CIDADE	COLISÃO	COLISAO ENTRE ONIBUS E VEICULO	1					1				0		Cruzamento	Bom	Sem defeito	Perfeito estado	Seca	Perfeito estado	Faixa de pedestre	Não há placas	""	Dupla	Canteiro central	""	""
1402	2020-02-14T00:00:00	17:09:00	SEM VÍTIMA	CANCELADA	CASA AMARELA	RUA PADRE LEMOS	""	""	ENTRE A IGREJA UNIVERSAL E O SUPERMERCADO CANELA	CASA AMARELA		""	COLISÃO	COLISAO ENTRE TAXI E MICRO ONIBUS S/V	1					1				0		""	""	""	""	""	""	""	""	""	""	""	""	""
1403	2020-02-14T00:00:00	17:19:00	SEM VÍTIMA	EQUIPE EM DESLOCAMENTO	MADALENA	AV BEIRA RIO	165	""	EDF: QUINTA BEIRA RIO// EDF: SOLAR BEIRA RIO	MADALENA		CAXANGA	COLISÃO	ENGAVETAMENTO S/ VITIMA ENTRE TRES VEICULOS.	3									0		""	""	""	""	""	""	""	""	""	""	""	""	""
1404	2020-02-14T00:00:00	18:08:00	SEM VÍTIMA	FINALIZADA	ILHA DO RETIRO	EST DOS REMEDIOS	1781	RUA DO FONSECA	ENF. A NISSAN	ILHA DO RETIRO		CIDADE	COLISÃO	HILUX X FORD KA    OBS:: SUSPEITA DE EMBRIAGUEZ	2									0		Esquina	Bom	Não existe	Incompleta	Seca	Perfeito estado	Não existe	R-6a	""	Única	Faixa seccionada	""	""
1405	2020-02-14T00:00:00	18:34:00	SEM VÍTIMA	CANCELADA	IMBIRIBEIRA	RUA PAMPULHA	""	AV MARECHAL MASCARENHAS DE MORAES	AO LADO DA RENALT SELECT	IMBIRIBEIRA		""	COLISÃO	COLISAO SEM VITIMAS	1					1				0		""	""	""	""	""	""	""	""	""	""	""	""	""
1406	2020-02-14T00:00:00	18:40:00	SEM VÍTIMA	FINALIZADA	SÃO JOSÉ	RUA IMPERIAL	1509	""	ANTES DO SEMAFORO 087 PROX AO VIADUTO DOM PAULO 2	SÃO JOSÉ		SUBURBIO	COLISÃO	MOTO X X HYUNDAI CRETA	1	1								0		Longo da via	Bom	Não existe	Perfeito estado	Seca	Perfeito estado	Não existe	Não há placas	""	Única	Faixa seccionada	""	""
1407	2020-02-14T00:00:00	19:11:00	SEM VÍTIMA	CANCELADA	ALTO SANTA TERESINHA	RUA TAMBOARA	366	""	PROX A ESCOLA MUNICIPAL ANTONIO TIBURCIO	ALTO SANTA TERESINHA		""	COLISÃO	FIESTA X SIENA	2									0		""	""	""	""	""	""	""	""	""	""	""	""	""
1408	2020-02-14T00:00:00	19:24:00	SEM VÍTIMA	FINALIZADA	CORDEIRO	AV PROFESSOR ESTEVAO FRANCISCO DA COSTA	""	""	E/F A MERC FRUTES	CORDEIRO	280	SUBURBIO	COLISÃO	COLISAO SEM VITIMAS	2									0		Cruzamento	Bom	Sem defeito	Perfeito estado	Seca	Perfeito estado	""	""	""	Dupla	Não existe	""	""
1409	2020-02-14T00:00:00	19:32:00	SEM VÍTIMA	CANCELADA	IMBIRIBEIRA	RUA PAMPULHA	""	AV MARECHAL MASCARENHAS DE MORAES	AO LADO DA RENALT SELECT	IMBIRIBEIRA		""	COLISÃO	COLISAO SEM VITIMAS	1					1				0		""	""	""	""	""	""	""	""	""	""	""	""	""
1410	2020-02-14T00:00:00	19:43:00	SEM VÍTIMA	FINALIZADA	IBURA	AV DOIS RIOS	""	""	E/F A POLICLINICA	IBURA		""	COLISÃO	COLISAO SEM VITIMAS	1						1			0		Longo da via	Bom	Não existe	Perfeito estado	Seca	Perfeito estado	Não existe	Outras	""	Dupla	Outros	""	""
1411	2020-02-14T00:00:00	19:44:00	COM VÍTIMA	FINALIZADA	BOA VIAGEM	AV FERNANDO SIMOES BARBOSA	140	""	EDF. SANTO ANDRE // PROX A SAIDA DO SHOPPING RECIFE	BOA VIAGEM		SUBURBIO	COLISÃO COM CICLISTA	CICLISTA X ONIBUS VERA VCRUZ				1		1				1		Longo da via	Bom	Não existe	Perfeito estado	Seca	Perfeito estado	Não existe	Outras	""	Única	Faixa seccionada	Canal	""
1412	2020-02-14T00:00:00	19:55:00	SEM VÍTIMA	FINALIZADA	SANTO AMARO	PTE DO LIMOEIRO	""	""	NA PONTE MESMO	SANTO AMARO	243	SUBURBIO	COLISÃO	COLISAO SEM VITIMAS	3									0		Ponte	Bom	Sem defeito	Perfeito estado	Seca	Perfeito estado	Faixa de retenção	Placas Dê a preferência	""	Dupla	Faixa seccionada	""	""
1413	2020-02-14T00:00:00	19:56:00	COM VÍTIMA	FINALIZADA	CASA AMARELA	RUA XAVANTES	328	RUA PAULA BATISTA	ENF  CENTRO ESPIRITA MOACIR	CASA AMARELA		CIDADE	ABALROAMENTO TRANSVERSAL	DUAS MOTOS		2								1		Cruzamento	Bom	Não existe	Perfeito estado	Seca	Perfeito estado	""	""	""	Dupla	""	""	""
1414	2020-02-14T00:00:00	20:03:00	SEM VÍTIMA	FINALIZADA	DERBY	PRC DO DERBY	""	RUA JENER DE SOUZA	PROX AO QUARTEL DO DERBY	DERBY	40	CIDADE	COLISÃO	POLO X HILUX	2									0		Longo da via	Bom	Não existe	Incompleta	Seca	Perfeito estado	Não existe	Não há placas	""	Única	Faixa seccionada	""	""
1415	2020-02-14T00:00:00	20:18:00	SEM VÍTIMA	CANCELADA	IMBIRIBEIRA	AV MARECHAL MASCARENHAS DE MORAES	2100	RUA PAMPULHA	ENF . RENAULT SELECTION	IMBIRIBEIRA		""	COLISÃO	ONIBUS SAO JUDAS TADEU X HB 20	1					1				0		""	""	""	""	""	""	""	""	""	""	""	""	""
1416	2020-02-14T00:00:00	20:31:00	SEM VÍTIMA	CANCELADA	COHAB	RUA DR BENIGNO JORDAO DE VASCONCELOS	""	""	PROX A CONVENIENCIA ALTAS HORAS	COHAB		""	COLISÃO	ONIX X VERSA	2									0		""	""	""	""	""	""	""	""	""	""	""	""	""
1417	2020-02-14T00:00:00	20:39:00	SEM VÍTIMA	FINALIZADA	BONGI	EST DO BONGI	388	""	ENF A EMPRESA TBFORTE (VIGILANCIA)	BONGI		CIDADE	COLISÃO	PEUGEOLT X 3MOTOS	1	3								0		Longo da via	Bom	Não existe	Perfeito estado	Seca	Perfeito estado	Não existe	Não há placas	""	Dupla	Faixa contínua	""	""
1418	2020-02-14T00:00:00	23:01:00	SEM VÍTIMA	CANCELADA	SANTO ANTÔNIO	TRV DO ARSENAL DE GUERRA	""	""	PROX AO CAIS DE SANTA RITA	SANTO ANTÔNIO		""	COLISÃO	COLISAO SEM VITIMAS						2				0		""	""	""	""	""	""	""	""	""	""	""	""	""
1419	2020-02-14T00:00:00	23:43:00	COM VÍTIMA	FINALIZADA	ROSARINHO	AV NORTE	""	RUA TREZE DE JUNHO	APOS A PRAÇA DO ROSARINHO. EM FRENTE AO POSTO BR.	ROSARINHO	456	SUBURBIO	CHOQUE VEÍCULO PARADO	COLISAO COM VITIMAS		2								2		Longo da via	Bom	Sem defeito	Perfeito estado	Seca	Perfeito estado	Faixa de pedestre	Outras	""	Única	Faixa contínua	Faixa seccionada	Canteiro central
1420	2020-02-15T00:00:00	00:49:00	SEM VÍTIMA	FINALIZADA	CASA AMARELA	AV NORTE	""	COR DO BARTOLOMEU	PROX DA IGREJA INTERNACIONAL DA GRAÇAS DE DEUS	CASA AMARELA	79	SUBURBIO	COLISÃO	COLISÃO ENTRE ÕNIBUS E AUTO S/V	1					1				0		Longo da via	Bom	Sem defeito	Perfeito estado	Seca	Perfeito estado	Faixa de pedestre	Outras	""	Única	Não existe	""	""
1421	2020-02-15T00:00:00	03:22:00	SEM VÍTIMA	FINALIZADA	TORRE	RUA PADRE ANCHIETA	""	RUA JOSE BONIFACIO	EM FRENTE AO MINUTO PÃO DE AÇÚCAR	TORRE	193	""	COLISÃO	COLISÃO ENTRE DOIS AUTOS- S/V	2									0		Cruzamento	Bom	Sem defeito	Perfeito estado	Seca	Perfeito estado	Faixa de pedestre	Outras	""	Única	Faixa seccionada	""	""
1422	2020-02-15T00:00:00	03:55:00	SEM VÍTIMA	FINALIZADA	BONGI	EST DO BONGI	""	RUA COSME VIANA	EM FRENTE A IMBIRIBEIRA VEÍCULOS	BONGI	100	""	COLISÃO	COLISÃO ENTRE DOIS AUTOS- S/V	2									0		Cruzamento	Bom	Sem defeito	Perfeito estado	Seca	Perfeito estado	Faixa de pedestre	Outras	""	""	Faixa contínua	""	""
1423	2020-02-15T00:00:00	04:08:00	SEM VÍTIMA	FINALIZADA	BOA VIAGEM	RUA VISCONDE DE JEQUITINHONHA	""	RUA BARAO DE SOUZA LEAO	""	BOA VIAGEM	129	SUBURBIO	COLISÃO	COLISÃO ENTRE DOIS AUTOS- C/V	2									0		Cruzamento	Bom	Sem defeito	Perfeito estado	Seca	Perfeito estado	Faixa de pedestre	Outras	""	Única	Canal	""	""
1424	2020-02-15T00:00:00	07:01:00	SEM VÍTIMA	CANCELADA	BOA VIAGEM	AV ENGENHEIRO DOMINGOS FERREIRA	2200	RUA HENRIQUE CAPITULINO	AO LADO DO POSTO BR	BOA VIAGEM	484	""	COLISÃO	SEM VITIMAS	2									0		""	""	""	""	""	""	""	""	""	""	""	""	""
1425	2020-02-15T00:00:00	08:18:00	SEM VÍTIMA	FINALIZADA	TORRE	RUA JOAO TUDE DE MELO	""	""	EM FRENTE AO RESTAURANTE GUAIAMUM GIGANTE	TORRE		MADALENA	COLISÃO	COLISÃO SEM VITIMAS	2									0		Longo da via	Bom	Não existe	Perfeito estado	Seca	Perfeito estado	Não existe	Outras	40 km/h	Dupla	Canal	""	""