_id	data	hora	natureza_acidente	situacao	bairro	endereco	numero	detalhe_endereco_acidente	complemento	bairro_cruzamento	num_semaforo	sentido_via	tipo	descricao	auto	moto	ciclom	ciclista	pedestre	onibus	caminhao	viatura	outros	vitimas	vitimasfatais	acidente_verificado	tempo_clima	situacao_semaforo	sinalizacao	condicao_via	conservacao_via	ponto_controle	situacao_placa	velocidade_max_via	mao_direcao	divisao_via1	divisao_via2	divisao_via3
1682	2020-02-22T00:00:00	10:30:00	SEM VÍTIMA	FINALIZADA	AFOGADOS	EST DOS REMEDIOS	957	RUA CORONEL ALFREDO DUARTE	""	AFOGADOS		CIDADE	ABALROAMENTO LONGITUDINAL	COLISAO SEM VITIMAS	2									0		""	Nublado	Não existe	Incompleta	Seca	Perfeito estado	Não existe	R-6a	""	Única	Faixa seccionada	""	""
1683	2020-02-22T00:00:00	10:36:00	SEM VÍTIMA	FINALIZADA	GRAÇAS	AV CONS ROSA E SILVA	502	""	EM FRENTE AO EDF ISAAC GONDIM	GRAÇAS		SUBURBIO	CHOQUE VEÍCULO PARADO	DOIS AUTOS	2									0		Longo da via	Bom	Não existe	Perfeito estado	Seca	Perfeito estado	Não existe	R-6a	""	Única	Faixa seccionada	""	""
1684	2020-02-22T00:00:00	10:51:00	SEM VÍTIMA	FINALIZADA	CAMPO GRANDE	EST DE BELEM	""	""	LADO OPOSTO A PRAÇA DE CAMPO GRANDE. PONTO DE ÔNIBUS Nº 130293	CAMPO GRANDE	458	CIDADE	ABALROAMENTO LONGITUDINAL	DOIS AUTOS	1					1				0		Longo da via	Bom	Sem defeito	Perfeito estado	Seca	Perfeito estado	Faixa de pedestre	Outras	40 km/h	Dupla	Faixa contínua	""	""
1685	2020-02-22T00:00:00	11:16:00	COM VÍTIMA	FINALIZADA	PINA	AV ANTONIO DE GOES	534	""	LADO OPOSTO A SUL AMERICA	PINA		CIDADE	ATROPELAMENTO	COLISAO COM VITIMAS	1	1			1					1		Longo da via	Bom	Não existe	Perfeito estado	Seca	Perfeito estado	Não existe	R-4a	60 km/h	Única	Faixa seccionada	""	""
1686	2020-02-22T00:00:00	12:37:00	SEM VÍTIMA	FINALIZADA	BRASÍLIA TEIMOSA	RUA CARAPEBA	90	""	LADO OPOSTO AO Nº 090	BRASÍLIA TEIMOSA		""	CHOQUE VEÍCULO PARADO	COLISÃO SEM VÍTIMA	1						1			0		Longo da via	Bom	Não existe	Não existente	Seca	Perfeito estado	Não existe	Não há placas	""	Dupla	Não existe	""	""
1687	2020-02-22T00:00:00	13:45:00	COM VÍTIMA	FINALIZADA	BOA VIAGEM	RUA PADRE CARAPUCEIRO	444	RUA FRANCISCO DA CUNHA	E/F AO EDF RICARDO PRIMEIRO E OFICINA DESIGN.	BOA VIAGEM		SUBURBIO	ABALROAMENTO TRANSVERSAL	COLISAO ENTRE ONIBUS E AUTO COM UMA VITIMA	1					1				4		Cruzamento	Bom	Não existe	Perfeito estado	Seca	Perfeito estado	Não existe	R-6a	""	Única	Faixa seccionada	""	""
1688	2020-02-22T00:00:00	15:37:00	COM VÍTIMA	FINALIZADA	MADALENA	AV VISCONDE DE ALBUQUERQUE	401	RUA LOPES DE CARVALHO	E/F A GALERIA DA MADALENA CENTER	MADALENA		SUBURBIO	ABALROAMENTO TRANSVERSAL	COLISAO ENTRE AUTO E MOTO COM UMA VITIMA	1	1								1		Cruzamento	Bom	Não existe	Incompleta	Seca	Perfeito estado	Não existe	Não há placas	""	Única	Faixa seccionada	""	""
1689	2020-02-22T00:00:00	17:00:00	SEM VÍTIMA	FINALIZADA	IMBIRIBEIRA	AV MARECHAL MASCARENHAS DE MORAES	2755	""	ASSEMBLEIA DE DEUS NOVO TEMPO	IMBIRIBEIRA	631	CIDADE	COLISÃO TRASEIRA	ENGRAVETAMENTO S/ VITIMA TRES VEICULOS	3									0		Longo da via	Nublado	Sem defeito	Perfeito estado	Seca	""	Faixa de pedestre	Outras	""	Única	Faixa seccionada	Canteiro central	""
1690	2020-02-22T00:00:00	17:31:00	SEM VÍTIMA	FINALIZADA	TORRE	RUA VISCONDE DE ITAPARICA	84	RUA FLORIANO FRANCISCO DE OLIVEIRA	EM FRENTE EDF SOBRADO DA TORRE	TORRE		""	CHOQUE VEÍCULO PARADO	COLISAO S/ VITIMA ENTRE DOIS CARROS	2									0		""	Bom	Não existe	Não existente	Seca	Perfeito estado	Não existe	Não há placas	""	Única	Não existe	""	""
1691	2020-02-22T00:00:00	18:22:00	SEM VÍTIMA	CANCELADA	ÁGUA FRIA	RUA DA REGENERACAO	81	""	ESQUINA COM O POSTO IPIRANGA	ÁGUA FRIA		""	COLISÃO	ENTRE AUTO E MOTO. S/V	1	1								0		""	""	""	""	""	""	""	""	""	""	""	""	""
1692	2020-02-22T00:00:00	19:44:00	SEM VÍTIMA	FINALIZADA	VÁRZEA	AV AFONSO OLINDENSE	2106	""	PANIFICADORA RAINHA DA VARZIA	VÁRZEA		CIDADE	ABALROAMENTO LONGITUDINAL	HONDA FIT X ONIX	2									0		Longo da via	Bom	Não existe	Ilegível	Seca	Perfeito estado	Não existe	Não há placas	""	Única	Não existe	""	""
1693	2020-02-22T00:00:00	21:02:00	SEM VÍTIMA	FINALIZADA	PRADO	RUA JOAO IVO DA SILVA	154	RUA RICARDO SALAZAR	""	PRADO		SUBURBIO	CHOQUE OBJETO FIXO	VEÍCULO SE CHOCOU AO MURO DA RESIDENCIA. CONDUTOR APARENTEMENTE EMBRIAGADO.	1									0		Longo da via	Bom	""	Perfeito estado	Seca	Perfeito estado	Não existe	Outras	""	Única	Faixa seccionada	""	""
1694	2020-02-22T00:00:00	21:26:00	SEM VÍTIMA	FINALIZADA	PARNAMIRIM	RUA JOAO TUDE DE MELO	""	RUA DR JOAO SANTOS FILHO	EM FRENTE AO RESTAURANTE GUAIAMUM GIGANTE	PARNAMIRIM	649	SUBURBIO	COLISÃO TRASEIRA	ENTRE 2 AUTOS. S/V	2									0		Longo da via	Bom	Sem defeito	Perfeito estado	Seca	Perfeito estado	Não existe	Não há placas	""	Única	Faixa seccionada	""	""
1695	2020-02-23T00:00:00	00:11:00	SEM VÍTIMA	FINALIZADA	AFOGADOS	RUA PROFESSOR AUGUSTO WANDERLEY FILHO	""	RUA MOTOCOLOMBO	AO LADO DO TROCÃO	AFOGADOS	39	SUBURBIO	ABALROAMENTO LONGITUDINAL	COLOSÃO ENTRE 02 AUTOS	2									0		Cruzamento	Bom	Sem defeito	Perfeito estado	Seca	Perfeito estado	Faixa de pedestre	""	""	Única	Faixa seccionada	""	""
1696	2020-02-23T00:00:00	07:06:00	SEM VÍTIMA	FINALIZADA	IBURA	AV DOIS RIOS	72	""	EM FRENTE AO SUPERMERCADO MR	IBURA	325	CIDADE	COLISÃO TRASEIRA	DOIS AUTOS	2									0		Longo da via	Bom	Sem defeito	Perfeito estado	Seca	Perfeito estado	Faixa de pedestre	Placas Pare	40 km/h	Dupla	""	""	""
1697	2020-02-23T00:00:00	07:57:00	SEM VÍTIMA	CANCELADA	SÃO JOSÉ	RUA VIDAL DE NEGREIROS	""	""	PÁTIO DO TERÇO	SÃO JOSÉ		""	COLISÃO	""										0		""	""	""	""	""	""	""	""	""	""	""	""	""
1698	2020-02-23T00:00:00	08:04:00	COM VÍTIMA	FINALIZADA	CASA AMARELA	AV NORTE	""	""	EM FRENTE A PAGUE MENOS	CASA AMARELA	79	SUBURBIO	TOMBAMENTO	MOTO DESVIA DO BURACO E CAI NA AVENIDA		1								1		Longo da via	Chuvoso	Sem defeito	Perfeito estado	Molhada	Perfeito estado	Faixa de pedestre	Outras	""	Dupla	Canteiro central	""	""
1699	2020-02-23T00:00:00	08:17:00	SEM VÍTIMA	FINALIZADA	BOA VISTA	RUA DOM BOSCO	""	""	EMLURB	BOA VISTA		SUBURBIO	ABALROAMENTO LONGITUDINAL	VT POLICIA E AUTO PASSEIO	2									0		Longo da via	Bom	Não existe	Perfeito estado	Seca	Perfeito estado	Não existe	Outras	""	Única	Faixa seccionada	""	""
1700	2020-02-23T00:00:00	11:07:00	SEM VÍTIMA	FINALIZADA	GRAÇAS	RUA ALBERTO PAIVA	""	RUA DO FUTURO	""	GRAÇAS	521	CIDADE	ABALROAMENTO TRANSVERSAL	COLISAO S/ VITIMA. ENTRE DOIS VEICULOS	2									0		Cruzamento	Bom	Sem defeito	Perfeito estado	Seca	Perfeito estado	Faixa de pedestre	Outras	""	""	Não existe	""	""
1701	2020-02-23T00:00:00	11:51:00	SEM VÍTIMA	FINALIZADA	BOA VIAGEM	RUA TENENTE JOAO CICERO	""	RUA MINISTRO NELSON HUNGRIA	""	BOA VIAGEM		SUBURBIO	ABALROAMENTO TRANSVERSAL	COLISAO S/ VITIMA ENTRE DOIS VEICULOS	2									0		Cruzamento	Bom	Não existe	Perfeito estado	Seca	Perfeito estado	Faixa de pedestre	Placas Pare	""	Única	Não existe	""	""
1702	2020-02-23T00:00:00	12:15:00	SEM VÍTIMA	FINALIZADA	PORTO DA MADEIRA	RUA DALVA DE OLIVEIRA	""	""	POSTO DE NÚMERO A 031838	PORTO DA MADEIRA		SUBURBIO	ABALROAMENTO LONGITUDINAL	COLISAO S/ VITIMA. ENTRE DOIS VEICULOS	2									0		Ponte	Bom	Não existe	Não existente	Seca	Mal conservada	Não existe	Não há placas	""	Dupla	Não existe	""	""
1703	2020-02-23T00:00:00	12:21:00	SEM VÍTIMA	FINALIZADA	CAMPO GRANDE	RUA ODORICO MENDES	166	RUA VISCONDE DE CAIRU	""	CAMPO GRANDE		CIDADE	ABALROAMENTO LONGITUDINAL	COLISAO S/ VITIMAS ENTRE DOIS AUTO E UMA MOTO	2	1								0		Cruzamento	Bom	Não existe	Perfeito estado	Seca	Perfeito estado	Não existe	Placas Pare	""	Dupla	""	""	""
1704	2020-02-23T00:00:00	13:52:00	SEM VÍTIMA	FINALIZADA	BOA VIAGEM	AV ENGENHEIRO DOMINGOS FERREIRA	100	RUA TOME GIBSON	US CLUB BEAUTY BAR	BOA VIAGEM	200	SUBURBIO	ABALROAMENTO TRANSVERSAL	COLISAO S/ VITIMA ENTRE DOIS VEICULOS	2									0		Longo da via	Bom	Sem defeito	Perfeito estado	Seca	Perfeito estado	Faixa de pedestre	Outras	""	Única	Faixa contínua	""	""
1705	2020-02-23T00:00:00	14:20:00	COM VÍTIMA	FINALIZADA	IMBIRIBEIRA	RUA JOAQUIM BANDEIRA	136	RUA JACY	GALPAO TARGET. LADO OPOSTO AO POSTE B029384	IMBIRIBEIRA		BOA VIAGEM	ABALROAMENTO LONGITUDINAL	COLISAO COM VITIMA ENTRE MOTO E ONIBUS		1				1				1		Longo da via	Bom	Não existe	Não existente	Seca	""	Não existe	Não há placas	""	Única	Faixa seccionada	""	""
1706	2020-02-23T00:00:00	14:20:00	SEM VÍTIMA	CANCELADA	BOA VIAGEM	RUA ELADIO RAMOS	475	""	PROX CELPE DE BOA VIAGEM	BOA VIAGEM		""	COLISÃO	COLISAO DE DOIS AUTOS S/ VITIMAS	2									0		""	""	""	""	""	""	""	""	""	""	""	""	""
1707	2020-02-23T00:00:00	15:03:00	SEM VÍTIMA	FINALIZADA	CASA FORTE	EST DAS UBAIAS-	""	""	EM FRENTE AO Nº 572	CASA FORTE		""	ABALROAMENTO TRANSVERSAL	COLISAO S/ VITIMA ENTRE DOIS VEICULOS	2									0		Longo da via	Bom	Não existe	Perfeito estado	Seca	Perfeito estado	Não existe	Não há placas	""	Dupla	Não existe	""	""
1708	2020-02-23T00:00:00	16:05:00	SEM VÍTIMA	FINALIZADA	AFLITOS	RUA QUARENTA E OITO	815	RUA CARNEIRO VILELA	RESTAURANTE SABOR RANCHO/ SQUINA 48	AFLITOS		CIDADE	ABALROAMENTO TRANSVERSAL	COLISAO S/ VITIMA. ENTRE DOIS VEICULOS	2									0		Cruzamento	Bom	Não existe	Perfeito estado	Seca	Perfeito estado	Não existe	R-6a	""	Única	Faixa contínua	""	""
1709	2020-02-23T00:00:00	18:15:00	SEM VÍTIMA	CANCELADA	PINA	VIADUTO CAPITAO TEMUDO	""	""	POR CIMA DO VIADUTO- E/F AO SHOPPING RIO MAR	PINA		""	COLISÃO	ENTRE 2 AUTOS. S/V	2									0		""	""	""	""	""	""	""	""	""	""	""	""	""
1710	2020-02-23T00:00:00	19:07:00	SEM VÍTIMA	CANCELADA	SANTO ANTÔNIO	RUA SIQUEIRA CAMPOS	150	""	E/F AO CARTORIO PAULO GUERRA	SANTO ANTÔNIO		""	COLISÃO	ENTRE 2 AUTOS. S/V	2									0		""	""	""	""	""	""	""	""	""	""	""	""	""
1711	2020-02-23T00:00:00	19:22:00	COM VÍTIMA	FINALIZADA	SANTO ANTÔNIO	RUA NOVA	""	AV DANTAS BARRETO	ENF. MARIZA E FARMACIA DEPENDENTE	SANTO ANTÔNIO		CIDADE	ATROPELAMENTO	VAN X PEDESTRE (IDOSO)					1	1				1		Longo da via	Bom	Não existe	Ilegível	Seca	Mal iluminada	Não existe	Não há placas	""	Única	Não existe	""	""
1712	2020-02-23T00:00:00	20:08:00	SEM VÍTIMA	FINALIZADA	JOANA BEZERRA	VIADUTO CAPITAO TEMUDO	""	""	FORUM DES. RODOLFO AURELIANO	JOANA BEZERRA		SUBURBIO	ABALROAMENTO LONGITUDINAL	CELTA X GOL	2									0		Viaduto	Bom	Não existe	Perfeito estado	Seca	Perfeito estado	Não existe	Não há placas	60 km/h	Dupla	Canteiro central	""	""
1713	2020-02-23T00:00:00	22:08:00	SEM VÍTIMA	CANCELADA	SANTO ANTÔNIO	RUA IMPERADOR PEDRO SEGUNDO	362	""	E/F A ESCOLA DE SAÚDE REAL PORTUGUÊS / PRÓX AO CAIS DO APOLO	SANTO ANTÔNIO		""	COLISÃO	ENTRE AUTO E ÔNIBUS. S/V	1					1				0		""	""	""	""	""	""	""	""	""	""	""	""	""
1714	2020-02-23T00:00:00	22:51:00	SEM VÍTIMA	CANCELADA	PINA	AV ANTONIO DE GOES	218	""	POSTO DE GASOLINA PETROCAL PINA	PINA		""	COLISÃO	ONIX BRANCO X PALIO PRATA	2									0		""	""	""	""	""	""	""	""	""	""	""	""	""
1715	2020-02-24T00:00:00	01:30:00	SEM VÍTIMA	FINALIZADA	PINA	AV HERCULANO BANDEIRA	""	RUA ARQUITETO AUGUSTO REINALDO	""	PINA	660	SUBURBIO	ABALROAMENTO LONGITUDINAL	DOIS AUTOS	2									0		Cruzamento	Bom	Sem defeito	Não existente	Seca	Mal iluminada	Faixa de pedestre	Não há placas	60 km/h	Única	Faixa seccionada	""	""
1716	2020-02-24T00:00:00	03:40:00	SEM VÍTIMA	FINALIZADA	BOA VIAGEM	RUA DEZ DE JULHO	""	""	DENTRO DO TERMINAL INTEGRADO DO AEROPORTO	BOA VIAGEM		CIDADE	CHOQUE OBJETO FIXO	VEICULO CHOCOU-SE COM PORTÃO DA ESTAÇÃO	1									0		""	Bom	Não existe	Perfeito estado	Seca	Perfeito estado	""	""	""	Única	""	""	""
1717	2020-02-24T00:00:00	04:06:00	COM VÍTIMA	FINALIZADA	BOA VIAGEM	AVENIDA CELSO FURTADO (VIA MANGUE)	""	""	PRIMEIRO RETORNO APOS O SUPERMERCADO EXTRA- SENT. BOA VIAGEM	BOA VIAGEM		SUBURBIO	CHOQUE OBJETO FIXO	VEICULO CHOCOU-SE COM MEIO FIO	1									1		Longo da via	Bom	Não existe	Perfeito estado	Seca	Perfeito estado	Não existe	Não há placas	""	Dupla	Faixa	""	""
1718	2020-02-24T00:00:00	04:32:00	COM VÍTIMA	FINALIZADA	IBURA	AV ENGENHO SERRA VERDE	570	AV RIO LARGO	AO LADO DO ARMAZEM ESQUINA DA CONSTRUÇÃO	IBURA		SUBURBIO	COLISÃO FRONTAL	ONIBUS E MOTO		1				1				1		Esquina	Bom	Não existe	Ilegível	Seca	Mal iluminada	Outros	R-24a	""	Dupla	Não existe	""	""
1719	2020-02-24T00:00:00	05:49:00	SEM VÍTIMA	CANCELADA	IPSEP	AV RECIFE	2586	""	EM FRENTE AO POSTO DE GASOLINA SHELL- SENT. BOA VIAGEM	IPSEP		""	COLISÃO	DOIS ONIBUS						2				0		""	""	""	""	""	""	""	""	""	""	""	""	""
1720	2020-02-24T00:00:00	06:53:00	SEM VÍTIMA	FINALIZADA	BOA VISTA	RUA DA AURORA	""	RUA PRINCESA IZABEL	POLÍCIA CIVIL PERNAMBUCO SDS	BOA VISTA	22	SUBURBIO	ABALROAMENTO LONGITUDINAL	COLISAO S/ VITIMA ENTRE VEICULO E MOTO	1	1								0		Cruzamento	Bom	Sem defeito	Perfeito estado	Seca	Perfeito estado	Faixa de pedestre	R-6a	40 km/h	Única	Faixa contínua	""	""
1721	2020-02-24T00:00:00	08:13:00	SEM VÍTIMA	FINALIZADA	SAN MARTIN	RUA COMENDADOR JOSE VITA	54	""	""	SAN MARTIN		""	CHOQUE VEÍCULO PARADO	COLISÃO SEM VITIMAS	1						1			0		Longo da via	Nublado	Não existe	Não existente	Seca	""	Não existe	Não há placas	""	Dupla	Não existe	""	""
1722	2020-02-24T00:00:00	08:55:00	SEM VÍTIMA	FINALIZADA	IMBIRIBEIRA	AV PINHEIROS	70	AV MARECHAL MASCARENHAS DE MORAES	LOTERIA A IMPERIAL	IMBIRIBEIRA		SUBURBIO	CHOQUE VEÍCULO PARADO	COLISÃO 'SEM VITIMAS	1						1			0		Longo da via	Bom	""	Incompleta	Seca	Perfeito estado	Não existe	Não há placas	""	Dupla	Não existe	""	""
1723	2020-02-24T00:00:00	09:19:00	SEM VÍTIMA	FINALIZADA	SANTO AMARO	AV CRUZ CABUGA	33	""	AO LADO DO SEFAZ	SANTO AMARO	344	CIDADE	ABALROAMENTO LONGITUDINAL	CAMINHAO E ONIBUS						1	1			0		Longo da via	Bom	Sem defeito	Perfeito estado	Seca	Perfeito estado	Não existe	R-6a	60 km/h	Dupla	Faixa contínua	""	""
1724	2020-02-24T00:00:00	10:27:00	SEM VÍTIMA	FINALIZADA	BOA VISTA	RUA DO HOSPICIO	33	""	EDF SÃO RAFAEL	BOA VISTA	33	""	COLISÃO TRASEIRA	COLISAO S/ VITIMA ENTRE DOIS VEICULOS	2									0		Longo da via	Bom	Sem defeito	Perfeito estado	Seca	Perfeito estado	Não existe	R-6b	30 km/h	Única	Não existe	""	""
1725	2020-02-24T00:00:00	11:16:00	SEM VÍTIMA	FINALIZADA	PINA	RUA MANOEL DE BRITO	""	""	AO LADO DO POSTO POLICIAL	PINA		CIDADE	ABALROAMENTO TRANSVERSAL	""	2									0		""	Bom	Não existe	Perfeito estado	Seca	Perfeito estado	Outros	Outras	60 km/h	Única	Faixa contínua	""	""
1726	2020-02-24T00:00:00	12:28:00	SEM VÍTIMA	FINALIZADA	SANTO AMARO	AV GOVERNADOR AGAMENON MAGALHAES	""	""	SEMÁFORO DE Nº 465	SANTO AMARO	465	""	COLISÃO TRASEIRA	ENGAVETAMENTO S/ VITIMA. TRES VEICULOS	3									0		Longo da via	Bom	Sem defeito	Perfeito estado	Seca	Perfeito estado	Faixa de pedestre	""	60 km/h	Dupla	Canal	""	""
1727	2020-02-24T00:00:00	13:38:00	COM VÍTIMA	FINALIZADA	IPUTINGA	RUA BOM PASTOR	670	RUA MAURICEIA	E/F MERCADINHO MERCOFRUIT	IPUTINGA	652	SUBURBIO	ABALROAMENTO LONGITUDINAL	COLISÃO C/VITIMA ENTRE UMA MOTO E UM ONIBUS		1				1				1		Cruzamento	Bom	Sem defeito	Perfeito estado	Seca	Perfeito estado	Faixa de pedestre	Outras	""	Dupla	Faixa contínua	""	""
1728	2020-02-24T00:00:00	15:49:00	SEM VÍTIMA	FINALIZADA	IMBIRIBEIRA	AV PRESIDENTE DUTRA	4983	""	""	IMBIRIBEIRA		SUBURBIO	ABALROAMENTO LONGITUDINAL	COLISAO S/ VITIMA. ENTRE DOIS VEICULOS	2									0		Longo da via	Bom	Não existe	Perfeito estado	Seca	Perfeito estado	Agente	Não há placas	60 km/h	Única	Faixa seccionada	""	""
1729	2020-02-24T00:00:00	16:53:00	SEM VÍTIMA	CANCELADA	CORDEIRO	AV CAXANGA	""	""	""	CORDEIRO	234	SUBURBIO	ABALROAMENTO LONGITUDINAL	COLISÃO SEM VÍTIMA	1	1								0		Longo da via	Bom	Sem defeito	Perfeito estado	Seca	Perfeito estado	Agente	Outras	60 km/h	Única	Canteiro central	""	""
1730	2020-02-24T00:00:00	19:14:00	SEM VÍTIMA	FINALIZADA	""	AV CORREIA DE BRITO	741	""	MERCADO DE SITIO NOVO	""		CIDADE	COLISÃO TRASEIRA	ENGAVETAMENTO S/VITIMAS	3									0		Longo da via	Bom	Não existe	Perfeito estado	Seca	Perfeito estado	Não existe	Não há placas	""	Dupla	Faixa contínua	""	""
1731	2020-02-24T00:00:00	19:31:00	SEM VÍTIMA	CANCELADA	SÃO JOSÉ	C SANTA RITA	""	""	E/F A ANTIGA RODOVIARIA	SÃO JOSÉ		""	COLISÃO	COLISAO S/ VITIMA. ENTRE DOIS VEICULOS	2									0		""	""	""	""	""	""	""	""	""	""	""	""	""
1732	2020-02-24T00:00:00	20:27:00	SEM VÍTIMA	FINALIZADA	SÃO JOSÉ	AV SUL	147	""	ANTES DO FORTE DAS CINCO PONTAS	SÃO JOSÉ		CIDADE	ABALROAMENTO LONGITUDINAL	ENTRE AUTO PASSEIO E ÔNIBUS. S/V	1					1				0		Longo da via	Bom	""	Perfeito estado	Seca	Perfeito estado	Não existe	Outras	""	Única	Faixa seccionada	""	""
1733	2020-02-24T00:00:00	20:53:00	SEM VÍTIMA	FINALIZADA	SANTO AMARO	PTE DO LIMOEIRO	""	""	PRÓXIMO AO POSTO PETRÓBRAS	SANTO AMARO		CIDADE	ABALROAMENTO LONGITUDINAL	ENTRE TÁXI E AUTO PASSEIO. S/V	2									0		Ponte	Bom	Não existe	Perfeito estado	Seca	Perfeito estado	Não existe	Não há placas	""	Dupla	Faixa contínua	Faixa seccionada	""
1734	2020-02-24T00:00:00	21:20:00	SEM VÍTIMA	FINALIZADA	BOA VISTA	RUA DO HOSPICIO	""	""	CÂMARA DOS VERIADORES	BOA VISTA	31	CIDADE	ABALROAMENTO LONGITUDINAL	COLISAO SEM VITIMAS	1					1				0		Longo da via	Bom	Sem defeito	Perfeito estado	Seca	Perfeito estado	Faixa de pedestre	Outras	""	Única	Faixa seccionada	Não existe	""
1735	2020-02-24T00:00:00	21:59:00	SEM VÍTIMA	FINALIZADA	SÃO JOSÉ	RUA IMPERIAL	""	RUA DO PEIXOTO	EM FRENTE A IGREJA DE SÃO JOSÉ	SÃO JOSÉ	207	SUBURBIO	ABALROAMENTO LONGITUDINAL	ENTRE VAN E AUTO PASSEIO. S/V	1					1				0		Cruzamento	Bom	Sem defeito	Ilegível	Seca	Perfeito estado	Não existe	Não há placas	""	Única	Não existe	""	""
1736	2020-02-24T00:00:00	22:19:00	SEM VÍTIMA	CANCELADA	VASCO DA GAMA	AV NORTE	""	""	E/F A PRC LARGO DOM LUIZ	VASCO DA GAMA		""	COLISÃO	ENTRE 2 AUTOS. S/V	2									0		""	""	""	""	""	""	""	""	""	""	""	""	""
1737	2020-02-24T00:00:00	23:23:00	SEM VÍTIMA	FINALIZADA	SANTO AMARO	AV NORTE	""	""	E/F A RÁDIO UNIVERSITÁRIA	SANTO AMARO		""	ABALROAMENTO LONGITUDINAL	ENTRE 2V AUTOS. S/V	2									0		Longo da via	Bom	Sem defeito	Perfeito estado	Seca	Perfeito estado	Não existe	Não há placas	60 km/h	Dupla	Canteiro central	""	""
1738	2020-02-25T00:00:00	04:46:00	SEM VÍTIMA	CANCELADA	SÃO JOSÉ	AV SUL	""	C SANTA RITA	ANTES DA PONTE GIRATORIA /EM FRENTE AO ARMAZEM 16- SEMÁFORO 076	SÃO JOSÉ		""	COLISÃO	CAMINHÃO X AUTO. S/V	1						1			0		""	""	""	""	""	""	""	""	""	""	""	""	""
1739	2020-02-25T00:00:00	05:21:00	COM VÍTIMA	FINALIZADA	SANTO AMARO	AV GOVERNADOR AGAMENON MAGALHAES	""	RUA ODORICO MENDES	E/F A DELEGACIA 13° BATALHÃO / SEMÁFORO 049 ---- VT 13 NO LOCAL	SANTO AMARO	49	CIDADE	ABALROAMENTO TRANSVERSAL	ENTRE 2 TÁXIS. C/V	2									1		Cruzamento	Bom	Sem defeito	Perfeito estado	Seca	Perfeito estado	Faixa de pedestre	""	60 km/h	Dupla	Canal	""	""
1740	2020-02-25T00:00:00	07:32:00	SEM VÍTIMA	FINALIZADA	ILHA DO LEITE	RUA ANTONIO GOMES DE FREITAS	174	""	LADO OPOSTO AO SEOPE ( HOSPITAL DOS OLHOS )	ILHA DO LEITE		CIDADE	ABALROAMENTO LONGITUDINAL	COLISÃO S/VITIMAS ENTRE UM CAMINHÃO E UM AUTO	1						1			0		Longo da via	Bom	Não existe	Perfeito estado	Seca	Perfeito estado	Faixa de pedestre	""	""	Única	Faixa seccionada	""	""
1741	2020-02-25T00:00:00	07:33:00	SEM VÍTIMA	FINALIZADA	SÃO JOSÉ	AV SUL	""	""	LADO OPOSTO A AGEMAR	SÃO JOSÉ		CIDADE	ABALROAMENTO LONGITUDINAL	CAMINHÃO X AUTO. S/V	1						1			0		Longo da via	Bom	Sem defeito	Perfeito estado	Seca	Perfeito estado	Não existe	Outras	""	Dupla	Canteiro central	""	""
1742	2020-02-25T00:00:00	10:46:00	SEM VÍTIMA	FINALIZADA	TORRE	RUA JOAO TUDE DE MELO	""	RUA VIRGINIA LORETO	""	TORRE	649	""	ABALROAMENTO TRANSVERSAL	COLISÃO SEM VITIMAS	3									0		""	Bom	Sem defeito	Perfeito estado	Seca	Perfeito estado	Faixa de pedestre	R-6a	""	Única	Faixa contínua	""	""
1743	2020-02-25T00:00:00	12:40:00	SEM VÍTIMA	CANCELADA	BOA VIAGEM	AV ENGENHEIRO DOMINGOS FERREIRA	""	""	EM FRENTE AO CERPE/ PISTA DA ESQUERDA	BOA VIAGEM	380	""	COLISÃO	COLISÃO SEM VÍTIMA	2									0		""	""	""	""	""	""	""	""	""	""	""	""	""
1744	2020-02-25T00:00:00	13:37:00	SEM VÍTIMA	CANCELADA	PARNAMIRIM	EST DO ENCANAMENTO	350	""	AO LADO DA CASA DE BATERIAS HELIAR	PARNAMIRIM		""	COLISÃO	COLISAO S/ VITIMAS	2									0		""	""	""	""	""	""	""	""	""	""	""	""	""
1745	2020-02-25T00:00:00	14:10:00	SEM VÍTIMA	FINALIZADA	MADALENA	RUA BENFICA	""	""	EM FRENTE AO SPORT CLUBE DO RECIFE	MADALENA		CIDADE	ABALROAMENTO LONGITUDINAL	COLISAO S/ VITIMAS DE DOIS AUTOS	2									0		Longo da via	Bom	Não existe	Perfeito estado	Seca	Perfeito estado	Não existe	""	40 km/h	Única	Não existe	""	""
1746	2020-02-25T00:00:00	15:14:00	SEM VÍTIMA	FINALIZADA	NOVA DESCOBERTA	AV VEREADOR OTACILIO AZEVEDO	""	""	""	NOVA DESCOBERTA		CIDADE	ABALROAMENTO LONGITUDINAL	COLISAO SEM VITIMAS	1					1				0		Longo da via	Bom	Não existe	Perfeito estado	Seca	Perfeito estado	Outros	Outras	""	Dupla	Faixa seccionada	""	""