_id	data	hora	natureza_acidente	situacao	bairro	endereco	numero	detalhe_endereco_acidente	complemento	bairro_cruzamento	num_semaforo	sentido_via	tipo	descricao	auto	moto	ciclom	ciclista	pedestre	onibus	caminhao	viatura	outros	vitimas	vitimasfatais	acidente_verificado	tempo_clima	situacao_semaforo	sinalizacao	condicao_via	conservacao_via	ponto_controle	situacao_placa	velocidade_max_via	mao_direcao	divisao_via1	divisao_via2	divisao_via3
1747	2020-02-25T00:00:00	15:23:00	SEM VÍTIMA	FINALIZADA	BOA VIAGEM	AV CONSELHEIRO AGUIAR	""	""	SEMÁFORO 147	BOA VIAGEM	147	CIDADE	ABALROAMENTO LONGITUDINAL	COLISAO SEM VITIMAS	1					1				0		Cruzamento	Bom	Sem defeito	Perfeito estado	Seca	Perfeito estado	Faixa de pedestre	R-6a	""	Única	Faixa contínua	Faixa seccionada	""
1748	2020-02-25T00:00:00	16:49:00	SEM VÍTIMA	CANCELADA	ÁGUA FRIA	AV BEBERIBE	1628	""	AO LADO DA IGREJA ASSEMBLEIA DE DEUS S/T SUB	ÁGUA FRIA		""	COLISÃO	COLISAO ENTRE DOIS AUTOS S/V	2									0		""	""	""	""	""	""	""	""	""	""	""	""	""
1749	2020-02-25T00:00:00	17:18:00	SEM VÍTIMA	FINALIZADA	TORRE	AV BEIRA RIO	73	RUA JANUARIO BARBOSA	COLEGIO EQUIPE	TORRE		CIDADE	COLISÃO TRASEIRA	COLISAO SEM VITIMAS	2									0		""	Chuvoso	Não existe	Perfeito estado	Molhada	Perfeito estado	Faixa de pedestre	Placas Pare	""	Única	Faixa contínua	Faixa seccionada	""
1750	2020-02-25T00:00:00	19:50:00	COM VÍTIMA	FINALIZADA	IMBIRIBEIRA	AV MARECHAL MASCARENHAS DE MORAES	5905	""	UNIDAS	IMBIRIBEIRA		""	CHOQUE OBJETO FIXO	VEICULO COLIDIU COM A MURETA	1									1		Viaduto	Bom	Não existe	Perfeito estado	Seca	Perfeito estado	Não existe	Não há placas	""	""	Não existe	""	""
1751	2020-02-25T00:00:00	20:58:00	SEM VÍTIMA	FINALIZADA	IPUTINGA	RUA SAO MATEUS	""	""	DEPÓSITO DOS CORREIOS	IPUTINGA		SUBURBIO	CHOQUE VEÍCULO PARADO	CAMINHAO ( CAVALO) X FIESTA OBS: MOTORISTA EVADIU-SE DEIXANDO O VEICULO							1		1	0		Longo da via	Bom	Não existe	Ilegível	Seca	Perfeito estado	Não existe	Não há placas	""	Dupla	Não existe	""	""
1752	2020-02-25T00:00:00	21:38:00	SEM VÍTIMA	CANCELADA	BOMBA DO HEMETÉRIO	RUA ANTONIO MEIRA	119	""	PROX A LIGA DO DOMINO	BOMBA DO HEMETÉRIO		""	COLISÃO	FORD KA X ECOSPORT OBS: MOTORISTA EVADIU-SE DO LOCAL DEIXANDO O VEICULO	2									0		""	""	""	""	""	""	""	""	""	""	""	""	""
1753	2020-02-25T00:00:00	22:15:00	SEM VÍTIMA	CANCELADA	BOA VISTA	RUA IMPERATRIZ TEREZA CRISTINA	""	""	PROX A LIVRARIA IMPERATRIZ	BOA VISTA		""	COLISÃO	COLISAO SEM VITIMAS	1	1								0		""	""	""	""	""	""	""	""	""	""	""	""	""
1754	2020-02-25T00:00:00	23:29:00	SEM VÍTIMA	FINALIZADA	SÃO JOSÉ	C SANTA RITA	595	""	""	SÃO JOSÉ		CIDADE	COLISÃO TRASEIRA	PRISMA X LOGAN	2									0		Longo da via	Bom	Não existe	Perfeito estado	Seca	Perfeito estado	Não existe	Não há placas	40 km/h	Dupla	Faixa contínua	Faixa seccionada	""
1755	2020-02-26T00:00:00	03:39:00	SEM VÍTIMA	FINALIZADA	BOA VISTA	PTE PRINCESA IZABEL	""	""	""	BOA VISTA		SUBURBIO	COLISÃO TRASEIRA	SIENA X FIAT CRONOS X PALIO  (2 TAXIS E UM UBER )	3									0		""	Bom	Sem defeito	Perfeito estado	Seca	Perfeito estado	""	""	""	Dupla	Faixa contínua	""	""
1756	2020-02-26T00:00:00	04:03:00	COM VÍTIMA	FINALIZADA	BEBERIBE	AV BEBERIBE	111	RUA DA CORAGEM	PROX AO POSTO SHELL	BEBERIBE	186	CIDADE	ABALROAMENTO LONGITUDINAL	SANDERO BRANCO X MOTO	1	1								1		Longo da via	Bom	Sem defeito	Incompleta	Molhada	Mal conservada	Faixa de pedestre	Não há placas	""	Dupla	Faixa contínua	""	""
1757	2020-02-26T00:00:00	04:39:00	SEM VÍTIMA	FINALIZADA	BOA VIAGEM	AV ENGENHEIRO DOMINGOS FERREIRA	""	""	EM FRENTE AO LAÇA BURGUER	BOA VIAGEM		SUBURBIO	ABALROAMENTO LONGITUDINAL	COLISÃO ENTRE DOIS AUTOS- S/V	2									0		Longo da via	Bom	Sem defeito	Perfeito estado	Seca	Perfeito estado	Faixa de pedestre	Outras	""	Única	Canteiro central	""	""
1758	2020-02-26T00:00:00	05:20:00	SEM VÍTIMA	FINALIZADA	SANTO AMARO	AV CRUZ CABUGA	""	RUA DOS PALMARES	""	SANTO AMARO	171	CIDADE	ABALROAMENTO TRANSVERSAL	SIENA X FIESTA	2									0		Cruzamento	Bom	Sem defeito	Perfeito estado	Seca	Perfeito estado	Faixa de pedestre	Outras	""	Dupla	Faixa contínua	Faixa seccionada	""
1759	2020-02-26T00:00:00	06:31:00	COM VÍTIMA	FINALIZADA	MADALENA	RUA REAL DA TORRE	361	RUA LOPES DE CARVALHO	EM FRENTE A LOJA DE CENTRO DE TRATAMENTO PARA OS PES	MADALENA		CIDADE	CHOQUE OBJETO FIXO	AUTO E POSTE	1									1		Longo da via	Bom	Não existe	Perfeito estado	Seca	Perfeito estado	Não existe	""	""	Dupla	Faixa seccionada	""	""
1760	2020-02-26T00:00:00	07:04:00	SEM VÍTIMA	FINALIZADA	BOA VIAGEM	AV BOA VIAGEM	""	RUA BALTAZAR PASSOS	""	BOA VIAGEM	149	CIDADE	ABALROAMENTO LONGITUDINAL	COLISÃO SEM VITIMAS	1					1				0		Cruzamento	Bom	Sem defeito	Perfeito estado	Seca	Perfeito estado	Faixa de pedestre	R-6a	""	Única	Faixa contínua	""	""
1761	2020-02-26T00:00:00	10:19:00	SEM VÍTIMA	CANCELADA	ROSARINHO	AV NORTE	3435	RUA GENERAL ABREU E LIMA	E/F AO PONTO CERTO AUTOMOTIVO	ROSARINHO		""	COLISÃO	COLISÃO S/VITIMAS ENTRE UM ONIBUS E UM AUTO	1					1				0		""	""	""	""	""	""	""	""	""	""	""	""	""
1762	2020-02-26T00:00:00	13:51:00	SEM VÍTIMA	FINALIZADA	TAMARINEIRA	AV NORTE	3714	""	AO LADO DO SEMÁFORO 062	TAMARINEIRA	62	SUBURBIO	COLISÃO TRASEIRA	COLISAO ENTRE DOIS AUTOS S/V	2									0		Longo da via	Bom	Não existe	Perfeito estado	Seca	Perfeito estado	Não existe	R-6a	""	Única	Faixa seccionada	Canteiro central	""
1763	2020-02-26T00:00:00	15:12:00	SEM VÍTIMA	FINALIZADA	BOA VISTA	RUA DOS PALMARES	""	AV CRUZ CABUGA	""	BOA VISTA	171	CIDADE	ABALROAMENTO LONGITUDINAL	COLISÃO SEM VÍTIMA	1						1			0		Cruzamento	Bom	Sem defeito	Perfeito estado	Seca	Perfeito estado	Faixa de pedestre	R-6a	40 km/h	Dupla	Canteiro central	""	""
1764	2020-02-26T00:00:00	15:39:00	SEM VÍTIMA	FINALIZADA	TAMARINEIRA	EST VELHA DE AGUA FRIA	""	""	EM FRENTE AO DNOCS	TAMARINEIRA		""	COLISÃO TRASEIRA	COLISAO ENTRE DOIS AUTOS S/V	2									0		Longo da via	Bom	Não existe	Perfeito estado	Seca	Perfeito estado	Não existe	Não há placas	""	Dupla	Faixa contínua	""	""
1765	2020-02-26T00:00:00	17:24:00	SEM VÍTIMA	FINALIZADA	IPSEP	AV RAIMUNDO DINIZ	""	RUA DAVID PERNETA	""	IPSEP		SUBURBIO	ABALROAMENTO LONGITUDINAL	COLISÃO SEM VÍTIMA	2									0		Cruzamento	Bom	Não existe	Não existente	Seca	Mal iluminada	Não existe	Não há placas	""	Dupla	Não existe	""	""
1766	2020-02-26T00:00:00	18:21:00	SEM VÍTIMA	FINALIZADA	TORRE	AV BEIRA RIO	825	""	RIVER TOWER RESIDENCE Nº 825	TORRE		SUBURBIO	COLISÃO TRASEIRA	FOX X MOTO X GOL	1	1								0		Longo da via	Bom	Não existe	Perfeito estado	Seca	Perfeito estado	Não existe	Outras	""	Dupla	Faixa seccionada	""	""
1767	2020-02-26T00:00:00	18:31:00	COM VÍTIMA	FINALIZADA	CURADO	RUA DR GEORGE WILLIAM BUTLER	""	AV PREFEITO ANTONIO PEREIRA	NA RUA ACESSO AO TIP RUA DA KIMBOM POR TRAS DA NAGEM	CURADO		TIP	ABALROAMENTO TRANSVERSAL	COLISAO ENTRE MOTO CINQUENTINHA E AUTO COM UMA VITIMA	1		1							1		Longo da via	Bom	Não existe	Não existente	Seca	Mal conservada	Não existe	Não há placas	""	Dupla	Faixa contínua	""	""
1768	2020-02-27T00:00:00	00:05:00	SEM VÍTIMA	FINALIZADA	BOA VIAGEM	RUA RIBEIRO DE BRITO	1326	RUA AMALIA BERNARDINO DE SOUZA	UNINASSAU	BOA VIAGEM		SUBURBIO	ABALROAMENTO TRANSVERSAL	COLISÃO ENTRE DOIS AUTOS S/V	2									0		Cruzamento	Bom	Não existe	Perfeito estado	Seca	Perfeito estado	Não existe	Não há placas	""	Única	Faixa seccionada	""	""
1769	2020-02-27T00:00:00	05:32:00	SEM VÍTIMA	FINALIZADA	GRAÇAS	AV RUI BARBOSA	735	RUA TENENTE ANTONIO JOAO	FRENTE AO COLÉGIO AGNES	GRAÇAS		SUBURBIO	CHOQUE OBJETO FIXO	""	1									0		Longo da via	Chuvoso	Não existe	Perfeito estado	Molhada	Perfeito estado	""	R-6a	""	Única	Faixa seccionada	""	""
1770	2020-02-27T00:00:00	07:04:00	SEM VÍTIMA	FINALIZADA	PAISSANDU	AV GOVERNADOR AGAMENON MAGALHAES	4407	""	EM FRENTE AO ESTACIONAMENTO SANPARK	PAISSANDU		CIDADE	ABALROAMENTO LONGITUDINAL	COLISAO SEM VITIMAS	1					1				0		Longo da via	Bom	Sem defeito	Perfeito estado	Seca	Perfeito estado	Agente	Não há placas	60 km/h	Dupla	Faixa seccionada	Canteiro central	""
1771	2020-02-27T00:00:00	07:39:00	SEM VÍTIMA	FINALIZADA	BOA VIAGEM	RUA VISCONDE DE JEQUITINHONHA	""	RUA DOM JOSE LOPES	""	BOA VIAGEM		""	ABALROAMENTO TRANSVERSAL	COLISÃO SEM VITIMAS	2									0		Cruzamento	Bom	Não existe	Perfeito estado	Seca	Perfeito estado	Faixa de pedestre	Placas Pare	""	Única	Não existe	""	""
1772	2020-02-27T00:00:00	08:22:00	COM VÍTIMA	FINALIZADA	MADALENA	RUA BENFICA	""	""	AO LADO DO MUSEU DA ABOLIÇÃO	MADALENA	257	SUBURBIO	ABALROAMENTO LONGITUDINAL	COLISÃO COM VÍTIMAS	1					1				1		Longo da via	Bom	Sem defeito	Perfeito estado	Seca	Perfeito estado	Faixa de pedestre	R-6a	60 km/h	Dupla	Faixa contínua	""	""
1773	2020-02-27T00:00:00	08:50:00	SEM VÍTIMA	FINALIZADA	CASA AMARELA	AV NORTE	""	""	LADO OPOSTO A UPINHA	CASA AMARELA		CIDADE	ABALROAMENTO LONGITUDINAL	COLISÃO S/VITIMAS ENTRE UM AUTO E UM CAMINHÃO	1						1			0		Longo da via	Bom	Não existe	Perfeito estado	Seca	Perfeito estado	Não existe	Não há placas	40 km/h	Dupla	Canteiro central	""	""
1774	2020-02-27T00:00:00	08:48:00	SEM VÍTIMA	FINALIZADA	GRAÇAS	AV RUI BARBOSA	218	""	EM FRENTE AO Nº 218	GRAÇAS	102	CIDADE	COLISÃO TRASEIRA	DOIS AUTOS   PONTO FIXO GM POLIANA	2									0		Longo da via	Bom	Sem defeito	Perfeito estado	Seca	Perfeito estado	Faixa de pedestre	Outras	60 km/h	Única	Faixa contínua	""	""
1775	2020-02-27T00:00:00	09:21:00	SEM VÍTIMA	FINALIZADA	IPSEP	AV RECIFE	2688	""	""	IPSEP	16	""	ABALROAMENTO LONGITUDINAL	COLISÃO SEM VITIMA	1								1	0		Longo da via	Bom	Sem defeito	Perfeito estado	Seca	Perfeito estado	Faixa de retenção	R-6a	""	Dupla	Faixa seccionada	Canteiro central	""
1776	2020-02-27T00:00:00	09:26:00	SEM VÍTIMA	FINALIZADA	CURADO	RUA MINISTRO MARIO ANDREAZZA	""	""	INSTITUTO DE INQUAÇÃO TECNOLOGICA - UPE	CURADO		""	COLISÃO FRONTAL	COLISÃO SEM VITIMAS	1						1			0		Longo da via	Bom	Não existe	Não existente	Seca	Perfeito estado	Não existe	Não há placas	""	Dupla	Não existe	""	""
1777	2020-02-27T00:00:00	11:23:00	SEM VÍTIMA	FINALIZADA	SANTO AMARO	AV CRUZ CABUGA	431	""	ARMAZEM ACHAQUI	SANTO AMARO		CIDADE	ABALROAMENTO LONGITUDINAL	COLISÃO SEM VITIMAS							2			0		Longo da via	Bom	Sem defeito	Perfeito estado	Seca	Perfeito estado	Agente	Outras	""	Dupla	Faixa contínua	""	""
1778	2020-02-27T00:00:00	11:24:00	SEM VÍTIMA	FINALIZADA	DERBY	RUA AMAURI DE MEDEIROS	110	RUA BARAO DE GOIANA	EDIFÍCIO DERBY PARK	DERBY		SUBURBIO	ABALROAMENTO TRANSVERSAL	DOIS AUTOS  BATEDORES NO LOCAL GM´S ANDERSON E LUIZ ALBERTO	2									0		Cruzamento	Bom	Não existe	Perfeito estado	Seca	Perfeito estado	Não existe	Placas Pare	""	Única	Não existe	""	""
1779	2020-02-27T00:00:00	11:30:00	COM VÍTIMA	FINALIZADA	ENCRUZILHADA	AV NORTE	2160	""	EM FRENTE A RENAULT- SENT. SUB	ENCRUZILHADA		SUBURBIO	COLISÃO TRASEIRA	TRES AUTOS E UM ÔNIBUS - VT-21 SUB. FATIMA NO LOCAL	3					1				2		Longo da via	Bom	Sem defeito	Perfeito estado	Seca	Perfeito estado	Faixa de pedestre	R-6a	""	Única	Faixa seccionada	Canteiro central	""
1780	2020-02-27T00:00:00	11:48:00	SEM VÍTIMA	FINALIZADA	PARNAMIRIM	RUA TITO ROSAS	375	""	EDIFÍCIO VILA MARIANNA	PARNAMIRIM		CIDADE	ABALROAMENTO LONGITUDINAL	USUARIO SE MACHUCOU MAS FALOU QUE NAO QUERIA CHAMAR O SAMU	1	1								0		Longo da via	Bom	Não existe	Perfeito estado	Seca	Perfeito estado	Não existe	Outras	""	Única	""	Faixa seccionada	""
1781	2020-02-27T00:00:00	12:01:00	SEM VÍTIMA	FINALIZADA	DERBY	AV GOVERNADOR AGAMENON MAGALHAES	2291	""	EM FRENTE AO HOSPITAL MEMORIAL SÃO JOSÉ	DERBY		""	COLISÃO TRASEIRA	COLISÃO SEM VITIMAS	3									0		Longo da via	Bom	Sem defeito	Perfeito estado	Seca	Perfeito estado	Agente	Outras	60 km/h	Dupla	Faixa seccionada	""	""
1782	2020-02-27T00:00:00	12:30:00	SEM VÍTIMA	FINALIZADA	BOA VISTA	RUA CORREDOR DO BISPO	""	""	EM FRENTE A SAÍDA DO SOPPHING BOA VISTA	BOA VISTA		""	CHOQUE VEÍCULO PARADO	COLISÃO SEM VITIMAS. ENTRE DOIS VEICULOS	2									0		Longo da via	Bom	Não existe	Perfeito estado	Seca	Perfeito estado	Não existe	""	""	Única	Não existe	""	""
1783	2020-02-27T00:00:00	12:49:00	COM VÍTIMA	FINALIZADA	ILHA JOANA BEZERRA	AV BEIRA RIO	S/N	""	NA DESCIDA DO VIADUTO PROX AO FORUM DESEMBARGADOR RODOLFO AURELIANO S/T CID. AO LADO DA ACADEMIA DA CIDADE	ILHA JOANA BEZERRA		CIDADE	ABALROAMENTO TRANSVERSAL	COLISAO ENTRE AUTO E MOTO COM UMA VITIMA	1	1								1		Cruzamento	Bom	Não existe	Perfeito estado	Seca	Perfeito estado	Não existe	Placas Pare	40 km/h	Dupla	Faixa contínua	""	""
1784	2020-02-27T00:00:00	12:56:00	SEM VÍTIMA	FINALIZADA	ARRUDA	RUA RAMIZ GALVAO	133	RUA RAUL POMPEIA	EM FRENTE AO HOTELZINHO PEDACINHO DO CÉU	ARRUDA		CIDADE	COLISÃO FRONTAL	COLISÃO SEM VÍTIMA	1						1			0		Cruzamento	Bom	Não existe	Perfeito estado	Seca	Perfeito estado	Não existe	Placas Pare	""	Dupla	Não existe	""	""
1785	2020-02-27T00:00:00	13:12:00	COM VÍTIMA	FINALIZADA	TORRE	RUA REAL DA TORRE	1309	""	DROGARIA SAO PAULO// MARTELINHO DE OURO	TORRE		CIDADE	ABALROAMENTO TRANSVERSAL	COLISAO COM VITIMA. ENTRE MOTO E VEICULO	1	1								1		Longo da via	Bom	Não existe	Perfeito estado	Seca	Perfeito estado	Outros	Outras	""	""	""	""	""
1786	2020-02-27T00:00:00	13:14:00	SEM VÍTIMA	FINALIZADA	IPSEP	RUA JEAN EMILE FAVRE	1712	""	EM FRENTE A MONTE CARLO'S	IPSEP		SUBURBIO	ABALROAMENTO LONGITUDINAL	COLISAO ENTRE DOIS AUTOS S/V	2									0		Longo da via	Bom	Não existe	Perfeito estado	Seca	Perfeito estado	Não existe	Placas Pare	""	Dupla	Faixa contínua	Faixa seccionada	""
1787	2020-02-27T00:00:00	13:26:00	SEM VÍTIMA	FINALIZADA	""	PRC DO DERBY	""	RUA JENER DE SOUZA	EM FRENTE A PRAÇA DO DERBY	""	40	CIDADE	ABALROAMENTO TRANSVERSAL	COLISAO ENTRE CARRO DO SAMU E BRT S/V						1	1			0		Longo da via	Bom	Sem defeito	Perfeito estado	Seca	Perfeito estado	Faixa de pedestre	""	50 km/h	Dupla	Faixa contínua	""	""
1788	2020-02-27T00:00:00	14:19:00	SEM VÍTIMA	FINALIZADA	IMBIRIBEIRA	AV MARECHAL MASCARENHAS DE MORAES	""	""	SOB O SEMÁFORO Nº 631	IMBIRIBEIRA	631	CIDADE	COLISÃO TRASEIRA	COLISAO ENTRE DOIS AUTOS S/V	2									0		Longo da via	Bom	Sem defeito	Perfeito estado	Seca	Perfeito estado	Faixa de pedestre	R-6a	""	Dupla	Canteiro central	""	""
1789	2020-02-27T00:00:00	14:24:00	SEM VÍTIMA	FINALIZADA	AFOGADOS	RUA JACIRA	""	RUA CINCO DE NOVEMBRO	""	AFOGADOS		SUBURBIO	ABALROAMENTO TRANSVERSAL	COLISÃO SEM VÍTIMA	1	1								0		Cruzamento	Bom	Não existe	Incompleta	Seca	Mal conservada	Não existe	Não há placas	""	Única	Não existe	""	""
1790	2020-02-27T00:00:00	14:24:00	SEM VÍTIMA	FINALIZADA	CABANGA	PTE GOVERNADOR PAULO GUERRA	""	""	SOBRE A PONTE	CABANGA		CIDADE	COLISÃO TRASEIRA	COLISÃO SEM VÍTIMA	2									0		Ponte	Bom	Não existe	Perfeito estado	Seca	Perfeito estado	Não existe	Não há placas	60 km/h	Dupla	""	""	""
1791	2020-02-27T00:00:00	14:50:00	SEM VÍTIMA	FINALIZADA	AFOGADOS	RUA SAO MIGUEL	404	""	BANCO DO BRASIL	AFOGADOS		CIDADE	COLISÃO TRASEIRA	COLISÃO SEM VÍTIMA	2									0		Longo da via	Bom	Não existe	Perfeito estado	Seca	Perfeito estado	Não existe	Outras	""	Dupla	Faixa contínua	Faixa seccionada	""
1792	2020-02-27T00:00:00	15:02:00	SEM VÍTIMA	CANCELADA	IPUTINGA	RUA EMILIANO BRAGA	112	""	POR TRAS DA CAXANGA VEICULOS	IPUTINGA		""	COLISÃO	COLISAO ENTRE AUTO E MOTO S/V	1	1								0		""	""	""	""	""	""	""	""	""	""	""	""	""
1793	2020-02-27T00:00:00	15:11:00	SEM VÍTIMA	FINALIZADA	SANTO AMARO	AV CRUZ CABUGA	""	RUA DOS PALMARES	IGREJA ASSEMBLEIA DE DEUS	SANTO AMARO	171	CIDADE	COLISÃO TRASEIRA	COLISAO ENTRE DOIS AUTOS S/V	2									0		Longo da via	Bom	Sem defeito	Perfeito estado	Seca	Perfeito estado	Agente	R-6a	""	Dupla	Faixa contínua	""	""
1794	2020-02-27T00:00:00	15:11:00	SEM VÍTIMA	FINALIZADA	PRADO	AV ENGENHEIRO ABDIAS DE CARVALHO	""	RUA SANTA EDWIRGES	""	PRADO	354	SUBURBIO	COLISÃO TRASEIRA	COLISÃO SEM VÍTIMA	1						1			0		Cruzamento	Bom	Sem defeito	Perfeito estado	Seca	Perfeito estado	Faixa de pedestre	R-6a	""	Dupla	Canteiro central	""	""
1795	2020-02-27T00:00:00	15:20:00	SEM VÍTIMA	FINALIZADA	SANTANA	RUA JORGE GOMES DE SA	""	""	EM FRENTE AO PARQUE SANTANA	SANTANA		SUBURBIO	ABALROAMENTO TRANSVERSAL	COLISAO ENTRE DOIS AUTOS S/V	2									0		Longo da via	Bom	Não existe	Incompleta	Seca	Perfeito estado	Não existe	Não há placas	""	Dupla	Não existe	""	""
1796	2020-02-27T00:00:00	16:01:00	SEM VÍTIMA	FINALIZADA	PRADO	AV ENGENHEIRO ABDIAS DE CARVALHO	""	RUA SANTA EDWIRGES	POSTO BR	PRADO	354	CIDADE	COLISÃO TRASEIRA	COLISÃO SEM VÍTIMA- ENTRE 2 MOTOCICLETAS		2								0		Cruzamento	Bom	Sem defeito	Perfeito estado	Seca	Perfeito estado	Faixa de pedestre	Outras	""	Dupla	Faixa contínua	Faixa seccionada	Canteiro central
1797	2020-02-27T00:00:00	16:05:00	SEM VÍTIMA	FINALIZADA	CORDEIRO	AV ENGENHEIRO ABDIAS DE CARVALHO	""	""	POSTO IPIRANGA	CORDEIRO	375	SUBURBIO	COLISÃO TRASEIRA	COLISÃO SEM VÍTIMA	2									0		Longo da via	Bom	Sem defeito	Perfeito estado	Seca	Perfeito estado	Faixa de pedestre	""	""	Dupla	Canteiro central	""	""
1798	2020-02-27T00:00:00	18:21:00	SEM VÍTIMA	FINALIZADA	BAIRRO DO RECIFE	AV ALFREDO LISBOA	""	""	EM FRENTE A PRAÇA DO MARCO ZERO	BAIRRO DO RECIFE		""	ABALROAMENTO LONGITUDINAL	ENTRE 2 AUTOS. S/V	1						1			0		Longo da via	Bom	Não existe	Perfeito estado	Seca	Perfeito estado	Não existe	""	""	Única	Não existe	""	""
1799	2020-02-27T00:00:00	20:11:00	SEM VÍTIMA	FINALIZADA	ALTO JOSÉ BONIFÁCIO	RUA ALTO DA SERRINHA	786	RUA ALTO DA SAUDADE	""	ALTO JOSÉ BONIFÁCIO		SUBURBIO	ABALROAMENTO LONGITUDINAL	ENTRE ÔNIBUS E AUTO PASSEIO. S/V	1						1			0		Longo da via	Bom	Não existe	Não existente	Seca	Perfeito estado	Não existe	Não há placas	""	Dupla	Não existe	""	""
1800	2020-02-27T00:00:00	20:22:00	SEM VÍTIMA	FINALIZADA	SAN MARTIN	AV GENERAL SAN MARTIN	2087	""	""	SAN MARTIN		CIDADE	ABALROAMENTO LONGITUDINAL	GOL X KWID	2									0		Longo da via	Bom	Não existe	Ilegível	Seca	Mal iluminada	Não existe	Não há placas	""	Dupla	Faixa contínua	""	""
1801	2020-02-27T00:00:00	21:50:00	SEM VÍTIMA	FINALIZADA	BOA VIAGEM	RUA PROFESSOR MARIO CASTRO	""	RUA ANTONIO PASSOS	""	BOA VIAGEM		SUBURBIO	ABALROAMENTO LONGITUDINAL	TOYOTA RAV 4V X FIAT ARGO	2									0		Cruzamento	Bom	Não existe	Ilegível	Seca	Perfeito estado	Não existe	Não há placas	""	Dupla	Faixa contínua	""	""
1802	2020-02-27T00:00:00	23:22:00	SEM VÍTIMA	FINALIZADA	BOA VIAGEM	AV CONSELHEIRO AGUIAR	""	RUA ARTUR MUNIZ	POSTO BR	BOA VIAGEM	5	""	ABALROAMENTO TRANSVERSAL	COLISÃO DOIS AUTOS S/VITIMA	2									0		Cruzamento	Bom	Sem defeito	Perfeito estado	Seca	Perfeito estado	Faixa de pedestre	Outras	""	Única	Faixa seccionada	""	""
1803	2020-02-27T00:00:00	23:34:00	SEM VÍTIMA	FINALIZADA	SANTO AMARO	RUA MARQUÊS DO POMBAL	831	RUA TUPINAMBAS	ESCOLA ANIBAL FERNANDES	SANTO AMARO		SUBURBIO	ABALROAMENTO TRANSVERSAL	COLISÃO DOIS AUTOS S/VITIMA	2									0		Cruzamento	Bom	Não existe	Perfeito estado	Seca	Perfeito estado	Faixa de retenção	Placas Pare	30 km/h	Dupla	Faixa seccionada	""	""
1804	2020-02-28T00:00:00	06:20:00	SEM VÍTIMA	FINALIZADA	IMBIRIBEIRA	AV MARECHAL MASCARENHAS DE MORAES	""	""	SUBIDA DA RAMPA POSTÃO B1 AEROPORTO DO RECIFE	IMBIRIBEIRA		""	CHOQUE OBJETO FIXO	VEICULO CHOCOU-SE CONTRA CANTEIRO CENTRAL	1									0		Longo da via	Bom	Não existe	Perfeito estado	Seca	Perfeito estado	Não existe	Não há placas	""	Única	Faixa contínua	""	""
1805	2020-02-28T00:00:00	07:16:00	SEM VÍTIMA	FINALIZADA	JORDÃO	TUNEL FELIPE CAMARAO	""	""	ALÇA DE ACESSO À AVENIDA MARECHAL MASCARENHAS DE MORAIS	JORDÃO		CIDADE	ABALROAMENTO LONGITUDINAL	FORD KA PLACA: xxx E TOYOTA COROLLA yyy	2									0		""	Bom	Não existe	Perfeito estado	Seca	Perfeito estado	Não existe	Não há placas	""	Única	Não existe	""	""
1806	2020-02-28T00:00:00	08:29:00	SEM VÍTIMA	FINALIZADA	IMBIRIBEIRA	RUA DEZ DE JULHO	""	""	ESTAÇÃO AEROPORTO	IMBIRIBEIRA	322	""	ABALROAMENTO LONGITUDINAL	DOIS AUTOS	2									0		Longo da via	Bom	Sem defeito	Perfeito estado	Seca	Perfeito estado	Não existe	Não há placas	40 km/h	Única	Faixa seccionada	""	""
1807	2020-02-28T00:00:00	08:50:00	SEM VÍTIMA	FINALIZADA	""	AV DA RECUPERACAO	""	AV NORTE	ROTATÓRIA DA MACAXEIRA	""		SUBURBIO	COLISÃO TRASEIRA	""	1						1			0		""	Bom	Não existe	Perfeito estado	Seca	Perfeito estado	Não existe	Não há placas	""	Única	Não existe	""	""
1808	2020-02-28T00:00:00	09:14:00	SEM VÍTIMA	FINALIZADA	ILHA DO LEITE	PRC MIGUEL DE CERVANTES	""	RUA ANTONIO GOMES DE FREITAS	""	ILHA DO LEITE		CIDADE	ABALROAMENTO LONGITUDINAL	LOGAN X GOL	2									0		Cruzamento	Bom	Não existe	Perfeito estado	Seca	Perfeito estado	Faixa de pedestre	Placas Pare	30 km/h	Única	""	""	""
1809	2020-02-28T00:00:00	09:15:00	SEM VÍTIMA	FINALIZADA	ESTÂNCIA	AV RECIFE	493	""	ERIC EQUIPADORA	ESTÂNCIA		""	COLISÃO TRASEIRA	COLISÃO SEM VÍTIMA	1								1	0		Longo da via	Bom	Sem defeito	Perfeito estado	Seca	""	Faixa de pedestre	Outras	""	Única	Canteiro central	""	""
1810	2020-02-28T00:00:00	09:40:00	SEM VÍTIMA	FINALIZADA	AFOGADOS	RUA DA PAZ	82	""	EMPRESA ASA Nº 82	AFOGADOS	73	SUBURBIO	ABALROAMENTO LONGITUDINAL	COLISÃO SEM VÍTIMA	1						1			0		Longo da via	Bom	Sem defeito	Perfeito estado	Seca	Perfeito estado	Agente	R-6a	60 km/h	Única	Faixa seccionada	""	""