_id	data	hora	natureza_acidente	situacao	bairro	endereco	numero	detalhe_endereco_acidente	complemento	bairro_cruzamento	num_semaforo	sentido_via	tipo	descricao	auto	moto	ciclom	ciclista	pedestre	onibus	caminhao	viatura	outros	vitimas	vitimasfatais	acidente_verificado	tempo_clima	situacao_semaforo	sinalizacao	condicao_via	conservacao_via	ponto_controle	situacao_placa	velocidade_max_via	mao_direcao	divisao_via1	divisao_via2	divisao_via3
1811	2020-02-28T00:00:00	09:59:00	SEM VÍTIMA	FINALIZADA	BOA VIAGEM	AV BOA VIAGEM	""	""	PARQUE DONA LINDU	BOA VIAGEM	1	CIDADE	COLISÃO TRASEIRA	RENAULT X PAJERO	2									0		Longo da via	Bom	Sem defeito	Perfeito estado	Seca	Perfeito estado	Faixa de pedestre	R-6b	60 km/h	Única	Faixa contínua	""	""
1812	2020-02-28T00:00:00	10:02:00	SEM VÍTIMA	FINALIZADA	DERBY	RUA JORNALISTA PAULO BITTENCOURT	133	""	EM FRENTE AO ESTACIONAMENTO LE PARK	DERBY		CIDADE	COLISÃO TRASEIRA	""	2									0		Longo da via	Bom	Não existe	Perfeito estado	Seca	Perfeito estado	Outros	Outras	""	Dupla	Faixa seccionada	""	""
1813	2020-02-28T00:00:00	10:08:00	SEM VÍTIMA	FINALIZADA	CABANGA	AV ANTONIO DE GOES	""	""	AO LADO DO CABANGA	CABANGA		CIDADE	ABALROAMENTO LONGITUDINAL	FIAT ARGO X FIAT ARGO	2									0		Longo da via	Bom	Não existe	Perfeito estado	Seca	Perfeito estado	Agente	Não há placas	60 km/h	Única	Faixa contínua	""	""
1814	2020-02-28T00:00:00	10:43:00	SEM VÍTIMA	FINALIZADA	AFOGADOS	AV SUL	""	""	AO LADO DA ESTAÇÃO DO LARGO DA PAZ	AFOGADOS		CIDADE	ABALROAMENTO TRANSVERSAL	COLISÃO SEM VÍTIMA	1						1			0		Longo da via	Bom	Não existe	Perfeito estado	Seca	Perfeito estado	Outros	Outras	60 km/h	Única	Faixa seccionada	""	""
1815	2020-02-28T00:00:00	10:47:00	SEM VÍTIMA	FINALIZADA	IMBIRIBEIRA	AV MARECHAL MASCARENHAS DE MORAES	1818	""	EM FRENTE AUTO LINS HONDA	IMBIRIBEIRA		SUBURBIO	COLISÃO TRASEIRA	SANDERO X GOLF	2									0		Longo da via	Bom	Não existe	Não existente	Seca	Perfeito estado	Não existe	""	60 km/h	Dupla	Faixa contínua	Faixa seccionada	Canteiro central
1816	2020-02-28T00:00:00	12:16:00	SEM VÍTIMA	FINALIZADA	DERBY	""	""	""	LADO OPOSTO AO QUARTEL DO DERBY	DERBY		CIDADE	ABALROAMENTO LONGITUDINAL	DOIS AUTOS	2									0		Longo da via	Bom	Não existe	Perfeito estado	Seca	Perfeito estado	Não existe	Não há placas	40 km/h	Única	Faixa seccionada	""	""
1817	2020-02-28T00:00:00	12:21:00	SEM VÍTIMA	FINALIZADA	ENCRUZILHADA	AV NORTE	""	""	LADO OPOSTO AO BANCO SANTANDER	ENCRUZILHADA		SUBURBIO	COLISÃO TRASEIRA	""	2									0		Longo da via	Bom	Não existe	Perfeito estado	Seca	Perfeito estado	Faixa de pedestre	R-6a	""	Única	Faixa seccionada	""	""
1818	2020-02-28T00:00:00	13:06:00	COM VÍTIMA	FINALIZADA	CASA AMARELA	AV NORTE	6149	""	""	CASA AMARELA		CIDADE	COLISÃO TRASEIRA	COM VÍTIMA	1	1								1		Longo da via	Bom	Não existe	Perfeito estado	Seca	Perfeito estado	Faixa de pedestre	Não há placas	60 km/h	Única	Faixa seccionada	""	""
1819	2020-02-28T00:00:00	15:04:00	COM VÍTIMA	FINALIZADA	MADALENA	AV BEIRA RIO	""	RUA DEMOSTENES DE OLINDA	""	MADALENA		CIDADE	ABALROAMENTO TRANSVERSAL	COM VÍTIMA	1	1								1		Esquina	Bom	Não existe	Perfeito estado	Seca	Perfeito estado	Faixa de pedestre	Placas Pare	""	Dupla	Faixa	""	""
1820	2020-02-28T00:00:00	15:59:00	SEM VÍTIMA	FINALIZADA	PARNAMIRIM	AV PARNAMIRIM	98	""	EM FRENTE AO HOSPITAL MARIA LUCINDA	PARNAMIRIM		CIDADE	COLISÃO TRASEIRA	""	3									0		Longo da via	Bom	Sem defeito	Perfeito estado	Seca	Perfeito estado	Não existe	R-6a	""	Única	Faixa seccionada	""	""
1821	2020-02-28T00:00:00	16:29:00	SEM VÍTIMA	FINALIZADA	BOA VISTA	AV GOVERNADOR AGAMENON MAGALHAES	1387	RUA DOM BOSCO	FRENTE A DROGASIL	BOA VISTA	174	""	ABALROAMENTO LONGITUDINAL	""	2									0		Longo da via	Bom	Sem defeito	Perfeito estado	Seca	Perfeito estado	Agente	Outras	60 km/h	Dupla	Faixa contínua	Canteiro central	""
1822	2020-02-28T00:00:00	17:17:00	SEM VÍTIMA	FINALIZADA	BOA VIAGEM	AVENIDA CELSO FURTADO (VIA MANGUE)	""	RUA PADRE BERNADINO PESSOA	""	BOA VIAGEM		CIDADE	ABALROAMENTO LONGITUDINAL	PRISMA X FIESTA	2									0		Longo da via	Bom	Não existe	Perfeito estado	Seca	Perfeito estado	Não existe	Outras	60 km/h	Dupla	Faixa contínua	Faixa seccionada	""
1823	2020-02-28T00:00:00	17:17:00	SEM VÍTIMA	FINALIZADA	ENCRUZILHADA	AV JOAO DE BARROS	1904	""	BANCO BRADESCO	ENCRUZILHADA		CIDADE	ABALROAMENTO LONGITUDINAL	""	1					1				0		Longo da via	Bom	Não existe	Perfeito estado	Seca	Perfeito estado	Não existe	R-6a	""	Única	Faixa seccionada	""	""
1824	2020-02-28T00:00:00	17:31:00	SEM VÍTIMA	FINALIZADA	TAMARINEIRA	RUA JOSE CARVALHEIRA	""	RUA DES EDMUNDO JORDAO	EM FRENTE AO POSTE DE SINALIZAÇÃO Nº B 003984	TAMARINEIRA		""	ABALROAMENTO TRANSVERSAL	""	2									0		Cruzamento	Bom	Não existe	Perfeito estado	Seca	Perfeito estado	Não existe	R-6a	""	Única	Não existe	""	""
1825	2020-02-28T00:00:00	18:01:00	SEM VÍTIMA	FINALIZADA	ENCRUZILHADA	AV JOAO DE BARROS	2026	""	BANCA DO POETA	ENCRUZILHADA		CIDADE	ABALROAMENTO LONGITUDINAL	COLISÃO SEM VÍTIMA	1	1								0		Longo da via	Bom	Sem defeito	Perfeito estado	Seca	Perfeito estado	Não existe	""	40 km/h	Única	Faixa seccionada	""	""
1826	2020-02-28T00:00:00	18:13:00	COM VÍTIMA	FINALIZADA	CAXANGÁ	AV CAXANGA	5335	""	EM FRENTE AO GOLF CLUBE	CAXANGÁ		CIDADE	COLISÃO COM CICLISTA	COLISÃO COM VÍTIMA	1			1						1		Longo da via	Bom	Não existe	Perfeito estado	Seca	Perfeito estado	Não existe	R-6a	""	Dupla	Canteiro central	""	""
1827	2020-02-28T00:00:00	19:28:00	COM VÍTIMA	FINALIZADA	BOA VIAGEM	RUA MARIA CAROLINA	""	RUA MINISTRO NELSON HUNGRIA	""	BOA VIAGEM		SUBURBIO	ABALROAMENTO TRANSVERSAL	DOIS AUTOS	2									2		Longo da via	Bom	Não existe	Não existente	Seca	Perfeito estado	Faixa de retenção	Não há placas	""	Única	Faixa seccionada	""	""
1828	2020-02-28T00:00:00	19:04:00	SEM VÍTIMA	FINALIZADA	BOA VIAGEM	RUA CAPITAO ZUZINHA	192	""	""	BOA VIAGEM		CIDADE	ABALROAMENTO LONGITUDINAL	""	2									0		Longo da via	Bom	Não existe	Perfeito estado	Seca	Perfeito estado	Faixa de pedestre	R-6a	""	Única	Faixa seccionada	""	""
1829	2020-02-28T00:00:00	19:07:00	SEM VÍTIMA	FINALIZADA	SAN MARTIN	AV ENGENHEIRO ABDIAS DE CARVALHO	1897	""	LADO OPOSTO AO Nº 1897	SAN MARTIN		""	ABALROAMENTO LONGITUDINAL	COLISÃO ENTRE DOIS AUTOS	1									0		Longo da via	Bom	Não existe	Perfeito estado	Seca	Perfeito estado	Não existe	Não há placas	""	Única	Faixa seccionada	Canteiro central	""
1830	2020-02-28T00:00:00	20:04:00	SEM VÍTIMA	FINALIZADA	BOA VIAGEM	RUA BALTAZAR PASSOS	275	""	""	BOA VIAGEM	154	CIDADE	COLISÃO TRASEIRA	COLISÃO ENTRE DOIS AUTOS	2									0		Longo da via	Bom	Sem defeito	Incompleta	Seca	Perfeito estado	Faixa de pedestre	R-6a	""	Única	Faixa seccionada	""	""
1831	2020-02-28T00:00:00	21:38:00	SEM VÍTIMA	FINALIZADA	BOA VIAGEM	AVENIDA CELSO FURTADO (VIA MANGUE)	""	""	CIA DO FUTEBOL	BOA VIAGEM		CIDADE	COLISÃO TRASEIRA	AUTO X MOTO	1	1								0		Longo da via	Bom	Não existe	Perfeito estado	Seca	Perfeito estado	Não existe	Não há placas	60 km/h	Dupla	Faixa seccionada	""	""
1832	2020-02-28T00:00:00	21:42:00	SEM VÍTIMA	FINALIZADA	VASCO DA GAMA	RUA VASCO DA GAMA	""	AV NORTE	SEMÁFORO Nº 066	VASCO DA GAMA	66	SUBURBIO	ABALROAMENTO LONGITUDINAL	ONIBUS GLOBO X MOTO // OBS:: A MOTO SE ENCONTRA EMBAIXO DO ONIBUS		1				1				0		""	Bom	Sem defeito	Perfeito estado	Seca	Perfeito estado	Faixa de pedestre	Não há placas	""	Dupla	Faixa seccionada	""	""
1833	2020-02-28T00:00:00	22:16:00	SEM VÍTIMA	FINALIZADA	IBURA	AV DOM HELDER CAMARA	351	""	LINHA FÉRREA	IBURA		CIDADE	COLISÃO TRASEIRA	PALIO X FORD KA	2									0		Longo da via	Bom	Não existe	Perfeito estado	Seca	Perfeito estado	Não existe	Não há placas	""	Dupla	Faixa contínua	""	""
1834	2020-02-28T00:00:00	22:24:00	SEM VÍTIMA	FINALIZADA	DERBY	AV GOVERNADOR AGAMENON MAGALHAES	""	""	PRAÇA DO DERBY ( POSTE DE Nº B 009037)	DERBY		SUBURBIO	ABALROAMENTO LONGITUDINAL	ONIBUS DA PREFEITUTA DE IPUJUCA X POLO	1					1				0		Longo da via	Bom	""	""	""	""	""	Outras	""	Dupla	Faixa seccionada	Canteiro central	""
1835	2020-02-28T00:00:00	22:55:00	SEM VÍTIMA	FINALIZADA	""	RUA BALTAZAR PASSOS	310	RUA PROFESSOR AUGUSTO LINS E SILVA	EM FRENTE A PAN JOVEM DELICATESSEN	""		CIDADE	ABALROAMENTO TRANSVERSAL	ETIOS X POLO	2									0		Cruzamento	Bom	Não existe	Perfeito estado	Seca	Perfeito estado	Não existe	Placas Pare	""	Única	Faixa seccionada	""	""
1836	2020-02-28T00:00:00	23:31:00	SEM VÍTIMA	FINALIZADA	PRADO	RUA CARLOS GOMES	""	RUA HERCULES FLORENCE	APÓS BIG CAR	PRADO		SUBURBIO	ABALROAMENTO TRANSVERSAL	HONDA CIVIC X SIENA	2									0		Longo da via	Bom	Não existe	Perfeito estado	Seca	Perfeito estado	Não existe	Outras	""	Única	Faixa seccionada	""	""
1837	2020-02-29T00:00:00	00:07:00	SEM VÍTIMA	FINALIZADA	ESPINHEIRO	RUA DO ESPINHEIRO	200	RUA SANTO ELIAS	EM FRENTE AO POSTO IPIRANGA	ESPINHEIRO		CIDADE	ABALROAMENTO TRANSVERSAL	COLISÃO ENTRE DOIS AUTOS S/V	2									0		Longo da via	Bom	Não existe	Perfeito estado	Seca	Perfeito estado	Faixa de retenção	Placas Pare	""	Única	Faixa seccionada	""	""
1838	2020-02-29T00:00:00	02:05:00	SEM VÍTIMA	CANCELADA	IMBIRIBEIRA	RUA BARAO HOMEM DE MELO	277	RUA ENGENHEIRO JOSE BRANDAO CAVALCANTE	POR TRÁS DA REVENDA OBOTICARIO	IMBIRIBEIRA		""	CHOQUE	AUTO CHOCOU-SE NO MURO DA RESIDENCIA E UMA PARTE DO MURO CAIU S/V	1									0		""	""	""	""	""	""	""	""	""	""	""	""	""
1839	2020-02-29T00:00:00	07:47:00	COM VÍTIMA	FINALIZADA	IMBIRIBEIRA	AV SUL	""	""	TERMINAL INTEGRADO TANCREDO NEVES	IMBIRIBEIRA		""	ABALROAMENTO LONGITUDINAL	ONIBUS E MOTO C/V		1				1				1		""	Bom	Não existe	Perfeito estado	Seca	Perfeito estado	Não existe	Não há placas	20 km/h	Única	Não existe	""	""
1840	2020-02-29T00:00:00	08:40:00	SEM VÍTIMA	FINALIZADA	NOVA DESCOBERTA	RUA NOVA DESCOBERTA	2480	""	""	NOVA DESCOBERTA		SUBURBIO	ABALROAMENTO LONGITUDINAL	SEM VÍTIMA. CONDUTOR COM SUSPEITA DE EMBREAGUEZ	1					1				0		Longo da via	Bom	Não existe	Perfeito estado	Seca	Perfeito estado	Agente	Placas Pare	""	Dupla	Não existe	""	""
1841	2020-02-29T00:00:00	09:14:00	SEM VÍTIMA	FINALIZADA	BOA VISTA	RUA DR JOSE MARIANO	386	""	LADO OPOSTO A CASA DOS FOLHEADOS	BOA VISTA	209	CIDADE	ABALROAMENTO LONGITUDINAL	COLISÃO S/VITIMAS ENTRE DOIS AUTOS (V.T 17 NO QTH)	2									0		Longo da via	Bom	Sem defeito	Perfeito estado	Seca	Perfeito estado	Outros	Outras	""	Única	Não existe	""	""
1842	2020-02-29T00:00:00	11:50:00	SEM VÍTIMA	CANCELADA	IMBIRIBEIRA	AV MARECHAL MASCARENHAS DE MORAES	""	""	AO LADO DO GERALDAO	IMBIRIBEIRA		""	COLISÃO	COLISAO SEM VITIMAS	1					1				0		""	""	""	""	""	""	""	""	""	""	""	""	""
1843	2020-02-29T00:00:00	12:40:00	SEM VÍTIMA	CANCELADA	CAXANGÁ	AV CAXANGA	""	""	E/F A DROGASIL PROX AO ANTIGO EXPRESSO CIDADAO SENTIDO CAMARAGIBE	CAXANGÁ		""	COLISÃO	COLISAO SEM VITIMAS		1				1				0		""	""	""	""	""	""	""	""	""	""	""	""	""
1844	2020-02-29T00:00:00	12:43:00	COM VÍTIMA	FINALIZADA	PASSARINHO	EST DE PASSARINHO	3260	""	E/F AO BAR DO LABAREDAS	PASSARINHO		""	ABALROAMENTO LONGITUDINAL	COLISAO ENTRE AUTO E MOTO COM UMA VITIMA	1	1								1		Longo da via	Bom	Não existe	Perfeito estado	Seca	Perfeito estado	Não existe	""	30 km/h	Dupla	Faixa seccionada	""	""
1845	2020-02-29T00:00:00	15:02:00	SEM VÍTIMA	FINALIZADA	SAN MARTIN	AV GENERAL SAN MARTIN	2102	""	COPIADORA E PAPELARIA SANTO ANTONIO	SAN MARTIN		""	CHOQUE VEÍCULO PARADO	COLISAO ENTRE AUTO E MOTO S/V	2	2								0		Longo da via	Bom	""	""	Seca	Perfeito estado	""	""	""	Dupla	Faixa contínua	""	""
1846	2020-02-29T00:00:00	16:23:00	SEM VÍTIMA	FINALIZADA	MADALENA	EST DOS REMEDIOS	""	AV ENGENHEIRO ABDIAS DE CARVALHO	APÓS A BOB'S	MADALENA	52	SUBURBIO	ABALROAMENTO LONGITUDINAL	COLISAO ENTRE DOIS AUTO S/V	2									0		Cruzamento	Bom	Sem defeito	Perfeito estado	Seca	Perfeito estado	Faixa de pedestre	R-6a	""	Dupla	Faixa contínua	Faixa seccionada	""
1847	2020-02-29T00:00:00	16:38:00	SEM VÍTIMA	CANCELADA	VÁRZEA	AV JOAQUIM RIBEIRO	1307	""	""	VÁRZEA		""	COLISÃO	DOIS AUTOS S/V	2									0		""	""	""	""	""	""	""	""	""	""	""	""	""
1848	2020-02-29T00:00:00	17:45:00	SEM VÍTIMA	FINALIZADA	BOA VISTA	RUA DOM BOSCO	""	""	EM FRENTE A DROGASIL	BOA VISTA	174	SUBURBIO	COLISÃO TRASEIRA	COLISAO SEM VITIMAS	2									0		Longo da via	Bom	Sem defeito	Perfeito estado	Seca	Perfeito estado	Faixa de pedestre	""	""	Única	Faixa seccionada	""	""
1849	2020-02-29T00:00:00	17:54:00	SEM VÍTIMA	FINALIZADA	IPUTINGA	AV MAURICIO DE NASSAU	80	RUA FILADELFIA	""	IPUTINGA		SUBURBIO	COLISÃO TRASEIRA	COLISAO SEM VITIMAS	1	1								0		""	Bom	Não existe	Incompleta	Seca	Mal conservada	Não existe	Não há placas	""	Dupla	Não existe	""	""
1850	2020-02-29T00:00:00	18:13:00	SEM VÍTIMA	FINALIZADA	BOA VIAGEM	AV ENGENHEIRO DOMINGOS FERREIRA	1930	RUA JORNALISTA FRANCISCO ALMEIDA	""	BOA VIAGEM		""	ABALROAMENTO TRANSVERSAL	GOL X RENAULT	2									0		""	Bom	Não existe	Perfeito estado	Seca	Perfeito estado	Não existe	Não há placas	60 km/h	Dupla	Faixa seccionada	""	""
1851	2020-02-29T00:00:00	19:13:00	SEM VÍTIMA	CANCELADA	AFOGADOS	RUA PADRE TEOFILO TWORZ	""	RUA COSME VIANA	ENF A TUPAN	AFOGADOS		""	COLISÃO	HONDA TITAN 150 X FORD KA	1	1								0		""	""	""	""	""	""	""	""	""	""	""	""	""
1852	2020-02-29T00:00:00	19:46:00	COM VÍTIMA	FINALIZADA	AFOGADOS	RUA SAO MIGUEL	558	RUA OLIMPIO CHACON	NA ENTRADA DA VILA SÃO MIGUEL / E/F A AUTO PEÇAS PREMIER	AFOGADOS		SUBURBIO	ABALROAMENTO TRANSVERSAL	ENTRE MOTO E AUTO. C/V	1	1								1		Esquina	Bom	Sem defeito	Perfeito estado	Seca	Perfeito estado	""	R-6a	40 km/h	Dupla	Faixa contínua	""	""
1853	2020-02-29T00:00:00	22:50:00	SEM VÍTIMA	CANCELADA	VASCO DA GAMA	RUA ALTO DO EUCALIPTO	""	""	TERMINAL DO VASCO DA GAMA CABUGA	VASCO DA GAMA		""	COLISÃO	DUAS MOTOS    OBS: SUSPEITA DE EMBRIAGUEZ		2								0		""	""	""	""	""	""	""	""	""	""	""	""	""
1854	2020-02-29T00:00:00	23:32:00	SEM VÍTIMA	CANCELADA	DOIS IRMÃOS	RUA PROF CLAUDIO SELVA	150	""	ENF. A ESCOLA MUNICIPAL SOCIOLOGO GILBERTO FREYRE	DOIS IRMÃOS		""	COLISÃO	ONIX X TITAN 160	1	1								0		""	""	""	""	""	""	""	""	""	""	""	""	""
1855	2020-03-01T00:00:00	02:06:00	SEM VÍTIMA	CANCELADA	ENCRUZILHADA	EST DE BELEM	""	AV BEBERIBE	""	ENCRUZILHADA		""	ABALROAMENTO LONGITUDINAL	ENTRE 2 AUTOS. S/V	1					1				0		Cruzamento	Chuvoso	Sem defeito	Perfeito estado	Molhada	Perfeito estado	Faixa de pedestre	""	""	Única	""	""	""
1856	2020-03-01T00:00:00	03:40:00	SEM VÍTIMA	FINALIZADA	SANTO AMARO	AV CRUZ CABUGA	""	RUA DR JOAO VIEIRA DE MENEZES	POSTE DO SEMÁFORO DE PEDESTRE 674	SANTO AMARO	674	""	CHOQUE OBJETO FIXO	ÔNIBUS DA EMPRESA CIDADE ALTA CHOCOU-SE CONTRA O POSTE DO SEMÁFORO						1				0		Cruzamento	Chuvoso	Intermitente	Perfeito estado	Molhada	Mal iluminada	Faixa de pedestre	Não há placas	""	Dupla	Faixa contínua	""	""
1857	2020-03-01T00:00:00	05:06:00	SEM VÍTIMA	FINALIZADA	BOA VIAGEM	AV BOA VIAGEM	4988	RUA DR VICENTE GOMES	PRÓXIMO A PRAÇA DE BOA VIAGEM	BOA VIAGEM	483	CIDADE	ABALROAMENTO TRANSVERSAL	ENTRE ÔNIBUS E 2 AUTOS. S/V	2					1				0		Longo da via	Bom	Intermitente	Perfeito estado	Seca	Perfeito estado	Faixa de pedestre	Outras	""	Única	""	""	""
1858	2020-03-01T00:00:00	07:43:00	SEM VÍTIMA	CANCELADA	CAXANGÁ	RUA JOAO SALES MENEZES	450	""	EM FRENTE AO EDF LETICIA	CAXANGÁ		""	COLISÃO	CARRETA E AUTO PASSEIO	1						1			0		""	""	""	""	""	""	""	""	""	""	""	""	""
1859	2020-03-01T00:00:00	09:16:00	SEM VÍTIMA	FINALIZADA	COQUEIRAL	RUA ANANIAS CATANHO	797	""	MAIS QUE AÇOUGUE	COQUEIRAL		SUBURBIO	ABALROAMENTO TRANSVERSAL	COLISAO SEM VITIMAS	2									0		Cruzamento	Bom	Não existe	Perfeito estado	Seca	Perfeito estado	Faixa de retenção	Não há placas	""	Dupla	Faixa seccionada	""	""
1860	2020-03-01T00:00:00	09:49:00	SEM VÍTIMA	FINALIZADA	IMBIRIBEIRA	AV MARECHAL MASCARENHAS DE MORAES	""	""	EM FRENTE A RENAULT SELECTION EUROVIA	IMBIRIBEIRA	534	SUBURBIO	COLISÃO TRASEIRA	COLISÃO SEM VÍTIMA	2									0		""	""	Sem defeito	Perfeito estado	Seca	Perfeito estado	Faixa de retenção	Não há placas	""	Dupla	Canteiro central	""	""
1861	2020-03-01T00:00:00	10:06:00	SEM VÍTIMA	FINALIZADA	ESPINHEIRO	RUA CONS PORTELA	504	RUA QUARENTA E OITO	ESQUINA COMA PAGUE MENOS	ESPINHEIRO	11	SUBURBIO	ABALROAMENTO LONGITUDINAL	COLISAO SEM VITIMAS	1					1				0		Cruzamento	Bom	Sem defeito	Perfeito estado	Seca	Perfeito estado	Faixa de pedestre	Não há placas	""	Única	Faixa contínua	""	""
1862	2020-03-01T00:00:00	10:13:00	SEM VÍTIMA	FINALIZADA	IMBIRIBEIRA	RUA ITAJAI	249	RUA ITACARI	""	IMBIRIBEIRA		SUBURBIO	ABALROAMENTO TRANSVERSAL	DOIS AUTOS	2									0		Cruzamento	Bom	Não existe	Perfeito estado	Seca	Perfeito estado	Faixa de pedestre	Placas Pare	""	Dupla	Faixa seccionada	""	""
1863	2020-03-01T00:00:00	10:16:00	SEM VÍTIMA	FINALIZADA	""	RUA CORREGO ANTONIO RODRIGUES	519	""	TERMINAL DE CHÃ DE ALEGRIA	""		""	ABALROAMENTO LONGITUDINAL	ONIBUS E AUTO	1					1				0		Longo da via	Bom	Não existe	Incompleta	Seca	Perfeito estado	Não existe	Não há placas	""	Dupla	Não existe	""	""
1864	2020-03-01T00:00:00	10:28:00	SEM VÍTIMA	FINALIZADA	MADALENA	AV VISCONDE DE ALBUQUERQUE	937	""	EM FRENTE AO NÚMERO 937	MADALENA	576	""	COLISÃO TRASEIRA	COLISÃO SEM VITIMAS	2									0		Longo da via	Bom	Sem defeito	Perfeito estado	Seca	Perfeito estado	Faixa de pedestre	R-4a	""	Única	Faixa seccionada	""	""
1865	2020-03-01T00:00:00	11:12:00	SEM VÍTIMA	FINALIZADA	SANTO AMARO	AV CRUZ CABUGA	269	""	EREM GINÁSIO PERNAMBUCANO	SANTO AMARO	523	CIDADE	ABALROAMENTO LONGITUDINAL	COLISÃO SEM VITIMAS	1					1				0		Longo da via	Bom	Sem defeito	Perfeito estado	Seca	Perfeito estado	Faixa de pedestre	Não há placas	""	Dupla	Faixa contínua	""	""
1866	2020-03-01T00:00:00	13:10:00	SEM VÍTIMA	FINALIZADA	APIPUCOS	RUA DOIS IRMAOS	414	""	""	APIPUCOS	535	CIDADE	ABALROAMENTO TRANSVERSAL	COLISÃO S/VITIMAS ENTRE DOIS AUTOS	2									0		Cruzamento	Bom	Sem defeito	Perfeito estado	Seca	Perfeito estado	Faixa de pedestre	R-6a	60 km/h	Dupla	Faixa contínua	""	""
1867	2020-03-01T00:00:00	17:02:00	SEM VÍTIMA	FINALIZADA	GRAÇAS	RUA DAS CREOULAS	78	""	""	GRAÇAS		CIDADE	CHOQUE VEÍCULO PARADO	COLISÃO S/VITIMAS ENTRE DOIS AUTOS	2									0		Longo da via	Bom	Sem defeito	Perfeito estado	Seca	Perfeito estado	Faixa de pedestre	Outras	""	Única	Faixa seccionada	""	""
1868	2020-03-01T00:00:00	18:37:00	SEM VÍTIMA	FINALIZADA	BAIRRO DO RECIFE	AV MARQUES DE OLINDA	""	CAIS DA ALFANDEGA	""	BAIRRO DO RECIFE	165	""	ABALROAMENTO LONGITUDINAL	COLISAO SEM VITIMAS	2									0		Cruzamento	Bom	Sem defeito	Perfeito estado	Seca	Perfeito estado	Faixa de pedestre	Não há placas	""	Única	Faixa contínua	""	""
1869	2020-03-01T00:00:00	19:11:00	SEM VÍTIMA	FINALIZADA	IBURA	AV DOIS RIOS	""	""	EM FRENTE AO SESI	IBURA		""	COLISÃO	COLISÃO ENTRE AUTO E MOTO S/V	1	1								0		""	""	""	""	""	""	""	""	""	""	""	""	""
1870	2020-03-01T00:00:00	22:21:00	SEM VÍTIMA	FINALIZADA	VASCO DA GAMA	RUA VASCO DA GAMA	1020	""	EM FRENTE AO Nº 1020	VASCO DA GAMA		SUBURBIO	COLISÃO TRASEIRA	COLISAO SEM VITIMAS	1	1								0		Longo da via	Bom	Não existe	Perfeito estado	Seca	Perfeito estado	""	""	30 km/h	Dupla	Não existe	""	""
1871	2020-03-02T00:00:00	05:39:00	SEM VÍTIMA	FINALIZADA	ILHA DO RETIRO	RUA SPORT CLUBE DO RECIFE	""	RUA JOSE MUCIO MONTEIRO	OPOSTO A ILHA DO RETIRO	ILHA DO RETIRO	367	SUBURBIO	COLISÃO COM CICLISTA	COLISÃO ENTRE MOTO E BICICLETA S/V		1		1						0		Longo da via	Bom	Sem defeito	Perfeito estado	Seca	Perfeito estado	Faixa de pedestre	Não há placas	""	Dupla	Canteiro central	""	""
1872	2020-03-02T00:00:00	06:17:00	SEM VÍTIMA	FINALIZADA	CORDEIRO	RUA N S DA SAUDE	""	RUA CORONEL FERNANDO FURTADO	PRÓXIMO A CRECHE MUNICIPAL MENINO JESUS DA BIMBA GRANDE	CORDEIRO		SUBURBIO	ABALROAMENTO TRANSVERSAL	COLISÃO S/VITIMAS ENTRE DOIS AUTOS	2									0		Cruzamento	Bom	Não existe	Perfeito estado	Seca	Perfeito estado	Não existe	Placas Pare	""	Dupla	Faixa contínua	""	""
1873	2020-03-02T00:00:00	06:39:00	SEM VÍTIMA	FINALIZADA	BOA VIAGEM	AV VINTE DE JANEIRO	295	RUA TENENTE AURELIO SAMPAIO	""	BOA VIAGEM		CIDADE	ABALROAMENTO TRANSVERSAL	COLISÃO SEM VITIMAS	1					1				0		""	Bom	Não existe	Perfeito estado	Seca	Perfeito estado	Não existe	Placas Pare	""	Dupla	Faixa seccionada	""	""
1874	2020-03-02T00:00:00	07:11:00	SEM VÍTIMA	FINALIZADA	BOA VIAGEM	RUA DEZ DE JULHO	""	RUA CAMBOIM	PRÓXIMO AO MAISON CRISTAL	BOA VIAGEM		CIDADE	ABALROAMENTO TRANSVERSAL	COLISÃO S/VITIMAS ENTRE DOIS AUTOS (USUÁRIO INF. QUE HOUVE ESCORIAÇÕES- NO ENTANTO- NÃO SERÁ NECESSÁRIO ATENDIMENTO DO SAMU)	2									0		Cruzamento	Bom	Não existe	Perfeito estado	Seca	Perfeito estado	Outros	Placas Pare	""	Única	Faixa seccionada	""	""
1875	2020-03-02T00:00:00	07:35:00	SEM VÍTIMA	FINALIZADA	CORDEIRO	AV CAXANGA	1126	""	DELÍCIA DOS PRAZERES	CORDEIRO		SUBURBIO	COLISÃO TRASEIRA	COLISÃO SEM VITIMAS  GM  ANTONIO SANTOS QTH	2									0		Longo da via	Bom	""	Perfeito estado	Seca	Perfeito estado	""	""	""	Dupla	Faixa seccionada	Canteiro central	""