_id	data	hora	natureza_acidente	situacao	bairro	endereco	numero	detalhe_endereco_acidente	complemento	bairro_cruzamento	num_semaforo	sentido_via	tipo	descricao	auto	moto	ciclom	ciclista	pedestre	onibus	caminhao	viatura	outros	vitimas	vitimasfatais	acidente_verificado	tempo_clima	situacao_semaforo	sinalizacao	condicao_via	conservacao_via	ponto_controle	situacao_placa	velocidade_max_via	mao_direcao	divisao_via1	divisao_via2	divisao_via3
1940	2020-03-03T00:00:00	14:30:00	SEM VÍTIMA	FINALIZADA	PRADO	RUA CARLOS DE OLIVEIRA FILHO	65	""	""	PRADO		""	ABALROAMENTO TRANSVERSAL	COLISÃO SEM VÍTIMA	2									0		Longo da via	Bom	Não existe	Incompleta	Seca	Perfeito estado	Não existe	Não há placas	30 km/h	Dupla	Não existe	""	""
1941	2020-03-03T00:00:00	14:36:00	SEM VÍTIMA	FINALIZADA	ILHA DO RETIRO	EST DOS REMEDIOS	1988	""	EM FRENTE HC PNEUS	ILHA DO RETIRO		""	COLISÃO TRASEIRA	COLISÃO SEM VÍTIMA	3									0		Longo da via	Bom	Sem defeito	Perfeito estado	Seca	Perfeito estado	Agente	""	""	Única	Faixa seccionada	""	""
1942	2020-03-03T00:00:00	15:47:00	SEM VÍTIMA	CANCELADA	IBURA	RUA DR SEABRA	130	""	EM FRENTE AO EDIFICIO BUCARESTE	IBURA		""	COLISÃO	COLISÃO SEM VÍTIMA	2									0		""	""	""	""	""	""	""	""	""	""	""	""	""
1943	2020-03-03T00:00:00	15:50:00	COM VÍTIMA	FINALIZADA	APIPUCOS	RUA DE APIPUCOS	866	RUA MANDACARU	E/F AO AÇUDE DE APIPUCOS	APIPUCOS	500	CIDADE	COLISÃO COM CICLISTA	COLISAO ENTRE AUTO -MOTO E CICLISTA	1	1		1						1		Cruzamento	Bom	Sem defeito	Perfeito estado	Seca	Perfeito estado	Faixa de pedestre	R-6a	""	Dupla	Faixa contínua	""	""
1944	2020-03-03T00:00:00	15:51:00	COM VÍTIMA	FINALIZADA	ILHA DO LEITE	AV JOSE GONCALVES DE MEDEIROS	149	""	FARMACIA PAGUE MENOS	ILHA DO LEITE		ILHA DO RETIRO	ABALROAMENTO TRANSVERSAL	COLISAO COM VITIMA ENTRE UM VEICULO E UMA MOTO. GCM: PONTO FIXO	1	1								1		Longo da via	Bom	Não existe	Perfeito estado	Seca	Perfeito estado	""	Não há placas	""	Dupla	Faixa	""	""
1945	2020-03-03T00:00:00	15:53:00	SEM VÍTIMA	FINALIZADA	COELHOS	RUA DOS COELHOS	441	""	EM FRENTE AO HOSPITAL PEDRO II	COELHOS	359	SUBURBIO	ABALROAMENTO TRANSVERSAL	COLISÃO SEM VÍTIMA	2									0		Longo da via	Bom	Sem defeito	Perfeito estado	Seca	Perfeito estado	Faixa de pedestre	R-6a	30 km/h	Dupla	Faixa contínua	""	""
1946	2020-03-03T00:00:00	17:19:00	COM VÍTIMA	FINALIZADA	BOA VIAGEM	RUA HENRIQUE DIAS	""	""	AO LADO DO MEMORIAL SÃO JOSÉ	BOA VIAGEM		CIDADE	ATROPELAMENTO	""					1	1				1		Longo da via	Bom	Sem defeito	Perfeito estado	Seca	Perfeito estado	Faixa de pedestre	Outras	""	Única	Não existe	""	""
1947	2020-03-03T00:00:00	17:28:00	SEM VÍTIMA	FINALIZADA	CASA AMARELA	RUA BELA VISTA	152	""	PADARIA BELA VISTA	CASA AMARELA		SUBURBIO	ABALROAMENTO LONGITUDINAL	COISÃO SEM VÍTIMA	2									0		Longo da via	Bom	Não existe	Não existente	Seca	Perfeito estado	Não existe	Não há placas	""	Dupla	Não existe	""	""
1948	2020-03-03T00:00:00	17:25:00	SEM VÍTIMA	CANCELADA	AREIAS	RUA AURORA CACOTE	642	""	SUPERMERCADO QUIPREÇO	AREIAS		AREIAS	COLISÃO	COLISAO S/ VITIMA NETRE DOIS VEICULOS	2									0		""	""	""	""	""	""	""	""	""	""	""	""	""
1949	2020-03-03T00:00:00	17:43:00	SEM VÍTIMA	CANCELADA	MADALENA	RUA PROFESSOR BENEDITO MONTEIRO	""	""	AO LADO DA JURANDIR PIRES	MADALENA		""	COLISÃO	COLISÃO SEM VÍTIMA	2									0		""	""	""	""	""	""	""	""	""	""	""	""	""
1950	2020-03-03T00:00:00	17:45:00	COM VÍTIMA	FINALIZADA	VÁRZEA	AV JOAQUIM RIBEIRO	733	""	PROX A BORRACHARIA DO NADO PROX A PONTE S/T DOIS IRMAOS	VÁRZEA		SUBURBIO	ABALROAMENTO LONGITUDINAL	COLISAO ENTRE DOIS AUTOS S/V	1	1								1		Longo da via	Bom	Não existe	Ilegível	Seca	Perfeito estado	Não existe	Não há placas	""	Dupla	""	""	""
1951	2020-03-03T00:00:00	18:46:00	SEM VÍTIMA	FINALIZADA	VÁRZEA	AV AFONSO OLINDENSE	""	""	EM FRENTE A PARADA DE ÔNIBUS 080256	VÁRZEA		CIDADE	ABALROAMENTO LONGITUDINAL	COLISAO DE DOIS AUTOS S/V	1					1				0		Longo da via	Bom	Não existe	Perfeito estado	Seca	Perfeito estado	Não existe	Não há placas	""	Dupla	Faixa contínua	""	""
1952	2020-03-03T00:00:00	18:55:00	SEM VÍTIMA	CANCELADA	CAXANGÁ	AV CAXANGA	""	""	ENF A TERMINAL INTEGRADO DA CAXANGA	CAXANGÁ		""	COLISÃO	ONIBUS X FIAT UNO	1					1				0		""	""	""	""	""	""	""	""	""	""	""	""	""
1953	2020-03-03T00:00:00	19:09:00	SEM VÍTIMA	FINALIZADA	JARDIM SÃO PAULO	AV SAO PAULO	609	RUA BRAGANCA	Nº 609	JARDIM SÃO PAULO		SUBURBIO	ABALROAMENTO LONGITUDINAL	COLISAO SEM VITIMAS	1	1								0		""	Bom	Não existe	Não existente	Seca	Perfeito estado	""	Outras	""	Dupla	Não existe	""	""
1954	2020-03-03T00:00:00	19:46:00	SEM VÍTIMA	CANCELADA	JARDIM SÃO PAULO	RUA PROFESSOR PEDRO AUGUSTO	311	RUA PROF CACILDA BRECKENFELD	LOCAL DE RESIDENCIA	JARDIM SÃO PAULO		""	COLISÃO	PICASSO X ARGO    OBS:: SUSPEITA DE EMBRIAGUEZ	2									0		""	""	""	""	""	""	""	""	""	""	""	""	""
1955	2020-03-03T00:00:00	20:16:00	SEM VÍTIMA	FINALIZADA	CAJUEIRO	RUA SENADOR NILO COELHO	""	""	FRENTE AO ARMAZÉM CORAL	CAJUEIRO		SUBURBIO	ABALROAMENTO TRANSVERSAL	COLISAO SEM VITIMAS	2									0		Longo da via	Bom	Não existe	Perfeito estado	Seca	Perfeito estado	""	Não há placas	40 km/h	Dupla	Não existe	""	""
1956	2020-03-04T00:00:00	06:44:00	SEM VÍTIMA	FINALIZADA	AFOGADOS	RUA SAO MIGUEL	""	""	SOB O SEMÁFORO Nº 392	AFOGADOS	392	CIDADE	COLISÃO TRASEIRA	COLISÃO SEM VITIMAS	2									0		Longo da via	Bom	Sem defeito	Incompleta	Seca	Perfeito estado	Não existe	Outras	""	Dupla	Faixa contínua	""	""
1957	2020-03-04T00:00:00	07:18:00	COM VÍTIMA	FINALIZADA	ENCRUZILHADA	EST DE BELEM	44	""	EM FRENTE AO BANCO ITAU	ENCRUZILHADA		SUBURBIO	ABALROAMENTO TRANSVERSAL	COLISÃO COM VITIMA A ESPERA DO BOMBEIROS	1	1								2		Longo da via	Bom	Não existe	Perfeito estado	Seca	Perfeito estado	Não existe	Placas Pare	40 km/h	Dupla	Faixa seccionada	""	""
1958	2020-03-04T00:00:00	07:35:00	COM VÍTIMA	FINALIZADA	ARRUDA	RUA ZEFERINO AGRA	268	""	EM FRENTE AO COLEGIO ADVENTISTA	ARRUDA		SUBURBIO	COLISÃO FRONTAL	COLISAO COM VITIMAS	1	1								1		Longo da via	Bom	Não existe	Perfeito estado	Seca	Perfeito estado	Faixa de pedestre	Outras	""	Dupla	Faixa contínua	""	""
1959	2020-03-04T00:00:00	07:42:00	SEM VÍTIMA	FINALIZADA	ESPINHEIRO	AV GOVERNADOR AGAMENON MAGALHAES	2936	""	SOBRADO EMPRESARIAL	ESPINHEIRO		CIDADE	ABALROAMENTO LONGITUDINAL	VEICULO OFICIAL FUNASE E AUTO	2									0		Longo da via	Bom	Não existe	Não existente	Seca	Perfeito estado	Não existe	Não há placas	""	Única	Faixa seccionada	""	""
1960	2020-03-04T00:00:00	07:43:00	COM VÍTIMA	FINALIZADA	CORDEIRO	RUA TIJUCAS	198	""	PROX AO RESTAURANTE JOÃO  DA CARNE DE SOL	CORDEIRO		""	ABALROAMENTO TRANSVERSAL	COLISÃO COM VITIMA  GM JOÃO RICARDO QTH	1	1								1		Cruzamento	Bom	Não existe	Ilegível	Seca	Perfeito estado	Não existe	Placas Pare	""	Dupla	Não existe	""	""
1961	2020-03-04T00:00:00	07:53:00	COM VÍTIMA	FINALIZADA	BOA VIAGEM	RUA RIBEIRO DE BRITO	590	""	EM FRENTE AO LABORATORIO  BORIS  BERENSTEIN	BOA VIAGEM		SUBURBIO	ABALROAMENTO LONGITUDINAL	COLISÃO COM VITIMA GM  ADELSON QTH	1	1								1		Longo da via	Bom	Não existe	Perfeito estado	Seca	Perfeito estado	Não existe	Outras	""	Única	Faixa seccionada	""	""
1962	2020-03-04T00:00:00	08:02:00	SEM VÍTIMA	FINALIZADA	ESPINHEIRO	AV GOVERNADOR AGAMENON MAGALHAES	2936	""	EM FRENTE AO EMPRESARIAL SOBRADO	ESPINHEIRO		CIDADE	ABALROAMENTO LONGITUDINAL	COLIsAO SEM VITIMAS (GM ANDERSON E ALBERTO NO QTH)	2									0		Longo da via	Bom	Não existe	Não existente	Seca	Perfeito estado	Não existe	Outras	""	Única	Faixa seccionada	""	""
1963	2020-03-04T00:00:00	08:10:00	COM VÍTIMA	CANCELADA	CAXANGÁ	AV CAXANGA	""	""	PROXIMO AO ARMAZEM CORAL	CAXANGÁ		""	COLISÃO	COLISAO COM VITIMAS	1	1								1		""	""	""	""	""	""	""	""	""	""	""	""	""
1964	2020-03-04T00:00:00	08:28:00	SEM VÍTIMA	FINALIZADA	ENCRUZILHADA	AV BEBERIBE	335	""	""	ENCRUZILHADA		CIDADE	COLISÃO TRASEIRA	COLISÃO S/VITIMAS ENTRE DOIS AUTOS	2									0		Longo da via	Bom	Sem defeito	Perfeito estado	Seca	Perfeito estado	Faixa de pedestre	Outras	40 km/h	Dupla	Faixa contínua	""	""
1965	2020-03-04T00:00:00	08:44:00	SEM VÍTIMA	FINALIZADA	IPUTINGA	RUA MAURICIO DE NASSAU	""	RUA PEREIRA COUTINHO FILHO	""	IPUTINGA		SUBURBIO	COLISÃO TRASEIRA	COLIsAO SEM VITIMAS (GM ANDERSON E ALBERTO NO QTH)	2									0		Longo da via	Bom	""	Perfeito estado	Seca	Perfeito estado	""	""	40 km/h	Dupla	""	""	""
1966	2020-03-04T00:00:00	08:38:00	SEM VÍTIMA	FINALIZADA	CAMPO GRANDE	RUA ODORICO MENDES	115	RUA VISCONDE DE CAIRU	PRÓXIMO AO CLUBE DA PÁS	CAMPO GRANDE		SUBURBIO	ABALROAMENTO TRANSVERSAL	COLISÃO S/VITIMAS ENTRE DOIS AUTOS	2									0		Cruzamento	Bom	Não existe	Perfeito estado	Seca	Perfeito estado	""	Placas Pare	""	Dupla	Faixa seccionada	""	""
1967	2020-03-04T00:00:00	09:00:00	COM VÍTIMA	FINALIZADA	TORRE	RUA MARQUES DE MARICA	147	""	EM FRENTE AO CONDOMINIO PRAÇA DAS CARMELIA	TORRE		SUBURBIO	ABALROAMENTO LONGITUDINAL	COLISÃO COM VITIMA A ESPERA DO SAMU	1	1								1		Longo da via	Bom	Não existe	Perfeito estado	Seca	Perfeito estado	Não existe	Não há placas	""	Dupla	Faixa seccionada	""	""
1968	2020-03-04T00:00:00	09:10:00	COM VÍTIMA	FINALIZADA	CORDEIRO	EST DO FORTE DO ARRAIAL N. DO B. JESUS	341 A	RUA AUREO XAVIER	EM FRENTE AO RESTAURANTE O PESCADOR	CORDEIRO		CIDADE	COLISÃO COM CICLISTA	MOTO E CICLISTA C/V		1		1						2		Cruzamento	Bom	Não existe	Perfeito estado	Seca	Perfeito estado	Não existe	Placas Pare	""	Dupla	Faixa contínua	Faixa seccionada	""
1969	2020-03-04T00:00:00	09:18:00	SEM VÍTIMA	FINALIZADA	MADALENA	RUA BENFICA	1146	""	AO LADO DO MUSEU DA ABOLIÇÃO	MADALENA	257	CIDADE	ABALROAMENTO LONGITUDINAL	COLISÃO S/VITIMA ENTRE UMA AMBULÂNCIA (VEÍCULO OFICIAL) E UM AUTO (GM MARCILIO NO QTH)	2									0		Longo da via	Bom	Sem defeito	Perfeito estado	Seca	Perfeito estado	Faixa de pedestre	R-6a	60 km/h	Dupla	Faixa contínua	""	""
1970	2020-03-04T00:00:00	09:33:00	SEM VÍTIMA	FINALIZADA	BOA VIAGEM	AV BOA VIAGEM	""	RUA BALTAZAR PASSOS	""	BOA VIAGEM	149	CIDADE	COLISÃO TRASEIRA	DOIS AUTOS	2									0		Longo da via	Bom	Sem defeito	Perfeito estado	Seca	Perfeito estado	Faixa de pedestre	""	60 km/h	Única	Faixa contínua	""	""
1971	2020-03-04T00:00:00	09:35:00	SEM VÍTIMA	FINALIZADA	BOA VIAGEM	AV CONSELHEIRO AGUIAR	""	RUA CORONEL BENEDITO CHAVES	EM FRENTE AO HOTEL SAVERO	BOA VIAGEM	114	CIDADE	COLISÃO TRASEIRA	COLISAO SEM VITIMAS	2									0		Cruzamento	Bom	Sem defeito	Perfeito estado	Seca	Perfeito estado	Faixa de pedestre	Não há placas	60 km/h	Única	""	""	""
1972	2020-03-04T00:00:00	09:40:00	SEM VÍTIMA	FINALIZADA	COHAB	AV ENGENHO SERRA VERDE	610	""	PADARIA MARAJÓ	COHAB		CIDADE	ABALROAMENTO LONGITUDINAL	ONIBUS E AUTO	1					1				0		Longo da via	Bom	Não existe	Perfeito estado	Seca	Perfeito estado	Não existe	R-6c	""	Única	Faixa seccionada	""	""
1973	2020-03-04T00:00:00	10:09:00	SEM VÍTIMA	FINALIZADA	""	AV MARTINS DE BARROS	""	""	LADO OPOSTO AO TERMINAL CAIS DE SANTA RITA	""		SUBURBIO	ABALROAMENTO LONGITUDINAL	COLISÃO SEM VITIMAS GM PERONIMO  QTH	1	1								0		Longo da via	Bom	Não existe	Perfeito estado	Seca	Perfeito estado	Não existe	Não há placas	40 km/h	Dupla	Faixa seccionada	""	""
1974	2020-03-04T00:00:00	10:26:00	SEM VÍTIMA	FINALIZADA	IMBIRIBEIRA	AV MARECHAL MASCARENHAS DE MORAES	440	""	LADO OPOSTO AO FLOR ARTE	IMBIRIBEIRA	279	SUBURBIO	ABALROAMENTO LONGITUDINAL	COLISAO SEM VITIMAS	1	1								0		Longo da via	Bom	Sem defeito	Perfeito estado	Seca	Perfeito estado	Faixa de pedestre	Outras	""	Dupla	Faixa contínua	Faixa seccionada	Canteiro central
1975	2020-03-04T00:00:00	10:32:00	SEM VÍTIMA	FINALIZADA	SANTO AMARO	AV GOVERNADOR AGAMENON MAGALHAES	""	""	EM FRENTE A FARMÁCIA PAGUE MENOS	SANTO AMARO		""	COLISÃO TRASEIRA	COLISÃO S/VITIMAS ENTRE DOIS AUTOS	2									0		Longo da via	Bom	Sem defeito	Perfeito estado	Seca	Perfeito estado	Outros	Outras	60 km/h	Dupla	Canteiro central	""	""
1976	2020-03-04T00:00:00	11:18:00	SEM VÍTIMA	CANCELADA	SÃO JOSÉ	RUA DO PEIXOTO	""	""	NA RUA DO RESTAURANTE POPULAR JOSE DE CASTRO	SÃO JOSÉ		""	COLISÃO	DOIS CAMINHÕES							2			0		""	""	""	""	""	""	""	""	""	""	""	""	""
1977	2020-03-04T00:00:00	11:19:00	SEM VÍTIMA	FINALIZADA	IBURA	RUA RIO BRIGIDA	""	RUA RIO PARNAIBA	""	IBURA		SUBURBIO	ABALROAMENTO LONGITUDINAL	COLISAO SEM VITIMAS	1						1			0		Cruzamento	Bom	Não existe	Perfeito estado	Seca	Perfeito estado	Não existe	Placas Pare	30 km/h	Dupla	Faixa seccionada	""	""
1978	2020-03-04T00:00:00	11:39:00	SEM VÍTIMA	FINALIZADA	BOA VISTA	RUA DO RIACHUELO	""	""	LADO OPOSTO AO Nº 309	BOA VISTA		""	ABALROAMENTO LONGITUDINAL	COLISÃO SEM VITIMAS GM  DENILSON  QTH	1					1				0		Longo da via	Bom	Não existe	Perfeito estado	Seca	Perfeito estado	Faixa de pedestre	""	30 km/h	Dupla	Canteiro central	""	""
1979	2020-03-04T00:00:00	12:01:00	SEM VÍTIMA	FINALIZADA	SÃO JOSÉ	AV SUL	""	""	HOTEL LUA DE MEL	SÃO JOSÉ		CIDADE	CHOQUE VEÍCULO PARADO	COLISAO SEM VITIMAS	1								1	0		Longo da via	Bom	Não existe	Incompleta	Seca	Perfeito estado	""	Não há placas	""	Dupla	Canteiro central	""	""
1980	2020-03-04T00:00:00	12:38:00	SEM VÍTIMA	FINALIZADA	BOA VIAGEM	AV ENGENHEIRO DOMINGOS FERREIRA	""	RUA BARAO DE SOUZA LEAO	EM FRENTE AO HOSPITAL	BOA VIAGEM	129	SUBURBIO	COLISÃO TRASEIRA	COLISAO ENTRE UM AUTO E UM ONIBUS	1					1				0		Longo da via	Bom	Sem defeito	Perfeito estado	Seca	Perfeito estado	Faixa de pedestre	Outras	""	Única	Faixa contínua	Faixa seccionada	Canteiro central
1981	2020-03-04T00:00:00	13:36:00	SEM VÍTIMA	FINALIZADA	MADALENA	RUA REAL DA TORRE	218	""	TÚNEL DA ABOLIÇÃO	MADALENA	237	""	COLISÃO TRASEIRA	COLISAO S/ VITIMA ENTRE VAN ESCOLA E UM ONIBUS						2				0		Longo da via	Bom	Sem defeito	Perfeito estado	Seca	Perfeito estado	Faixa de pedestre	R-6a	""	Única	Faixa seccionada	""	""
1982	2020-03-04T00:00:00	13:51:00	SEM VÍTIMA	FINALIZADA	ALTO JOSÉ BONIFÁCIO	RUA ALTO JOSE BONIFACIO	140	""	EM FRENTE A CASA PEREIRA FERRAGENS E MIUDEZAS	ALTO JOSÉ BONIFÁCIO		SUBURBIO	ABALROAMENTO LONGITUDINAL	COLISAO ENTRE AUTO E MOTO S/V	1	1								0		Longo da via	Bom	Não existe	Perfeito estado	Seca	Perfeito estado	Não existe	R-6a	""	Dupla	Faixa seccionada	""	""
1983	2020-03-04T00:00:00	13:53:00	SEM VÍTIMA	FINALIZADA	IBURA	RUA RIO DOURO	49	""	ESCOLA CECÍLIA MEIRELES	IBURA		SUBURBIO	ABALROAMENTO LONGITUDINAL	COLISAO ENTRE DOIS AUTOS S/V	2									0		Longo da via	Bom	Não existe	Perfeito estado	Seca	Perfeito estado	Não existe	Não há placas	""	Dupla	Não existe	""	""
1984	2020-03-04T00:00:00	15:42:00	SEM VÍTIMA	FINALIZADA	DERBY	RUA JENER DE SOUZA	""	""	EM FRENTE AO QUARTEL DA POLICIA MILITAR	DERBY		SUBURBIO	COLISÃO TRASEIRA	COLISÃO SEM VÍTIMA	2									0		Longo da via	Bom	Não existe	Perfeito estado	Seca	Perfeito estado	Não existe	Outras	""	Dupla	Canteiro central	""	""
1985	2020-03-04T00:00:00	15:59:00	SEM VÍTIMA	FINALIZADA	MADALENA	AV VISCONDE DE ALBUQUERQUE	300	""	ASTRAL VEÍCULOS	MADALENA		SUBURBIO	ABALROAMENTO LONGITUDINAL	COLISÃO SEM VÍTIMA	2									0		Longo da via	Bom	Não existe	Perfeito estado	Seca	Perfeito estado	Não existe	Outras	""	Única	Faixa seccionada	""	""
1986	2020-03-04T00:00:00	16:04:00	COM VÍTIMA	FINALIZADA	BOA VIAGEM	RUA CARLOS PEREIRA FALCAO	1145	""	EM FRENTE AO EDIFICIO RENATA DIAS	BOA VIAGEM		""	COLISÃO	COLISÃO COM VÍTIMA/ VÍTIMA ATENDIDA NO LOCAL PELO SAMU E NÃO FOI NECESSARIO LEVAR A VITIMA PARA O HOSPITAL	1	1								1		""	""	""	""	""	""	""	""	""	""	""	""	""
1987	2020-03-04T00:00:00	16:08:00	SEM VÍTIMA	FINALIZADA	SANTO ANTÔNIO	AV N S DO CARMO	660	AV MARTINS DE BARROS	EM FRENTE AO EDIFÍCIO INCONFIDÊNCIA	SANTO ANTÔNIO	204	SUBURBIO	ABALROAMENTO LONGITUDINAL	COLISAO S/ VITIMA EM ONIBUS DA VERA CRUZ E VEICULO. RESERVA 02. GCM	1					1				0		Longo da via	Bom	Sem defeito	Perfeito estado	Seca	Perfeito estado	Faixa de pedestre	Não há placas	""	Dupla	Faixa contínua	""	""
1988	2020-03-04T00:00:00	16:54:00	SEM VÍTIMA	FINALIZADA	AFOGADOS	RUA DA PAZ	396	""	E/F AO BANCO ITAU	AFOGADOS	53	SUBURBIO	ABALROAMENTO LONGITUDINAL	COLISAO ENTRE DOIS AUTOS S/V	2									0		Longo da via	Bom	Sem defeito	Perfeito estado	Seca	Perfeito estado	Faixa de pedestre	""	""	Única	Faixa contínua	Faixa seccionada	""
1989	2020-03-04T00:00:00	17:20:00	SEM VÍTIMA	FINALIZADA	MADALENA	AV JOSE GONCALVES DE MEDEIROS	121	""	PRÓXIMO A FARMÁCIA PAGUE MENOS	MADALENA		CIDADE	COLISÃO TRASEIRA	COLISAO S/ VITIMA ENTRE DOIS VEICULOS	2									0		Longo da via	Bom	Não existe	Perfeito estado	Seca	Perfeito estado	Não existe	Não há placas	60 km/h	Dupla	Faixa contínua	""	""
1990	2020-03-04T00:00:00	17:29:00	SEM VÍTIMA	EQUIPE EM DESLOCAMENTO	BOA VIAGEM	RUA ERNESTO DE PAULA SANTOS	913	""	POSTO DE COMBUSTÍVEL SETTA	BOA VIAGEM	330	CIDADE	COLISÃO TRASEIRA	COLISÃO SEM VÍTIMA	5									0		Longo da via	Bom	Sem defeito	Perfeito estado	Seca	Perfeito estado	Faixa de pedestre	Não há placas	""	Única	Faixa seccionada	""	""
1991	2020-03-04T00:00:00	17:24:00	SEM VÍTIMA	FINALIZADA	IBURA	AV DOM HELDER CAMARA	""	""	AO LADO DO NÚCLEO	IBURA		CIDADE	ABALROAMENTO LONGITUDINAL	COLISÃO SEM VÍTIMA	1						1			0		""	Bom	Não existe	Perfeito estado	Seca	Perfeito estado	Não existe	Não há placas	""	Dupla	Canteiro central	""	""
1992	2020-03-04T00:00:00	18:05:00	SEM VÍTIMA	FINALIZADA	DOIS IRMÃOS	RUA DOIS IRMAOS	165	""	LADO OPOSTO AO Nº 165	DOIS IRMÃOS		CIDADE	ABALROAMENTO LONGITUDINAL	FIAT DOBLO X PRISMA	2									0		Longo da via	Bom	Não existe	Perfeito estado	Seca	Perfeito estado	Não existe	Outras	""	Dupla	Faixa contínua	""	""
1993	2020-03-04T00:00:00	20:56:00	SEM VÍTIMA	FINALIZADA	IPUTINGA	AV CAXANGA	5362	""	EM FRENTE AO CAXANGÁ GOLF & COUNTRY CLUB	IPUTINGA		SUBURBIO	COLISÃO TRASEIRA	COBALT X DOIS SIENA	3									0		Longo da via	Bom	Não existe	Ilegível	Seca	Mal iluminada	Não existe	Não há placas	""	Dupla	Canteiro central	""	""
1994	2020-03-04T00:00:00	21:27:00	COM VÍTIMA	FINALIZADA	BOA VIAGEM	AV ARMINDO MOURA	581	""	E/F A VILA DA AERONAUTICA	BOA VIAGEM		SUBURBIO	ABALROAMENTO LONGITUDINAL	ENTRE AUTO E MOTO. C/V	1	1								1		Longo da via	Bom	Sem defeito	Perfeito estado	Seca	Perfeito estado	Faixa de pedestre	Placas Pare	""	Dupla	Faixa contínua	""	""
1995	2020-03-04T00:00:00	22:08:00	SEM VÍTIMA	FINALIZADA	""	AV ENGENHEIRO ABDIAS DE CARVALHO	1835	""	CENTRO DE DISTRIBUIÇÃO DOS CORREIOS	""		SUBURBIO	COLISÃO TRASEIRA	DUSTER X POLO	2									0		Longo da via	Bom	Não existe	Perfeito estado	Seca	Perfeito estado	Não existe	Não há placas	""	Dupla	Faixa seccionada	Canteiro central	""
1996	2020-03-04T00:00:00	22:20:00	SEM VÍTIMA	FINALIZADA	CASA AMARELA	RUA ARNOLDO MAGALHAES	22	""	""	CASA AMARELA		SUBURBIO	CHOQUE VEÍCULO PARADO	""	1								1	0		Longo da via	Bom	Não existe	Ilegível	Seca	Mal conservada	Não existe	Não há placas	20 km/h	Dupla	Não existe	""	""
1997	2020-03-04T00:00:00	22:27:00	COM VÍTIMA	FINALIZADA	AFOGADOS	RUA SAO MIGUEL	176	RUA JACIRA	E/F AO DEPATRI	AFOGADOS		SUBURBIO	ABALROAMENTO LONGITUDINAL	AUTO X MOTO. C/V	1	1								1		Cruzamento	Bom	Sem defeito	Perfeito estado	Seca	Perfeito estado	Faixa de pedestre	""	""	Dupla	Faixa seccionada	""	""
1998	2020-03-05T00:00:00	04:51:00	SEM VÍTIMA	FINALIZADA	BOA VIAGEM	RUA BRUNO VELOSO	181	AV CONSELHEIRO AGUIAR	DROGASIL	BOA VIAGEM		SUBURBIO	COLISÃO TRASEIRA	DUAS VT DO GTO	2									0		Longo da via	Bom	Sem defeito	Perfeito estado	Seca	Perfeito estado	Faixa de pedestre	Outras	""	Única	Faixa seccionada	""	""
1999	2020-03-05T00:00:00	05:51:00	SEM VÍTIMA	FINALIZADA	IMBIRIBEIRA	RUA ARQUITETO LUIZ NUNES	217	RUA JULIO VERNE	APÓS A PONTE GILBERTO FREYRE	IMBIRIBEIRA		SUBURBIO	COLISÃO TRASEIRA	COLISÃO ENTRE DOIS AUTOS- S/V	2									0		""	Bom	Não existe	Incompleta	Seca	Perfeito estado	Não existe	Outras	40 km/h	Única	Faixa seccionada	""	""
2000	2020-03-05T00:00:00	06:09:00	SEM VÍTIMA	CANCELADA	BOA VIAGEM	AV ENGENHEIRO DOMINGOS FERREIRA	""	""	EM FRENTE AO RESTAURANTE FAMILIA JULIANO	BOA VIAGEM		""	COLISÃO	MOTO E CAMINHAO		1					1			0		""	""	""	""	""	""	""	""	""	""	""	""	""
2001	2020-03-05T00:00:00	07:22:00	SEM VÍTIMA	FINALIZADA	IPUTINGA	RUA SAO MATEUS	223	RUA DR GASTAO DA SILVEIRA	""	IPUTINGA		SUBURBIO	ABALROAMENTO LONGITUDINAL	COLISÃO SEM VITIMAS	1	1								0		""	Bom	Não existe	Perfeito estado	Seca	Perfeito estado	Não existe	Outras	""	Dupla	Não existe	""	""
2002	2020-03-05T00:00:00	07:44:00	SEM VÍTIMA	FINALIZADA	PINA	RUA MANOEL DE BRITO	311	""	EM FRENTE FACULDADE IDE	PINA	659	CIDADE	COLISÃO TRASEIRA	DOIS AUTOS	2									0		Longo da via	Bom	Sem defeito	Perfeito estado	Seca	Perfeito estado	Agente	Não há placas	60 km/h	Única	Faixa seccionada	""	""
2003	2020-03-05T00:00:00	08:13:00	SEM VÍTIMA	FINALIZADA	IPSEP	""	60	AV RECIFE	POSTO DE GASOLINA SHELL	IPSEP		CIDADE	COLISÃO TRASEIRA	COLISÃO SEM VITIMAS GM CONCEIÇÃO QTH	1					1				0		Longo da via	Bom	Não existe	Perfeito estado	Seca	Perfeito estado	Não existe	""	40 km/h	Única	Não existe	""	""