_id	data	hora	natureza_acidente	situacao	bairro	endereco	numero	detalhe_endereco_acidente	complemento	bairro_cruzamento	num_semaforo	sentido_via	tipo	descricao	auto	moto	ciclom	ciclista	pedestre	onibus	caminhao	viatura	outros	vitimas	vitimasfatais	acidente_verificado	tempo_clima	situacao_semaforo	sinalizacao	condicao_via	conservacao_via	ponto_controle	situacao_placa	velocidade_max_via	mao_direcao	divisao_via1	divisao_via2	divisao_via3
2329	2020-03-16T00:00:00	07:28:00	SEM VÍTIMA	FINALIZADA	ENCRUZILHADA	EST DE BELEM	""	""	EM FRENTE A FARMACIA PAGUE MENOS	ENCRUZILHADA		""	COLISÃO	COLISÃO SEM VITIMAS	1					1				0		""	""	""	""	""	""	""	""	""	""	""	""	""
2330	2020-03-16T00:00:00	07:43:00	SEM VÍTIMA	FINALIZADA	DERBY	RUA JENER DE SOUZA	""	PRC DO DERBY	EM FRENTE AO QUARTEL DO DERBY	DERBY	40	SUBURBIO	COLISÃO FRONTAL	AMBULANCIA E AUTO PONTO FIXO GM´S JEFERSON JOSE E JOSY CARLA COIMBRA	2									0		Cruzamento	Chuvoso	Sem defeito	Perfeito estado	Molhada	Perfeito estado	Faixa de pedestre	""	""	Dupla	Não existe	""	""
2331	2020-03-16T00:00:00	08:01:00	COM VÍTIMA	FINALIZADA	ROSARINHO	AV SANTOS DUMONT	1011	""	EM FRENTE A  FARMACIA BONGI	ROSARINHO		""	ABALROAMENTO TRANSVERSAL	COLISÃO COM VITIMA VT 13 GM JARBAS OLIVEIRA QTH	1	1								1		Esquina	Chuvoso	Não existe	Perfeito estado	Seca	Perfeito estado	Não existe	Outras	""	Única	Faixa seccionada	""	""
2332	2020-03-16T00:00:00	08:08:00	COM VÍTIMA	FINALIZADA	DERBY	AV GOVERNADOR AGAMENON MAGALHAES	""	""	LADO OPOSTO AO HOSPITAL DA RESTAURAÇÃO	DERBY		OLINDA	ATROPELAMENTO	""		1			1					1		Longo da via	Chuvoso	Sem defeito	Perfeito estado	Molhada	Perfeito estado	Agente	Outras	60 km/h	Dupla	Canteiro central	""	""
2333	2020-03-16T00:00:00	08:41:00	SEM VÍTIMA	FINALIZADA	ESPINHEIRO	RUA BARAO DE ITAMARACA	467	RUA RUI CALACA	PRÓXIMO A DISTRIBUIDORA GENTINGE	ESPINHEIRO		CIDADE	ABALROAMENTO TRANSVERSAL	DOIS AUTOS	2									0		""	Bom	Não existe	Perfeito estado	Seca	Perfeito estado	""	Outras	""	Dupla	Faixa contínua	""	""
2334	2020-03-16T00:00:00	08:46:00	SEM VÍTIMA	FINALIZADA	MADALENA	AV CAXANGA	443	""	LADO OPOSTO AO COLÉGIO CFI	MADALENA		CIDADE	COLISÃO TRASEIRA	SEM VITIMAS ENTRE 3 VEICULOS	3									0		Longo da via	Chuvoso	Sem defeito	Perfeito estado	Molhada	Perfeito estado	""	""	""	Dupla	Faixa contínua	Faixa seccionada	Canteiro central
2335	2020-03-16T00:00:00	09:00:00	COM VÍTIMA	FINALIZADA	TAMARINEIRA	EST VELHA DE AGUA FRIA	""	""	EM FRENTE AO DNOCS	TAMARINEIRA	306	""	COLISÃO TRASEIRA	COLISÃO ENTRE UM AUTO E MOTO	1	1								1		Longo da via	Chuvoso	Sem defeito	Perfeito estado	Seca	Perfeito estado	""	R-6a	""	Dupla	Faixa contínua	Faixa seccionada	""
2336	2020-03-16T00:00:00	11:13:00	SEM VÍTIMA	FINALIZADA	CASA AMARELA	AV NORTE	""	""	""	CASA AMARELA	95	SUBURBIO	COLISÃO TRASEIRA	COLISÃO S/VITIMAS ENTRE DOIS AUTOS (GM FÁBIO PARAISO E GILSON ALVES NO QTH)	2									0		Cruzamento	Bom	Sem defeito	Perfeito estado	Seca	Perfeito estado	Agente	Outras	""	Dupla	Canteiro central	Blocos	""
2337	2020-03-16T00:00:00	12:07:00	COM VÍTIMA	FINALIZADA	BOA VIAGEM	TRV DR PEDRO DE MELO CAHU	201	RUA PROFESSOR JOSE BRANDAO	NA RUA POR TRAS DO COLEGIO BOA VIAGEM	BOA VIAGEM		""	ABALROAMENTO TRANSVERSAL	COLISAO ENTRE AUTO E MOTO S/V	1	1								1		Cruzamento	Bom	Não existe	Incompleta	Seca	Perfeito estado	Não existe	Não há placas	""	Dupla	Faixa seccionada	""	""
2338	2020-03-16T00:00:00	12:32:00	SEM VÍTIMA	CANCELADA	MANGABEIRA	RUA NICEAS ARCOVERDE GUSMAO	""	""	EM FRENTE A ESCOLA MUNICIPAL DA MANGABEIRA	MANGABEIRA		""	COLISÃO	COLISÃO SEM VÍTIMA	2									0		""	""	""	""	""	""	""	""	""	""	""	""	""
2339	2020-03-16T00:00:00	12:38:00	COM VÍTIMA	FINALIZADA	MADALENA	AV CAXANGA	""	""	E/F AO COMPAZ S/T CID	MADALENA	439	CIDADE	COLISÃO COM CICLISTA	COLISAO ENTRE ONIBUS E CICLISTA COM UMA VITIMA				1		1				1		Longo da via	Chuvoso	Sem defeito	Perfeito estado	Molhada	Perfeito estado	Faixa de pedestre	Outras	""	Dupla	Faixa contínua	""	""
2340	2020-03-16T00:00:00	12:51:00	COM VÍTIMA	FINALIZADA	IMBIRIBEIRA	AV SUL	268	RUA JOAQUIM BANDEIRA	E/F AO PONTILHAO DO METRO	IMBIRIBEIRA		CIDADE	ABALROAMENTO TRANSVERSAL	""		1								1		Cruzamento	Bom	Não existe	Perfeito estado	Seca	Perfeito estado	Não existe	Placas Pare	""	Única	Faixa contínua	Faixa seccionada	""
2341	2020-03-16T00:00:00	13:01:00	SEM VÍTIMA	FINALIZADA	GRAÇAS	RUA CARDEAL ARCOVERDE	267	""	""	GRAÇAS		SUBURBIO	ABALROAMENTO LONGITUDINAL	COLISAO ENTRE TRES AUTOS S/V	2									0		Longo da via	Bom	Não existe	Perfeito estado	Seca	Perfeito estado	Outros	Não há placas	""	Única	Não existe	""	""
2342	2020-03-16T00:00:00	13:03:00	COM VÍTIMA	FINALIZADA	BOA VIAGEM	AV ENGENHEIRO DOMINGOS FERREIRA	""	""	EM FRENTE AO WALMART	BOA VIAGEM	303	SUBURBIO	ATROPELAMENTO	ATROPELAMENTO COM VÍTIMA		1			1					1		Cruzamento	Bom	Sem defeito	Perfeito estado	Seca	Perfeito estado	""	Não há placas	""	Única	Faixa contínua	Canteiro central	""
2343	2020-03-16T00:00:00	13:33:00	SEM VÍTIMA	FINALIZADA	DERBY	RUA AMARO BEZERRA	419	""	E/F A FARMÁCIA DROGASIL	DERBY		CIDADE	ABALROAMENTO LONGITUDINAL	COLISAO ENTRE AUTO E CAMINHAO S/V	1					1				0		Outros	Bom	Não existe	Incompleta	Seca	Perfeito estado	""	Placas Pare	""	Única	Não existe	""	""
2344	2020-03-16T00:00:00	13:48:00	SEM VÍTIMA	FINALIZADA	MADALENA	AV ENGENHEIRO ABDIAS DE CARVALHO	""	""	E/F A BOB´S	MADALENA	52	CIDADE	COLISÃO TRASEIRA	COLISAO ENTRE AUTO E MOTO GM FABIO E WELINGTON NO LOCAL	1	1								0		Cruzamento	Bom	Sem defeito	Perfeito estado	Seca	Perfeito estado	Agente	Outras	60 km/h	Dupla	Canteiro central	""	""
2345	2020-03-16T00:00:00	14:04:00	COM VÍTIMA	FINALIZADA	PARNAMIRIM	AV DEZESSETE DE AGOSTO	209	""	AO LADO DA CULTURA INGLESA	PARNAMIRIM	411	""	COLISÃO TRASEIRA	COLISAO ENTRE AUTO E MOTO COM UMA VITIMA	1	1								1		Longo da via	Bom	Sem defeito	Perfeito estado	Seca	Perfeito estado	Faixa de retenção	Outras	""	Dupla	Faixa contínua	""	""
2346	2020-03-16T00:00:00	14:22:00	SEM VÍTIMA	FINALIZADA	""	""	""	""	PISTA LOCAL DA AVENIDA TIMBÓ ( PISTA LESTE)	""		""	COLISÃO TRASEIRA	COLISAO S/ VITIMA ENTRE DOIS VEICULOS	2									0		Longo da via	Bom	Não existe	Não existente	Seca	Perfeito estado	Não existe	Não há placas	""	Dupla	Não existe	""	""
2347	2020-03-16T00:00:00	14:29:00	SEM VÍTIMA	CANCELADA	TORRE	RUA CONS THEODORO	1246	""	PROXIMO A PRAÇA DA TORRE	TORRE		""	COLISÃO	COLISÃO SEM VÍTIMA	2									0		""	""	""	""	""	""	""	""	""	""	""	""	""
2348	2020-03-16T00:00:00	15:03:00	SEM VÍTIMA	CANCELADA	GRAÇAS	AV RUI BARBOSA	287	""	AO LADO DO BANCO ITAU// EM FRENTE AO TRIBUNAL REGINAL ELEITORAL	GRAÇAS		""	COLISÃO	COLISAO S/ VITIMA ENTRE ONIBUS E TRICICULO	2									0		""	""	""	""	""	""	""	""	""	""	""	""	""
2349	2020-03-16T00:00:00	15:03:00	SEM VÍTIMA	FINALIZADA	IMBIRIBEIRA	RUA JULIO VERNE	236	RUA ARQUITETO LUIZ NUNES	LADO OPOSTO A PAPELARIA BORGES	IMBIRIBEIRA		SUBURBIO	COLISÃO FRONTAL	COLISAO ENTRE AUTO E MOTO S/V	1	1								0		Cruzamento	Bom	Não existe	Incompleta	Seca	Perfeito estado	Não existe	Outras	40 km/h	""	Faixa seccionada	""	""
2350	2020-03-16T00:00:00	15:19:00	SEM VÍTIMA	FINALIZADA	BOA VIAGEM	AV ENGENHEIRO DOMINGOS FERREIRA	2343	""	EM FRENTE A ADROALDO TAPETES	BOA VIAGEM		""	COLISÃO FRONTAL	COLISÃO SEM VÍTIMA	3									0		Longo da via	Bom	Não existe	Perfeito estado	Seca	Perfeito estado	Não existe	""	""	Única	Faixa seccionada	""	""
2351	2020-03-16T00:00:00	15:33:00	SEM VÍTIMA	FINALIZADA	VÁRZEA	RUA GASTAO VIDIGAL	""	AV JOAQUIM RIBEIRO	PRÓXIMO A UPA DA CAXANGÁ	VÁRZEA	281	CIDADE	ABALROAMENTO TRANSVERSAL	COLISAO ENTRE DOIS AUTOS S/V	2									0		Cruzamento	Bom	Sem defeito	Perfeito estado	Seca	Perfeito estado	Agente	""	""	Dupla	Faixa contínua	Faixa seccionada	Canteiro central
2352	2020-03-16T00:00:00	15:52:00	SEM VÍTIMA	FINALIZADA	PRADO	RUA CARLOS GOMES	""	RUA PADRE TEOFILO TWORZ	AO LADO DO POSTE Nº B 035100	PRADO		""	ABALROAMENTO TRANSVERSAL	COLISÃO SEM VÍTIMA	1						1			0		Cruzamento	Bom	Não existe	""	Seca	""	Não existe	Placas Pare	""	Única	Faixa seccionada	""	""
2353	2020-03-21T00:00:00	11:30:00	COM VÍTIMA	FINALIZADA	CASA AMARELA	AV NORTE	""	""	E/F AO CONSELHO TUTELAR. EF RETÍFICA PADRÃO	CASA AMARELA		CIDADE	ABALROAMENTO LONGITUDINAL	COLISAO COM VITIMA	1	1								1		Longo da via	Bom	Não existe	Perfeito estado	Seca	Perfeito estado	Não existe	R-6a	""	Dupla	Canteiro central	""	""
2354	2020-03-21T00:00:00	19:55:00	COM VÍTIMA	FINALIZADA	CORDEIRO	AV GENERAL SAN MARTIN	""	AV ENGENHEIRO ABDIAS DE CARVALHO	PROX AO COMPAZ // GETULIO VARGAS	CORDEIRO		CIDADE	ABALROAMENTO TRANSVERSAL	AUTO X MOTO	1	1								1		Cruzamento	Bom	Sem defeito	Perfeito estado	Seca	Perfeito estado	Faixa de pedestre	R-6a	60 km/h	Dupla	""	""	""
2355	2020-03-21T00:00:00	23:49:00	COM VÍTIMA	FINALIZADA	CAMPO GRANDE	EST DE BELEM	1201	RUA ODORICO MENDES	ENF . ESCOLA JESUS CRUCIFICADO	CAMPO GRANDE	26	CIDADE	ABALROAMENTO TRANSVERSAL	ONIBUS X MOTO   OBS : NAO DA PARA VER A PLACA DA MOTO DEVIDO A MESMA ESTA POR BAIXO DO ONIBUS		1				1				1		Longo da via	Bom	Sem defeito	Perfeito estado	Seca	Perfeito estado	Faixa de retenção	Não há placas	""	Dupla	Faixa contínua	""	""
2356	2020-03-22T00:00:00	10:30:00	COM VÍTIMA	FINALIZADA	JARDIM SÃO PAULO	AV SAO PAULO	685	RUA LEANDRO BARRETO	EM FRENTE A PANIFICADORA SABORES DA PRAÇA	JARDIM SÃO PAULO	507	SUBURBIO	COLISÃO FRONTAL	COM UMA VITIMA SENDO ATENDIDA PELOS BOMBEIROS	1	1								1		Longo da via	Bom	Sem defeito	Perfeito estado	Seca	Perfeito estado	Faixa de retenção	R-6a	""	Dupla	Não existe	""	""
2357	2020-03-22T00:00:00	13:18:00	COM VÍTIMA	CANCELADA	COHAB	AV SERRA DA MANTIQUEIRA	180	""	VIA RESIDENCIAL (LADEIRA DO MONTE VERDE)	COHAB		""	COLISÃO	COLISÃO C/VITMA ENTRE UM ONIBUS E UMA MOTO (MOTOQUEIRO SOCORRIDO POR TERCEIROS)		1				1				1		""	""	""	""	""	""	""	""	""	""	""	""	""
2358	2020-03-23T00:00:00	08:45:00	SEM VÍTIMA	FINALIZADA	CASA FORTE	AV DEZESSETE DE AGOSTO	175	RUA JOSE DE GODOY VASCONCELOS	EM  FRENTE AO EDIFICIO PRINCIPE DE GALES	CASA FORTE		CIDADE	COLISÃO	COLISÃO SEM VITIMAS  GM RENATO E WELLNGTON  QTH	1	1								0		Cruzamento	Bom	Não existe	Perfeito estado	Seca	Perfeito estado	Não existe	Placas Pare	60 km/h	Dupla	""	""	""
2359	2020-03-23T00:00:00	14:48:00	COM VÍTIMA	FINALIZADA	BOA VIAGEM	RUA BALTAZAR PASSOS	440	RUA SA E SOUZA	EM FRENTE A CULTURA INGLESA	BOA VIAGEM		""	CHOQUE OBJETO FIXO	COLISÃO COM VÍTIMA / UM DOS VEÍCULOS SE EVADIU DO LOCAL E O VEÍCULO QUE FICOU NO LOCAL SE CHOCOU COM UMA ARVORE	1									2		Cruzamento	Bom	Não existe	Perfeito estado	Seca	Perfeito estado	Não existe	Não há placas	""	Única	Não existe	""	""
2360	2020-03-23T00:00:00	17:49:00	COM VÍTIMA	FINALIZADA	CAMPO GRANDE	EST DE BELEM	415	RUA VINTE E QUATRO DE JUNHO	""	CAMPO GRANDE		CIDADE	ABALROAMENTO TRANSVERSAL	""	1	1								1		Esquina	Bom	Não existe	Perfeito estado	Seca	Perfeito estado	Não existe	R-6a	""	Dupla	Faixa contínua	Faixa seccionada	""
2361	2020-03-23T00:00:00	20:22:00	COM VÍTIMA	FINALIZADA	BOA VIAGEM	RUA DEZ DE JULHO	210	RUA CAMBOIM	NA SAÍDA DA ESTAÇÃO AEROPORTO	BOA VIAGEM		SUBURBIO	ABALROAMENTO TRANSVERSAL	ENTRE ÕNIBUS E MOTO. C/V		1				1				1		Cruzamento	Bom	Não existe	Perfeito estado	Seca	Perfeito estado	Não existe	Placas Pare	""	Única	Faixa seccionada	""	""
2362	2020-03-24T00:00:00	01:02:00	COM VÍTIMA	FINALIZADA	SANTO AMARO	AV DR JAYME DA FONTE	""	AV GOVERNADOR AGAMENON MAGALHAES	PROX A CENTRAL DE FLAGRANTES	SANTO AMARO	49	OLINDA	ABALROAMENTO TRANSVERSAL	COLISAO COM VITIMA AUTO E MOTO	1	1								1		Cruzamento	Bom	Sem defeito	Perfeito estado	Seca	Perfeito estado	Faixa de pedestre	R-26	60 km/h	Dupla	Faixa contínua	""	""
2363	2020-03-24T00:00:00	13:53:00	SEM VÍTIMA	FINALIZADA	PINA	RUA BARREIROS	120	""	USF PROF. JOÃO RODRIGUES	PINA		CIDADE	CHOQUE OBJETO FIXO	FIAÇÃO EXPOSTA NA VIA APÓS CARRETA PASSAR NO LOCAL									1	0		Longo da via	Bom	Não existe	Não existente	Seca	Perfeito estado	Não existe	Não há placas	""	Dupla	Não existe	""	""
2364	2020-03-24T00:00:00	17:14:00	COM VÍTIMA	FINALIZADA	TORRÕES	RUA ONZE DE FEVEREIRO	""	EST DO FORTE DO ARRAIAL N. DO B. JESUS	EM FRENTE A LAVANDERIA	TORRÕES		SUBURBIO	ABALROAMENTO TRANSVERSAL	C VITIMAS	1	1								1		Cruzamento	Bom	Não existe	Ilegível	Seca	Perfeito estado	Não existe	Placas Pare	""	Dupla	Faixa contínua	""	""
2365	2020-03-25T00:00:00	08:15:00	SEM VÍTIMA	FINALIZADA	VÁRZEA	AV AFONSO OLINDENSE	""	""	E/F A LOMBADA ELETRONICA	VÁRZEA		""	CHOQUE OBJETO FIXO	COLISAO SEM VITIMAS	1									0		""	""	""	""	""	""	""	""	""	""	""	""	""
2366	2020-03-25T00:00:00	13:14:00	SEM VÍTIMA	FINALIZADA	BOA VIAGEM	AV BOA VIAGEM	1338	""	EM FRENTE AO EDIFICIO MARIA DE LOURDES	BOA VIAGEM		""	COLISÃO	COLISÃO SEM VÍTIMA	1						1			0		""	""	""	""	""	""	""	""	""	""	""	""	""
2367	2020-03-25T00:00:00	13:57:00	COM VÍTIMA	FINALIZADA	BOA VIAGEM	AV CONSELHEIRO AGUIAR	""	RUA FELIX DE BRITO E MELO	NO SEMAFORO 546	BOA VIAGEM	546	CIDADE	ABALROAMENTO LONGITUDINAL	COLISA ENTRE AUTO E MOTO COM UMA VITIMA	1	1								1		Cruzamento	Bom	Sem defeito	Perfeito estado	Seca	Perfeito estado	Faixa de pedestre	R-6a	60 km/h	Única	Faixa seccionada	""	""
2368	2020-03-25T00:00:00	23:14:00	SEM VÍTIMA	FINALIZADA	AFOGADOS	RUA SAO MIGUEL	1619	""	""	AFOGADOS		SUBURBIO	ABALROAMENTO LONGITUDINAL	COLISÃO ENVOLVENDO ÔNIBUS DA ASA BRANCA E UM FOX PRETO	1					1				0		Longo da via	Bom	Não existe	Não existente	Seca	Perfeito estado	Não existe	Não há placas	""	Dupla	Não existe	""	""
2369	2020-03-26T00:00:00	07:16:00	COM VÍTIMA	FINALIZADA	BEBERIBE	AV BEBERIBE	3710	RUA DALVA DE OLIVEIRA	EM FRENTE A PADARIA PAM RAINHA	BEBERIBE		""	ABALROAMENTO TRANSVERSAL	DUAS MOTOS E UM AUTO PASSEIO	1	2								1		Cruzamento	Bom	Sem defeito	Perfeito estado	Seca	Perfeito estado	Faixa de pedestre	Outras	60 km/h	Dupla	Faixa contínua	""	""
2370	2020-03-26T00:00:00	12:11:00	COM VÍTIMA	FINALIZADA	IBURA	AV DOIS RIOS	""	""	SOB O VIADUTO DA BR 101	IBURA		SUBURBIO	ATROPELAMENTO	AUTO X PEDESTRE	1				1					1		Longo da via	Bom	Não existe	Perfeito estado	Seca	Perfeito estado	Não existe	Não há placas	""	Dupla	Faixa contínua	""	""
2371	2020-03-26T00:00:00	15:01:00	COM VÍTIMA	FINALIZADA	DOIS IRMÃOS	RUA MANUEL DE MEDEIROS	S/N	""	E/F A ENTRADA DE ACESSO AO HOSPITAL VETERINÁRIO UFRPE (SENT. MACAXEIRA)	DOIS IRMÃOS		CIDADE	ATROPELAMENTO	ONIBUS X PEDESTRE					1	1				1		Longo da via	Bom	Não existe	Incompleta	Seca	Perfeito estado	Não existe	R-6a	30 km/h	Dupla	Faixa seccionada	""	""
2372	2020-03-26T00:00:00	17:33:00	COM VÍTIMA	FINALIZADA	CAMPO GRANDE	AV PROFESSOR JOSE DOS ANJOS	36	""	CANAL DO ARRUDA	CAMPO GRANDE		""	ATROPELAMENTO	ATOPELAMENTO/ C VITIMA	1				1					1		""	""	""	""	""	""	""	""	""	""	""	""	""
2373	2020-03-26T00:00:00	20:29:00	COM VÍTIMA	FINALIZADA	CORDEIRO	AV MAURICIO DE NASSAU	""	""	POR TRÁS DO PARQUE DE EXPOSIÇAO DO CORDEIRO- PROX DO GOE	CORDEIRO		""	COLISÃO TRASEIRA	COLISÃO ENTRE DOIS AUTOS C/V	2									1		Longo da via	Bom	Não existe	Ilegível	Seca	Mal iluminada	Não existe	Não há placas	""	Dupla	Faixa contínua	""	""
2374	2020-03-27T00:00:00	07:02:00	COM VÍTIMA	CANCELADA	ESPINHEIRO	RUA CONS PORTELA	678	""	AO LADO DO COLEGIO ETEPAM	ESPINHEIRO		""	COLISÃO	AUTO E MOTO C/V	1	1								1		""	""	""	""	""	""	""	""	""	""	""	""	""
2375	2020-03-27T00:00:00	09:21:00	COM VÍTIMA	FINALIZADA	TORREÃO	VDO PRESIDENTE MEDICI	""	""	EM CIMA DO VIADUTO	TORREÃO		""	COLISÃO TRASEIRA	COLISAO COM VITIMAS	1	1								1		Viaduto	Bom	Não existe	Perfeito estado	Seca	Perfeito estado	Não existe	Não há placas	""	Dupla	Canteiro central	""	""
2376	2020-03-27T00:00:00	15:10:00	COM VÍTIMA	FINALIZADA	ARRUDA	RUA JOSE DE BARROS BEZERRA	87	""	EM FRENTE AO EDIFICIO FORTE DE SANTANA	ARRUDA		CIDADE	ABALROAMENTO TRANSVERSAL	COLISÃO COM VÍTIMA	1	1								1		Longo da via	Bom	Não existe	Perfeito estado	Seca	Perfeito estado	Não existe	Placas Pare	""	Dupla	Faixa seccionada	""	""
2377	2020-03-27T00:00:00	17:01:00	SEM VÍTIMA	FINALIZADA	CASA AMARELA	EST DO ARRAIAL	2823	""	ED. THORIS	CASA AMARELA		SUBURBIO	CHOQUE OBJETO FIXO	VEICULO CHOCOU COM UM POSTE VT 06 NO LOCAL	1									0		Longo da via	Bom	Não existe	Perfeito estado	Seca	Perfeito estado	Não existe	""	""	Única	Faixa seccionada	""	""
2378	2020-03-27T00:00:00	20:23:00	COM VÍTIMA	FINALIZADA	AFLITOS	AV CONS ROSA E SILVA	1205	RUA TEIXEIRA PINTO	Nº 1205	AFLITOS		SUBURBIO	COLISÃO TRASEIRA	CITROEN X MOTO		2								1		Longo da via	Chuvoso	Não existe	Perfeito estado	Molhada	Perfeito estado	Não existe	Não há placas	""	Única	Faixa seccionada	""	""
2379	2020-03-29T00:00:00	06:40:00	SEM VÍTIMA	FINALIZADA	SANTO AMARO	AV PREFEITO ARTUR LIMA CAVALCANTI	""	""	AO LADO DO POSTO- DIGO- SEMÁFORO 243	SANTO AMARO		SUBURBIO	CHOQUE OBJETO FIXO	CAUSANDO DERRAMAMENTO DE ÓLEO NA VIA- PLACA: XXX VW MARCO POLO						1				0		Longo da via	Bom	""	Perfeito estado	""	Perfeito estado	Não existe	R-4a	""	Única	Canteiro central	""	""
2380	2020-03-29T00:00:00	15:58:00	COM VÍTIMA	FINALIZADA	TORRE	AV BEIRA RIO	650	""	EM FRENTE AO EDIFICIO PASARGADA	TORRE		""	COLISÃO TRASEIRA	COLISÃO COM VÍTIMA	1	1								1		Longo da via	Chuvoso	Não existe	Perfeito estado	Molhada	Perfeito estado	Não existe	Não há placas	""	Dupla	Faixa seccionada	""	""
2381	2020-03-29T00:00:00	19:30:00	COM VÍTIMA	FINALIZADA	CAMPO GRANDE	AV PROFESSOR JOSE DOS ANJOS	500	RUA FARIAS NEVES	POR CIMA DA PONTE QUE FICA ENTRE CAMPO GRANDE E CHÃO DE ESTRELAS	CAMPO GRANDE		""	CHOQUE OBJETO FIXO	ENTRE MOTO E AUTO PASSEIO. C/V	1	1								2		Cruzamento	Bom	Não existe	Perfeito estado	Seca	Perfeito estado	Faixa de pedestre	Não há placas	""	Dupla	Faixa contínua	Canteiro central	Blocos
2382	2020-03-29T00:00:00	21:27:00	COM VÍTIMA	FINALIZADA	GRAÇAS	RUA CONFEDERACAO DO EQUADOR	""	""	E/F A CASA DOS FRIOS	GRAÇAS		ROSA E SILVA	COLISÃO COM CICLISTA	ENTRE AUTO E CICLISTA. C/V	1			1						1		Longo da via	Bom	Não existe	Perfeito estado	Seca	Perfeito estado	Faixa de pedestre	Não há placas	""	Única	Não existe	""	""
2383	2020-03-30T00:00:00	07:44:00	COM VÍTIMA	FINALIZADA	SÃO JOSÉ	RUA DA CONCORDIA	351	RUA TOBIAS BARRETO	EM FRENTE A LOJA VENEZA MUSIC	SÃO JOSÉ		""	ABALROAMENTO TRANSVERSAL	DOIS AUTOS	2									1		Cruzamento	Chuvoso	Sem defeito	Perfeito estado	Seca	Perfeito estado	Não existe	Outras	""	Única	Não existe	""	""
2384	2020-03-30T00:00:00	08:29:00	COM VÍTIMA	FINALIZADA	MANGABEIRA	EST VELHA DE AGUA FRIA	""	AV PROFESSOR JOSE DOS ANJOS	AO LADO DO DENOCS	MANGABEIRA	306	SUBURBIO	ABALROAMENTO LONGITUDINAL	COM UMA VITIMA- CTTU NO LOCAL VT 09		2								1		Ponte	Chuvoso	Sem defeito	Perfeito estado	Seca	Mal conservada	Faixa de retenção	Não há placas	""	Dupla	Faixa contínua	""	""
2385	2020-03-30T00:00:00	10:22:00	SEM VÍTIMA	FINALIZADA	SÃO JOSÉ	RUA DA CONCORDIA	""	RUA TOBIAS BARRETO	VENEZA MUSIC	SÃO JOSÉ		""	ABALROAMENTO TRANSVERSAL	COLISÃO SEM VÍTIMA COM VEÍCULO OFICIAL	2									0		Cruzamento	Chuvoso	Não existe	Perfeito estado	Molhada	Perfeito estado	Não existe	R-6a	""	""	Faixa seccionada	""	""
2386	2020-03-30T00:00:00	12:02:00	SEM VÍTIMA	FINALIZADA	SÃO JOSÉ	RUA IMPERIAL	86	RUA DO PEIXOTO	SOB O SEMÁFORO 207	SÃO JOSÉ	207	CIDADE	ABALROAMENTO TRANSVERSAL	SEM VITIMAS ENTRE UM AUTO PASSEIO E UMA VT DA PM	2									0		Cruzamento	Bom	Sem defeito	Perfeito estado	Seca	Perfeito estado	Não existe	Não há placas	""	Única	Não existe	""	""
2387	2020-03-30T00:00:00	13:18:00	COM VÍTIMA	FINALIZADA	IBURA	AV DOIS RIOS	""	""	SUBIDA DA LADEIRA DA UR-1	IBURA		SUBURBIO	TOMBAMENTO	ACID. DE PERCURSO C/ VITIMA		1								1		Longo da via	Bom	Sem defeito	Perfeito estado	Oleosa	Perfeito estado	Agente	Não há placas	""	Dupla	Faixa contínua	""	""
2388	2020-03-30T00:00:00	14:23:00	COM VÍTIMA	FINALIZADA	JAQUEIRA	RUA DO FUTURO	""	""	EM FRERNTE AO VERDE FRUT	JAQUEIRA		""	CAPOTAMENTO	CAPOTAMENTO COM VITIMAS	1									1		""	""	""	""	""	""	""	""	""	""	""	""	""
2389	2020-03-30T00:00:00	15:15:00	COM VÍTIMA	FINALIZADA	PINA	RUA JOSE MARIANO FILHO	13	""	E/F A ULTRA DISTRIBUIDORA	PINA		""	ABALROAMENTO LONGITUDINAL	COLISÃO C/VITIMA ENTRE UM AUTO E UMA MOTO (MOTOQUEIRO SOB SUSPEITA DE EMBRIAGUEZ)	1	1								1		Longo da via	Bom	Não existe	Não existente	Seca	Perfeito estado	Não existe	Não há placas	""	Dupla	Não existe	""	""
2390	2020-03-31T00:00:00	04:24:00	COM VÍTIMA	FINALIZADA	BOA VIAGEM	AV BOA VIAGEM	6636	""	E/F AO EDF ALEXANDRINA - APÓS O CLUBE DE OFICIAIS DA AERONAUTICA	BOA VIAGEM		CIDADE	CHOQUE VEÍCULO PARADO	CONDUTOR PERDEU O CONTROLE DO VEICULO E CHOCOU-SE CONTRA OUTRO VEICULO ESTACIONADO NO BORDO DA VIA - C/VITIMA SOCORRIDA PELO CBPM	2									1		Longo da via	Chuvoso	""	Perfeito estado	Molhada	Perfeito estado	Não existe	R-6b	60 km/h	Única	Faixa seccionada	""	""
2391	2020-03-31T00:00:00	07:52:00	SEM VÍTIMA	FINALIZADA	TORRÕES	AV ENGENHEIRO ABDIAS DE CARVALHO	""	""	RESTAURANTE KIYOI GALETOS	TORRÕES	375	SUBURBIO	COLISÃO TRASEIRA	COLISAO S/ VITIMAS	3									0		Longo da via	Chuvoso	Sem defeito	Incompleta	Molhada	Perfeito estado	Faixa de pedestre	R-4b	""	""	Faixa seccionada	""	""