_id	data	hora	natureza_acidente	situacao	bairro	endereco	numero	detalhe_endereco_acidente	complemento	bairro_cruzamento	num_semaforo	sentido_via	tipo	descricao	auto	moto	ciclom	ciclista	pedestre	onibus	caminhao	viatura	outros	vitimas	vitimasfatais	acidente_verificado	tempo_clima	situacao_semaforo	sinalizacao	condicao_via	conservacao_via	ponto_controle	situacao_placa	velocidade_max_via	mao_direcao	divisao_via1	divisao_via2	divisao_via3
2635	2020-06-05T00:00:00	22:24:00	COM VÍTIMA	FINALIZADA	AFOGADOS	RUA SAO MIGUEL	1324	""	PARAÍSO DOS PETS	AFOGADOS		SUBURBIO	ABALROAMENTO TRANSVERSAL	MOTO E AUTO	1	1								1		Longo da via	Chuvoso	Não existe	Perfeito estado	Molhada	Perfeito estado	Não existe	Não há placas	""	Dupla	Faixa seccionada	""	""
2636	2020-06-06T00:00:00	00:02:00	COM VÍTIMA	FINALIZADA	APIPUCOS	RUA DE APIPUCOS	866	RUA MANDACARU	APÓS O AÇUDE DE APIPUCOS	APIPUCOS	500	SUBURBIO	COLISÃO TRASEIRA	AUTO E MOTO	1	1								1		Esquina	Chuvoso	Sem defeito	Perfeito estado	Molhada	Perfeito estado	Faixa de pedestre	Não há placas	""	Dupla	Faixa contínua	""	""
2637	2020-06-06T00:00:00	04:33:00	COM VÍTIMA	FINALIZADA	SÃO JOSÉ	AV SUL	""	""	CAIS DE SANTA RITA EM FRENTE AS TORRES GEMEAS. DEFRONTE AO 16º BPM.	SÃO JOSÉ		CIDADE	ATROPELAMENTO	AUTO E PEDESTRE.	1				1					1		Longo da via	Bom	Não existe	Perfeito estado	Seca	Perfeito estado	Não existe	Não há placas	60 km/h	Dupla	Canteiro central	""	""
2638	2020-06-06T00:00:00	13:42:00	COM VÍTIMA	FINALIZADA	BOA VIAGEM	RUA VISCONDE DE JEQUITINHONHA	1503	""	EM FRENTE AO POSTO BR DA VISCONDE DE JEQUITINHONHA. EDF PAINEIRAS.	BOA VIAGEM		SUBURBIO	ABALROAMENTO LONGITUDINAL	COLISÃO MOTOCICLETA X AUTO PASSEIO	1	1								2		Longo da via	Bom	Não existe	Perfeito estado	Seca	Perfeito estado	Não existe	Não há placas	60 km/h	Única	Canteiro central	""	""
2639	2020-06-06T00:00:00	15:04:00	COM VÍTIMA	CANCELADA	PINA	AV HERCULANO BANDEIRA	""	RUA ARQUITETO AUGUSTO REINALDO	EM FRENTE AO ATACADÃO DA CONSTRUÇÃO	PINA		""	COLISÃO	COLISÃO ENTRE MOTOCICLETA X DOIS AUTO PASSEIOS	2	1								1		""	""	""	""	""	""	""	""	""	""	""	""	""
2640	2020-06-06T00:00:00	18:30:00	SEM VÍTIMA	FINALIZADA	BOA VIAGEM	RUA FELIX DE BRITO E MELO	""	RUA FRANCISCO DA CUNHA	""	BOA VIAGEM	551	SUBURBIO	COLISÃO TRASEIRA	COLISÃO AUTO E MOTO CONDUTOR COM SINTOMAS DE EMBRIAGUES PMPE NO LOCAL	1	1								0		Cruzamento	Chuvoso	Sem defeito	Perfeito estado	Seca	Perfeito estado	Faixa de pedestre	Outras	40 km/h	Única	""	""	""
2641	2020-06-07T00:00:00	06:31:00	COM VÍTIMA	FINALIZADA	VASCO DA GAMA	RUA ALTO DO EUCALIPTO	128	""	INDO PELA RUA VASCO DA GAMA RUA QUE FICA EM FRENTE A SUPERMERCADO RENDE MAIS	VASCO DA GAMA		CIDADE	ABALROAMENTO LONGITUDINAL	COLISÃO AUTO X MOTO	1	1								1		Longo da via	Chuvoso	Não existe	Não existente	Molhada	Perfeito estado	Não existe	Não há placas	""	Dupla	Não existe	""	""
2642	2020-06-07T00:00:00	07:05:00	SEM VÍTIMA	FINALIZADA	IMBIRIBEIRA	AV MARECHAL MASCARENHAS DE MORAES	""	RUA BARAO DE SOUZA LEAO	PRÓXIMO AO VIADUTO	IMBIRIBEIRA		CIDADE	CHOQUE	VEÍCULO CHOCOU-SE COM O MURO										0		Outros	Chuvoso	Não existe	Perfeito estado	Molhada	Perfeito estado	Não existe	Não há placas	N/I	Dupla	Canteiro central	""	""
2643	2020-06-07T00:00:00	14:48:00	SEM VÍTIMA	FINALIZADA	TAMARINEIRA	RUA PADRE ROMA	""	""	EM FRENTE AO HOSPITAL CORREIA PICANÇO	TAMARINEIRA		""	COLISÃO	COLISÃO ENTE DOIS CARROS E UM DOS CONDUTORES ENCONTRA-SE COM SINTOMAS DE EMBRIAGUÊS	2									0		Longo da via	Nublado	Não existe	Perfeito estado	Seca	Perfeito estado	Não existe	R-6a	N/I	Dupla	Faixa seccionada	Canteiro central	""
2644	2020-06-08T00:00:00	08:19:00	COM VÍTIMA	FINALIZADA	TORRE	RUA PROFESSOR TRAJANO DE MENDONCA	148	RUA VITORIANO PALHARES	ATACADO DOS PRESENTES.	TORRE		CIDADE	ABALROAMENTO TRANSVERSAL	COLISÃO COM VITIMA	1	1								1		Longo da via	Bom	Não existe	Perfeito estado	Seca	Perfeito estado	Não existe	Outras	""	Única	Faixa contínua	Faixa seccionada	""
2645	2020-06-08T00:00:00	08:57:00	SEM VÍTIMA	CANCELADA	AFOGADOS	RUA SAO MIGUEL	1470	""	EM FRENTE AO ARMAZEM CORAL	AFOGADOS		SUBURBIO	COLISÃO	COLISÃO SEM VITIMA . VT 14 NO LOCAL	1	1								0		""	""	""	""	""	""	""	""	""	""	""	""	""
2646	2020-06-08T00:00:00	12:35:00	SEM VÍTIMA	FINALIZADA	ÁGUA FRIA	AV BEBERIBE	1796	""	EM FRENTE AO N 1796	ÁGUA FRIA		CIDADE	COLISÃO	O SOLICITANTE INFORMA QUE O MOTORISTA DO VEICULO DE PLACA PCR 8252 ESTA COM SINTOMAS DE EMBRIAGUEZ	2									0		Esquina	Bom	Não existe	Incompleta	Seca	Perfeito estado	Não existe	Outras	N/I	Dupla	Não existe	""	""
2647	2020-06-08T00:00:00	14:48:00	COM VÍTIMA	FINALIZADA	IBURA	AV DOIS RIOS	250	""	SESI IBURA.	IBURA	561	SUBURBIO	COLISÃO TRASEIRA	CINCO VEÍCULOS ENVOLVIDOS EM UM ENGAVETAMENTO	5									1		Longo da via	Bom	Sem defeito	Perfeito estado	Seca	Perfeito estado	Faixa de pedestre	R-6a	""	Dupla	Faixa contínua	""	""
2648	2020-06-08T00:00:00	18:02:00	COM VÍTIMA	FINALIZADA	SANTO AMARO	AV CRUZ CABUGA	1065	AV DR JAYME DA FONTE	EM FRENTE AO N 1065 E AO LADO DO (D E R)	SANTO AMARO	343	SUBURBIO	COLISÃO COM CICLISTA	COLISÃO COM VITIMA				1		1				1		Cruzamento	Bom	Sem defeito	Perfeito estado	Seca	Perfeito estado	Faixa de pedestre	Outras	""	Dupla	""	""	""
2649	2020-06-08T00:00:00	18:29:00	COM VÍTIMA	FINALIZADA	ENCRUZILHADA	AV NORTE	2390	AV JOAO DE BARROS	EM FRENTE AO N 2390. BANCO SANTANDER	ENCRUZILHADA	43	CIDADE	COLISÃO TRASEIRA	COLISÃO COM VITIMA	1	1								1		Longo da via	Bom	Sem defeito	Perfeito estado	Seca	Perfeito estado	Faixa de pedestre	Não há placas	60 km/h	Dupla	Canteiro central	""	""
2650	2020-06-08T00:00:00	18:32:00	COM VÍTIMA	FINALIZADA	CASA FORTE	PRC DE CASA FORTE	""	RUA VISCONDE DE OURO PRETO	""	CASA FORTE		SUBURBIO	ATROPELAMENTO	MOTO E PEDESTRE.		1			1					1		Esquina	Bom	Não existe	Perfeito estado	Seca	Perfeito estado	Não existe	Outras	""	Dupla	Não existe	""	""
2651	2020-06-09T00:00:00	10:38:00	COM VÍTIMA	FINALIZADA	MACAXEIRA	AV NORTE	""	RUA TIJUCAL	LADO OPOSTO AO PARQUE DA MACAXEIRA. TAMBÉM PRÓXIMO A UMA ESCOLA TÉCNICA (CONFORME SOLICITANTE). MEGA ÓLEO CENTER CAR.	MACAXEIRA	451	SUBURBIO	ABALROAMENTO TRANSVERSAL	COISÃO ENTRE MOTOCICLETA E CAMINHÃO DA EMLURB		1					1			1		Cruzamento	Bom	Sem defeito	Perfeito estado	Seca	Perfeito estado	Faixa de pedestre	R-6a	""	Dupla	Canteiro central	""	""
2652	2020-06-09T00:00:00	13:23:00	COM VÍTIMA	FINALIZADA	BOA VISTA	AV CONDE DA BOA VISTA	1317	RUA GONCALVES MAIA	""	BOA VISTA	299	CIDADE	CHOQUE OBJETO FIXO	VEÍCULO SE CHOCOU COM O CANTEIRO CENTRAL E CAPOTOU COM DUAS VÍTIMAS	1									2		Cruzamento	Bom	Sem defeito	Perfeito estado	Seca	Perfeito estado	Faixa de pedestre	R-6c	""	Dupla	Canteiro central	""	""
2653	2020-06-09T00:00:00	13:04:00	COM VÍTIMA	FINALIZADA	IMBIRIBEIRA	AV MARECHAL MASCARENHAS DE MORAES	570	RUA ARQUITETO FERNANDO ALMEIDA	AO LADO DO ARMAZEM CORAL	IMBIRIBEIRA	286	SUBURBIO	CHOQUE VEÍCULO PARADO	COLISÃO ENTRE VEICULOS CAUSADA POR UM HOMEM BALEADO	3									1		Longo da via	Chuvoso	Sem defeito	Perfeito estado	Molhada	Perfeito estado	Faixa de retenção	Outras	""	Única	Não existe	""	""
2654	2020-06-09T00:00:00	13:21:00	COM VÍTIMA	FINALIZADA	ESTÂNCIA	RUA MORAIS E SILVA	548	AV DR JOSE RUFINO	PROXIMO A IGREJA SANTA LUZIA	ESTÂNCIA		SUBURBIO	COLISÃO FRONTAL	ÔNIBUS E MOTO.		1				1				2		Esquina	Bom	Não existe	Não existente	Seca	Perfeito estado	Não existe	Não há placas	""	Dupla	Faixa contínua	""	""
2655	2020-06-09T00:00:00	14:19:00	COM VÍTIMA	FINALIZADA	SANTO AMARO	AV NORTE	803	RUA DO POMBAL	""	SANTO AMARO		CIDADE	ABALROAMENTO LONGITUDINAL	DUAS MOTOS ENVOLVIDAS.		2								2		Esquina	Bom	Não existe	Perfeito estado	Seca	Perfeito estado	""	""	""	Dupla	Canteiro central	""	""
2656	2020-06-09T00:00:00	14:56:00	SEM VÍTIMA	FINALIZADA	SAN MARTIN	RUA VINTE E UM DE ABRIL	2009	""	EM FRENTE COPERGÁS E JOEL DA BEBIDA	SAN MARTIN		SUBURBIO	COLISÃO TRASEIRA	COLISÃO DOIS AUTOS SEM VÍTIMA	2									0		Longo da via	Bom	Não existe	Perfeito estado	Seca	Perfeito estado	Não existe	Não há placas	""	Dupla	Não existe	""	""
2657	2020-06-09T00:00:00	15:27:00	COM VÍTIMA	FINALIZADA	CAMPO GRANDE	EST DE BELEM	121	RUA ODORICO MENDES	""	CAMPO GRANDE	26	""	ATROPELAMENTO	SI DINIZ NO LOCAL VT 30	1				1					1		Longo da via	Bom	Com defeito	Perfeito estado	Seca	Perfeito estado	Faixa de pedestre	""	""	Dupla	Faixa contínua	""	""
2658	2020-06-09T00:00:00	16:09:00	SEM VÍTIMA	FINALIZADA	MADALENA	RUA JOSE OSORIO	""	AV BEIRA RIO	PONTE CAPUNGA	MADALENA	387	SUBURBIO	COLISÃO	COLISÃO ENTRE VEICULO OFICIAL	1							1		0		Ponte	Bom	Sem defeito	Perfeito estado	Seca	Perfeito estado	Faixa de pedestre	Outras	""	Dupla	Faixa contínua	""	""
2659	2020-06-09T00:00:00	17:56:00	COM VÍTIMA	CANCELADA	SÃO JOSÉ	AV DANTAS BARRETO	""	""	TERMINAL DA 1002	SÃO JOSÉ		""	COLISÃO	""	1					1				1		""	""	""	""	""	""	""	""	""	""	""	""	""
2660	2020-06-10T00:00:00	06:58:00	COM VÍTIMA	FINALIZADA	IBURA	AV DOM HELDER CAMARA	400	""	Em frente ao comercial Fama	IBURA		CIDADE	ATROPELAMENTO	Usuário informa que vinha de veiculo- quando foi surpreendido por transeunte que atravessou-se à frente de seu veículo. O mesmo informou ainda que acionou equipe de resgate.	1				1					1		Longo da via	Chuvoso	Sem defeito	Incompleta	Molhada	Mal conservada	Não existe	Não há placas	""	Dupla	Canteiro central	""	""
2661	2020-06-10T00:00:00	07:45:00	COM VÍTIMA	FINALIZADA	SANTO AMARO	AV NORTE	""	""	PONTE LIMOEIRO	SANTO AMARO	243	CIDADE	ACID. DE PERCURSO	MOTOCICLISTA DERRAPOU NA VIA		1								1		Longo da via	Chuvoso	Sem defeito	Perfeito estado	Molhada	Perfeito estado	Faixa de pedestre	R-6a	""	Dupla	Canteiro central	""	""
2662	2020-06-10T00:00:00	09:55:00	COM VÍTIMA	FINALIZADA	NOVA DESCOBERTA	RUA NOVA DESCOBERTA	52	""	Proximo semafóroro nº 065	NOVA DESCOBERTA		CIDADE	ABALROAMENTO LONGITUDINAL	Usuário informa que motociclista derrapou e chocou-se frontal com um ônibus. Vímima socorrida pelo SAMU.		1				1				1		Longo da via	Bom	Sem defeito	Perfeito estado	Seca	Perfeito estado	""	Outras	""	Dupla	Faixa seccionada	""	""
2663	2020-06-10T00:00:00	12:47:00	COM VÍTIMA	FINALIZADA	BEBERIBE	AV BEBERIBE	3607	""	Em frente ao Sest/ Senat	BEBERIBE	517	""	COLISÃO COM CICLISTA	Condutor informa que transportava ferragem por ser serralheiro e o condutor da bicicleta enroscou-se- chegando a cair. O condutor informa que a viatura 32 está no local.	1			1						1		Longo da via	Bom	Sem defeito	Perfeito estado	Seca	Perfeito estado	""	R-6a	""	Dupla	Faixa contínua	""	""
2664	2020-06-10T00:00:00	18:22:00	COM VÍTIMA	FINALIZADA	GRAÇAS	AV RUI BARBOSA	""	RUA AMELIA	POSTO SHELL	GRAÇAS	48	CIDADE	ABALROAMENTO TRANSVERSAL	COLISÃO COM VITIMA- GGOF NO LOCAL	1	1								1		Cruzamento	Bom	Sem defeito	Perfeito estado	Seca	Perfeito estado	Faixa de pedestre	Outras	""	Única	""	""	""
2665	2020-06-10T00:00:00	19:56:00	SEM VÍTIMA	FINALIZADA	CORDEIRO	AV CAXANGA	""	""	EM FRENTE A ESTAÇÃO DO BRT PROXIMO AO GETÚLIO VARGAS	CORDEIRO		SUBURBIO	COLISÃO	COLISÃO AUTO DOIS AUTOS CONDUTOR COM SINTOMAS DE EMBRIAGUÊS	2									0		Longo da via	Chuvoso	Sem defeito	Perfeito estado	Molhada	Perfeito estado	Faixa de pedestre	Não há placas	60km	Dupla	Canteiro central	""	""
2666	2020-06-10T00:00:00	20:46:00	SEM VÍTIMA	FINALIZADA	CORDEIRO	AV MAURICIO DE NASSAU	""	""	PROXIMO A LOMBADA ELETRONICO	CORDEIRO		SUBURBIO	COLISÃO FRONTAL	COLISÃO DOIS AUTOS COM VITIMAS	2									0		Longo da via	Chuvoso	Não existe	Perfeito estado	Molhada	Mal iluminada	Não existe	Não há placas	""	Dupla	Faixa contínua	""	""
2667	2020-06-11T00:00:00	06:15:00	SEM VÍTIMA	FINALIZADA	ESPINHEIRO	RUA CONS PORTELA	""	RUA QUARENTA E OITO	""	ESPINHEIRO	11	CIDADE	COLISÃO	COLISÃP SEM VITIMIA AUTO X ONIBUS	1					1				0		Cruzamento	Bom	Sem defeito	Perfeito estado	Seca	Perfeito estado	Faixa de pedestre	Outras	""	Única	Faixa contínua	""	""
2668	2020-06-11T00:00:00	10:10:00	COM VÍTIMA	FINALIZADA	AREIAS	RUA SAO MIGUEL	685	""	EM FRENTE A OFICINA AUTO PEÇAS. IGREJA BATISTA DE AFOGADOS	AREIAS	394	SUBURBIO	ABALROAMENTO LONGITUDINAL	COLISÃO CARRO E MOTO	1	1								1		Longo da via	Bom	Sem defeito	Perfeito estado	Seca	Perfeito estado	Não existe	Não há placas	""	Dupla	Faixa contínua	""	""
2669	2020-06-11T00:00:00	11:15:00	VÍTIMA FATAL	FINALIZADA	CAXANGÁ	RUA GREGORIO JUNIOR	""	AV CAXANGA	""	CAXANGÁ	236	CIDADE	ATROPELAMENTO	ATROPELAMENTO DO PEDESTRE POR UMA MOTO- A POSTERIOR O VEICULO PASSOU POR CIMA DA VÍTIMA. RESULTADO FINAL MOTOCICLISTA VITIMADO E O ATROPELADO EM ÓBITO	1	1			1					2	1	Longo da via	Nublado	Sem defeito	Perfeito estado	Seca	""	Faixa de pedestre	Outras	""	Única	Canteiro central	""	""
2670	2020-06-11T00:00:00	11:23:00	COM VÍTIMA	FINALIZADA	TORRE	RUA CANTORA CLARA NUNES	""	RUA SOUZA BANDEIRA	ANTIGO POSTO DE SAÚDE ENTREA UPINHA EMOCI CRAUZE E O DISTRITO SANITÁRIO 4- RUA QUE DÁ ACESSO A COMUNIDADE DE SANTA LUZIA	TORRE		CIDADE	ABALROAMENTO TRANSVERSAL	COLISÃO CARRO E MOTO	1	1								1		Cruzamento	Bom	Não existe	Não existente	Seca	Perfeito estado	Não existe	Não há placas	""	Dupla	Não existe	""	""
2671	2020-06-11T00:00:00	18:57:00	SEM VÍTIMA	FINALIZADA	CORDEIRO	AV CAXANGA	""	""	PRÓXIMO AO SUPERMECADO STYLUS E DA IGREJA CATOLICA - SENTIDO CAMARAGIBE	CORDEIRO		SUBURBIO	COLISÃO	VEÍCULO DA SECRETARIA DE SAÚDE	2									0		Longo da via	Bom	Não existe	Perfeito estado	Seca	Perfeito estado	Não existe	Não há placas	n/i	Única	Faixa seccionada	Canteiro central	""
2672	2020-06-12T00:00:00	00:10:00	COM VÍTIMA	FINALIZADA	CORDEIRO	AV CAXANGA	1814	""	SUPERMERCADO SOBERANO. JACARÉ VEÍCULOS	CORDEIRO		SUBURBIO	COLISÃO FRONTAL	MOTOQUEIRO COLIDIU NO CAMINHÃO		1					1			1		Longo da via	Chuvoso	Não existe	Perfeito estado	Molhada	Perfeito estado	Não existe	Outras	""	Dupla	Canteiro central	""	""
2673	2020-06-12T00:00:00	10:01:00	COM VÍTIMA	FINALIZADA	CORDEIRO	AV CAXANGA	833	RUA CARATINGA	EM FRENTE A WILL MOTOS RECIFE	CORDEIRO		CIDADE	ABALROAMENTO LONGITUDINAL	COLISÃO COM VÍTIMA	1	1								2		Esquina	Bom	Sem defeito	Perfeito estado	Seca	Perfeito estado	Faixa de pedestre	""	""	Dupla	Faixa contínua	Faixa seccionada	Canteiro central
2674	2020-06-12T00:00:00	12:44:00	COM VÍTIMA	FINALIZADA	JIQUIÁ	RUA SAO MIGUEL	1850	""	EM FRENTE DA DISTRIBUIDORA RENASCER	JIQUIÁ		CIDADE	ABALROAMENTO TRANSVERSAL	COLISÃO COM VÍTIMA ENVOLVENDO TRÊS VEÍCULOS	1	2								1		Longo da via	Bom	""	Perfeito estado	Seca	Perfeito estado	Não existe	Não há placas	""	Dupla	Faixa contínua	""	""
2675	2020-06-12T00:00:00	14:48:00	COM VÍTIMA	FINALIZADA	APIPUCOS	AV DEZESSETE DE AGOSTO	""	RUA GOVERNADOR SEABRA	""	APIPUCOS		SUBURBIO	ABALROAMENTO LONGITUDINAL	AUTO PASSEIO E MOTOCICLETA COM DUAS VÍTIMAS	1	1								2		Longo da via	Bom	Não existe	Perfeito estado	Seca	Perfeito estado	Não existe	R-6a	""	Dupla	Faixa seccionada	""	""
2676	2020-06-12T00:00:00	19:19:00	COM VÍTIMA	CANCELADA	CORDEIRO	RUA N S DA SAUDE	""	""	PROXIMO AO TERMINAL DO ONIBUS DA TORRE	CORDEIRO		""	COLISÃO	COLISÃO COM VITIMA ENTRE AUTO X MOTO	2									1		""	""	""	""	""	""	""	""	""	""	""	""	""
2677	2020-06-12T00:00:00	20:45:00	COM VÍTIMA	FINALIZADA	BOA VIAGEM	RUA VISCONDE DE JEQUITINHONHA	""	RUA BALTAZAR PASSOS	COM A RUA BALTHAZR PASSOS	BOA VIAGEM	154	CIDADE	ABALROAMENTO TRANSVERSAL	COLISSÃO COM VITIMA	1	1								1		Cruzamento	Bom	Sem defeito	Perfeito estado	Seca	Perfeito estado	Faixa de pedestre	""	""	Única	""	""	""
2678	2020-06-13T00:00:00	23:31:00	COM VÍTIMA	FINALIZADA	MADALENA	RUA REAL DA TORRE	660	RUA DOM JOAO DE SOUZA	PPRÓXIMO AO MERCADO DA MADALENA	MADALENA		SUBURBIO	ABALROAMENTO TRANSVERSAL	CARRO E MOTO	1	1								1		Esquina	Chuvoso	Não existe	""	Molhada	Perfeito estado	""	Placas Pare	""	""	""	""	""
2679	2020-06-14T00:00:00	08:21:00	COM VÍTIMA	FINALIZADA	CABANGA	PTE GOVERNADOR PAULO GUERRA	""	""	AO LADO DA ESTAÇÃO DA COMPESA	CABANGA		SUBURBIO	TOMBAMENTO	ACIDENTE DE PERCURSO COM MOTOCICLETA		1								1		Longo da via	Chuvoso	Não existe	Perfeito estado	Molhada	Perfeito estado	Não existe	Não há placas	""	Única	Faixa seccionada	""	""
2680	2020-06-14T00:00:00	11:24:00	COM VÍTIMA	CANCELADA	TEJIPIÓ	AV DR JOSE RUFINO	""	""	PROX. AO ARMAZÉM CORAL	TEJIPIÓ		""	COLISÃO COM CICLISTA	COLISÃO MOTOCICLETA X CICLISTA		1		1						3		""	""	""	""	""	""	""	""	""	""	""	""	""
2681	2020-06-14T00:00:00	19:56:00	COM VÍTIMA	FINALIZADA	MADALENA	RUA JOSE OSORIO	414	""	PROXIMO AO MERCADO DA MADALENA . POSTO PETROBRAS	MADALENA		SUBURBIO	CHOQUE VEÍCULO PARADO	COLISÃO AUTO E MOTO	1	1								1		Longo da via	Chuvoso	Sem defeito	Perfeito estado	Molhada	Perfeito estado	Não existe	Não há placas	60 km/h	Única	Não existe	""	""
2682	2020-06-15T00:00:00	09:56:00	SEM VÍTIMA	FINALIZADA	MUSTARDINHA	AV MANOEL GONCALVES DA LUZ	""	""	AO LADO PRAÇA MUSTARDINHA	MUSTARDINHA		SUBURBIO	COLISÃO	DOIS AUTOS SEM VÍTIMA	2									0		Cruzamento	Bom	Não existe	Perfeito estado	Seca	Perfeito estado	Faixa de pedestre	Outras	N/I	Dupla	Faixa contínua	""	""
2683	2020-06-15T00:00:00	10:43:00	SEM VÍTIMA	FINALIZADA	SÍTIO DOS PINTOS	RUA VEREADOR PETRUS CAMARA	65	""	CAMPO SÍTIO DOS PINTOS	SÍTIO DOS PINTOS		CIDADE	COLISÃO	ENTRE VEÍCULO OFICIAL E CARROÇA								1	1	0		Longo da via	Chuvoso	Não existe	Não existente	Molhada	Outros	Não existe	Não há placas	N/I	Dupla	Não existe	""	""
2684	2020-06-15T00:00:00	15:42:00	SEM VÍTIMA	FINALIZADA	SÃO JOSÉ	AV N S DO CARMO	""	RUA IMPERADOR PEDRO SEGUNDO	""	SÃO JOSÉ		""	COLISÃO	COLISÃO ENTRE DOIS AUTOMÓVEIS	2									0		Cruzamento	Chuvoso	Sem defeito	Perfeito estado	Molhada	Perfeito estado	Faixa de pedestre	Não há placas	N/I	Dupla	Faixa contínua	""	""
2685	2020-06-15T00:00:00	19:28:00	COM VÍTIMA	FINALIZADA	CASA AMARELA	AV NORTE	""	AV PROFESSOR JOSE DOS ANJOS	PRÓXIMO AO SESC DE CASA AMARELA	CASA AMARELA	364	SUBURBIO	ABALROAMENTO TRANSVERSAL	""	1	1								1		Cruzamento	Chuvoso	Sem defeito	Perfeito estado	Molhada	Perfeito estado	Faixa de pedestre	Não há placas	""	Dupla	Faixa seccionada	""	""
2686	2020-06-15T00:00:00	19:35:00	COM VÍTIMA	CANCELADA	IMBIRIBEIRA	AV MARECHAL MASCARENHAS DE MORAES	""	""	EM FRENTE AO ARMAZÉM CORAL	IMBIRIBEIRA		SUBURBIO	COLISÃO	MOTO E AUTO	1	1								1		""	""	""	""	""	""	""	""	""	""	""	""	""
2687	2020-06-16T00:00:00	08:25:00	COM VÍTIMA	FINALIZADA	VÁRZEA	AV JOAQUIM RIBEIRO	""	RUA FRANCISCO TORRES	DEFRONTE DA UPA DA CAXANGÁ	VÁRZEA	368	CIDADE	ABALROAMENTO LONGITUDINAL	COLISÃO ENVOLVENDO MOTOCICLISTA E AUTOPASSEIO - EQUIPE DE AGENTES NO LOCAL PROCEDENDO À OCORRÊNCIA	1	1								1		Longo da via	Chuvoso	Sem defeito	Perfeito estado	Molhada	Perfeito estado	Faixa de pedestre	Não há placas	60 km/h	Única	Faixa seccionada	""	""
2688	2020-06-16T00:00:00	14:42:00	SEM VÍTIMA	FINALIZADA	IBURA	AV DOIS RIOS	""	""	EM FRENTE A IGREJA BATISTA DO IBURA	IBURA	594	CIDADE	COLISÃO	COLISÃO SEM VITIMA.( BATEDORES NO LOCAL MOTO 11 E 24	1						1			0		Longo da via	Bom	Não existe	Perfeito estado	Seca	Perfeito estado	Não existe	Outras	N/I	Dupla	Faixa contínua	Faixa seccionada	""
2689	2020-06-16T00:00:00	23:02:00	SEM VÍTIMA	FINALIZADA	BOA VIAGEM	AV CONSELHEIRO AGUIAR	""	RUA FELIX DE BRITO E MELO	CRUZAMENTO C/A RUA FELIX DE BRITO E MELO - EM FRENTE AO BRADESCO	BOA VIAGEM		SUBURBIO	CHOQUE OBJETO FIXO	ONIBUS DA EMPRESA BORBOREMA CHOCOU-SE CONTRA UM POSTE DE ALTA TENSÃO- QUE AMEAÇA CAIR NA VIA - SEM VÍTIMA						1				0		Cruzamento	Chuvoso	Sem defeito	Perfeito estado	Molhada	Perfeito estado	Faixa de pedestre	R-6a	40KM	Única	Outros	""	""
2690	2020-06-17T00:00:00	11:29:00	COM VÍTIMA	FINALIZADA	IBURA	AV PERNAMBUCO	150	AV RIO SAO FRANCISCO	PROXIMO O EREM SÃO SEBASTIÃO LEME	IBURA		SUBURBIO	ABALROAMENTO LONGITUDINAL	COLISÃO COM VITIMA ENTRE AUTO E MOTO.	1	1								1		Cruzamento	Bom	Não existe	Perfeito estado	Seca	Perfeito estado	Não existe	Não há placas	""	Dupla	Faixa seccionada	""	""
2691	2020-06-17T00:00:00	15:20:00	COM VÍTIMA	FINALIZADA	CASA FORTE	AV DEZESSETE DE AGOSTO	2187	""	PROXIMO AO MUSEU. FUNDAÇÃO JOAQUIM NABUCO	CASA FORTE		CIDADE	COLISÃO TRASEIRA	""	2									1		Longo da via	Bom	Não existe	Perfeito estado	Seca	Perfeito estado	Não existe	Não há placas	""	Dupla	Faixa contínua	""	""
2692	2020-06-17T00:00:00	15:51:00	COM VÍTIMA	FINALIZADA	MADALENA	RUA MENEZES DRUMOND	333	RUA ERNANI BRAGA	PRAÇA CALAZANS	MADALENA		SUBURBIO	ABALROAMENTO TRANSVERSAL	""	1	1								1		Cruzamento	Bom	Não existe	Perfeito estado	Seca	Perfeito estado	Faixa de pedestre	R-4a	""	Única	Faixa contínua	Faixa seccionada	""
2693	2020-06-17T00:00:00	19:06:00	COM VÍTIMA	FINALIZADA	JIQUIÁ	AV DR JOSE RUFINO	""	RUA ANTONIO CARNEIRO	EM FRENTE AO COLISÃO VISÃO	JIQUIÁ		""	ABALROAMENTO TRANSVERSAL	ACIDENTE ENTRE AUTO E MOTO	1	1								1		Esquina	Bom	Não existe	Perfeito estado	Seca	Perfeito estado	Não existe	Outras	""	Dupla	Faixa contínua	Faixa seccionada	""