_id	data	hora	natureza_acidente	situacao	bairro	endereco	numero	detalhe_endereco_acidente	complemento	bairro_cruzamento	num_semaforo	sentido_via	tipo	descricao	auto	moto	ciclom	ciclista	pedestre	onibus	caminhao	viatura	outros	vitimas	vitimasfatais	acidente_verificado	tempo_clima	situacao_semaforo	sinalizacao	condicao_via	conservacao_via	ponto_controle	situacao_placa	velocidade_max_via	mao_direcao	divisao_via1	divisao_via2	divisao_via3
2814	2020-07-06T00:00:00	15:56:00	COM VÍTIMA	FINALIZADA	JARDIM SÃO PAULO	RUA GUARULHOS	""	RUA BRAGANCA	PROX AO VIADUTO DE JARDIM SAO PAULO NA RUA DA IGREJA PAULO HORTENCIO. POSTE B072999.	JARDIM SÃO PAULO		BR 101	ABALROAMENTO TRANSVERSAL	COLISAO ENTRE DOIS AUTO COM UMA VITIMA	2									1		Cruzamento	Bom	Não existe	Não existente	Seca	Perfeito estado	Não existe	Não há placas	""	Dupla	Não existe	""	""
2815	2020-07-06T00:00:00	16:19:00	COM VÍTIMA	CANCELADA	PORTO DA MADEIRA	AV CIDADE DE MONTEIRO	380	""	E/F AO CONJUNTO RESIDENCIAL JOÃO PAULO II AO LADO DO ARMAZEM CORAL	PORTO DA MADEIRA		""	COLISÃO	COLISAO ENTRE MOTO E AUTO COM UMA VITIMA	1	1								1		""	""	""	""	""	""	""	""	""	""	""	""	""
2816	2020-07-06T00:00:00	17:10:00	COM VÍTIMA	FINALIZADA	MANGABEIRA	AV PROFESSOR JOSE DOS ANJOS	""	EST VELHA DE AGUA FRIA	""	MANGABEIRA		SUBURBIO	CHOQUE VEÍCULO PARADO	COM VÍTIMA		1					1			1		Longo da via	Bom	Sem defeito	Perfeito estado	Seca	Perfeito estado	Não existe	R-6a	40 km/h	Dupla	Canteiro central	""	""
2817	2020-07-06T00:00:00	17:27:00	COM VÍTIMA	FINALIZADA	BOA VIAGEM	RUA VISCONDE DE JEQUITINHONHA	""	RUA CAPITAO ZUZINHA	NO SEMAFORO 433 GM JORGE ANDERSON E MARCIA NO LOCAL. PISTA LOCAL.	BOA VIAGEM	433	SUBURBIO	ABALROAMENTO LONGITUDINAL	COLISAO ENTRE AUTO E MOTO COM UMA VITIMA	1	1								1		Cruzamento	Bom	Sem defeito	Perfeito estado	Seca	Perfeito estado	Faixa de pedestre	R-4a	60 km/h	Única	Canteiro central	""	""
2818	2020-07-06T00:00:00	19:09:00	COM VÍTIMA	CANCELADA	BOA VIAGEM	RUA PADRE CARAPUCEIRO	777	""	NA SAIDA 08 DO SHOPPING RECIFE	BOA VIAGEM		""	COLISÃO	DUAS MOSTOS ( 2 FAN 150)		2								1		""	""	""	""	""	""	""	""	""	""	""	""	""
2819	2020-07-06T00:00:00	21:15:00	COM VÍTIMA	FINALIZADA	BEBERIBE	AV BEBERIBE	2132	""	PROX AO MERCADO DE AGUA FRIA. LOJÃO DOS PRESENTES.	BEBERIBE	187	CIDADE	COLISÃO FRONTAL	MOTO X VT DA POLICA MILITAR		1						1		1		Longo da via	Chuvoso	Sem defeito	Perfeito estado	Molhada	Perfeito estado	Não existe	Outras	""	Dupla	Faixa contínua	""	""
2820	2020-07-07T00:00:00	07:11:00	COM VÍTIMA	FINALIZADA	DOIS UNIDOS	RUA VARZEA DO GILO	""	RUA VISCONDE DE GARRETT	PROX A VILA MIGUEL ARRAIS	DOIS UNIDOS		SUBURBIO	TOMBAMENTO	CONDUTOR DA BICICLETA TOMBOU E CAIU				1						1		""	""	""	""	""	""	""	""	""	""	""	""	""
2821	2020-07-07T00:00:00	07:43:00	COM VÍTIMA	FINALIZADA	SANTO AMARO	AV GOVERNADOR AGAMENON MAGALHAES	2885	""	EM FRENTE A CONCEISIONARA DA JEEP- NA SUBIDA DO VIADUTO DE JOÃO DE BARROS	SANTO AMARO		CIDADE	ABALROAMENTO LONGITUDINAL	AUTOMOVEL NA TROCA DE FAIXA O CONDUTOR DA MOTO BATEU NO RETROVISOR DO CARRO TOMBOU CAIU	1	1								1		Longo da via	Bom	Não existe	Perfeito estado	Seca	Perfeito estado	Não existe	Não há placas	60 km/h	Dupla	Canteiro central	""	""
2822	2020-07-07T00:00:00	09:11:00	SEM VÍTIMA	EQUIPE EM DESLOCAMENTO	BONGI	AV ENGENHEIRO ABDIAS DE CARVALHO	""	""	EM FRENTE FUNASE PROX AO SEMAFORO 058	BONGI		SUBURBIO	ENGAVETAMENTO	AUTOMOVEL DO USUARIO PARADO ESPERANDO SEMAFORO- VEIO CARRO ATRAS E COLIDIU COM A TRASEIRA EMPURRANDO O CARRO E COLIDINDO COM O DA FRENTE (USUARIA INFORMA QUE TEM AGENTE NO LOCAL CARLOS REGO BARROS)	3									0		""	""	""	""	""	""	""	""	""	""	""	""	""
2823	2020-07-07T00:00:00	09:23:00	SEM VÍTIMA	FINALIZADA	BONGI	AV ENGENHEIRO ABDIAS DE CARVALHO	""	AV GENERAL SAN MARTIN	FUNASE	BONGI	58	""	COLISÃO TRASEIRA	AUTOMOVEL DO USUARIO PARADO ESPERANDO SEMAFORO- VEIO CARRO ATRAS E COLIDIU COM A TRASEIRA EMPURRANDO O CARRO E COLIDINDO COM O DA FRENTE (USUARIA INFORMA QUE TEM AGENTE NO LOCAL CARLOS REGO BARROS)	3									0		Longo da via	Bom	Sem defeito	Perfeito estado	Seca	Perfeito estado	Agente	R-6a	60 km/h	Única	Faixa seccionada	""	""
2824	2020-07-07T00:00:00	10:15:00	COM VÍTIMA	FINALIZADA	ÁGUA FRIA	RUA LADEIRA DE PEDRA	116	""	SUBIDA DO ALTO PASQUAL	ÁGUA FRIA		CIDADE	COLISÃO FRONTAL	COM 05 VÍTIMAS.	1	1					1			5		Longo da via	Bom	Não existe	Incompleta	Seca	Perfeito estado	Não existe	Não há placas	""	Dupla	Não existe	""	""
2825	2020-07-07T00:00:00	11:11:00	SEM VÍTIMA	FINALIZADA	PARNAMIRIM	AV RUI BARBOSA	""	RUA LEONARDO BEZERRA CAVALCANTE	""	PARNAMIRIM	460	CIDADE	ABALROAMENTO TRANSVERSAL	COLISÃO CARRO X CARRO AGENTE NO LOCAL SUB.CETOR LUCIANO VT013	2									0		Cruzamento	Bom	Com defeito	Perfeito estado	Seca	Perfeito estado	Faixa de pedestre	R-6a	""	Única	Faixa contínua	""	""
2826	2020-07-07T00:00:00	13:11:00	COM VÍTIMA	FINALIZADA	AFOGADOS	EST DOS REMEDIOS	1127	RUA MAGUARI	EM FRENTE A BELO AUTO PEÇAS AO LADO DO RESTAURANTE BODE DO MATUTO. CUNHA PNEUS.	AFOGADOS		CIDADE	ABALROAMENTO TRANSVERSAL	COLISÃO ENTRE AUTO E MOTO COM VITIMAS	1	1								1		Esquina	Bom	Não existe	Incompleta	Seca	Perfeito estado	Não existe	Não há placas	""	Única	Faixa seccionada	""	""
2827	2020-07-07T00:00:00	13:55:00	SEM VÍTIMA	FINALIZADA	BARRO	RUA CAPITAO PONCIANO	54	""	EM FRENTE A IGREJA CATOLICA DO BARRO- AO LADO DO BJ AUTO PEÇAS	BARRO		CIDADE	COLISÃO	COLISÃO ENTRE DOIS AUTO SEM VITIMAS- UMA DAS PARTES APRESENTA SINTOMAS DE EMBRIAGUEZ	2									0		Longo da via	Bom	Sem defeito	Perfeito estado	Seca	""	Faixa de pedestre	R-6a	""	Dupla	Faixa contínua	Faixa seccionada	""
2828	2020-07-07T00:00:00	15:24:00	COM VÍTIMA	CANCELADA	CIDADE UNIVERSITÁRIA	AV PROFESSOR MORAES REGO	""	""	E/F A REITORIA DA UFPE // PROX. A ROTATÓRIA	CIDADE UNIVERSITÁRIA		""	COLISÃO	COLISÃO C/VITIMA ENTRE UM AUTO E UMA MOTO	1	1								1		""	""	""	""	""	""	""	""	""	""	""	""	""
2829	2020-07-07T00:00:00	15:27:00	SEM VÍTIMA	FINALIZADA	SANTO AMARO	AV NORTE	""	RUA VINTE E QUATRO DE AGOSTO	SEMÁFORO 463 ( SOB)	SANTO AMARO	463	CIDADE	COLISÃO FRONTAL	COLISÃO ENTRE DOIS AUTOS SEM VÍTIMAS- VT 31 NO LOCAL	1							1		0		Cruzamento	Bom	Sem defeito	Perfeito estado	Seca	Perfeito estado	Faixa de retenção	Não há placas	""	Única	Faixa seccionada	""	""
2830	2020-07-07T00:00:00	16:28:00	SEM VÍTIMA	FINALIZADA	SANTO AMARO	PTE DO LIMOEIRO	""	RUA DA AURORA	""	SANTO AMARO	243	CIDADE	CHOQUE OBJETO FIXO	CAMINHÃO CHOCOU-SE COM O SEMÁFORO							1			0		Ponte	Bom	Sem defeito	Perfeito estado	Seca	Perfeito estado	Agente	Não há placas	""	Dupla	Faixa contínua	""	""
2831	2020-07-07T00:00:00	16:34:00	SEM VÍTIMA	FINALIZADA	ENCRUZILHADA	RUA DR JOSE MARIA	""	""	EM FRENTE AO MERCADO DA ENCRUZILHADA	ENCRUZILHADA		CIDADE	ABALROAMENTO LONGITUDINAL	COLISÃO ENTRE DOIS AUTOS SEM VÍTIMAS- VT 29 NO LOCAL	2									0		Longo da via	Bom	Não existe	Incompleta	Seca	Perfeito estado	Faixa de pedestre	""	""	Única	Não existe	""	""
2832	2020-07-07T00:00:00	18:32:00	SEM VÍTIMA	FINALIZADA	SANTO AMARO	AV VISCONDE DE SUASSUNA	""	AV CRUZ CABUGA	AO LADO CAIXA ECONÔMICA	SANTO AMARO	32	SUBURBIO	COLISÃO TRASEIRA	COLISÃO SEM VÍTIMA	1	1								0		Cruzamento	Bom	Sem defeito	Perfeito estado	Seca	Perfeito estado	Faixa de pedestre	Não há placas	40 km/h	Única	Faixa seccionada	""	""
2833	2020-07-07T00:00:00	18:58:00	COM VÍTIMA	FINALIZADA	CASA FORTE	RUA AFONSO DE ALBUQUERQUE MELO	""	""	POR TRAS DO BOMPREÇO DE CASA FORTE E EM FRENTE AO RESTAURANTE TITO	CASA FORTE		CIDADE	COLISÃO COM CICLISTA	AUTO E BICICLETA.	1			1						1		Longo da via	Bom	Não existe	""	""	""	""	""	""	Única	""	""	""
2834	2020-07-07T00:00:00	20:13:00	COM VÍTIMA	FINALIZADA	GRAÇAS	RUA ESMERALDINO BANDEIRA	395	""	PRÓX AO BAR TRADIÇÃO	GRAÇAS		SUBURBIO	CAPOTAMENTO	COLISÃO ENTRE AUTO E MOTO C/V	1	1								1		Longo da via	Bom	Não existe	Não existente	Seca	Perfeito estado	Não existe	Não há placas	""	Única	Não existe	""	""
2835	2020-07-07T00:00:00	22:14:00	COM VÍTIMA	CANCELADA	TORRÕES	AV ENGENHEIRO ABDIAS DE CARVALHO	""	""	E/F AO POSTO DISLUBE	TORRÕES		""	COLISÃO	COLISÃO ENTRE AUTO E MOTO C/V	1	1								1		""	""	""	""	""	""	""	""	""	""	""	""	""
2836	2020-07-07T00:00:00	22:22:00	COM VÍTIMA	CANCELADA	BOA VIAGEM	RUA CAMBOIM	""	RUA DEZ DE JULHO	""	BOA VIAGEM		""	COLISÃO	COLISÃO ENTRE AUTO E MOTO C/V	1	1								1		""	""	""	""	""	""	""	""	""	""	""	""	""
2837	2020-07-07T00:00:00	22:22:00	COM VÍTIMA	CANCELADA	SAN MARTIN	RUA VINTE E UM DE ABRIL	3010	""	PROX A PADARIA PARIS	SAN MARTIN		""	COLISÃO	COMLISÃO ENTRE AUTO E MOTO C/V	1	1								1		""	""	""	""	""	""	""	""	""	""	""	""	""
2838	2020-07-07T00:00:00	22:25:00	COM VÍTIMA	CANCELADA	SAN MARTIN	RUA DUARTE FILHO	""	""	PROX A LOMBADA ELETRONICA	SAN MARTIN		""	COLISÃO	COLISÃO ENTRE AUTO E MOTO C/V	1	1								1		""	""	""	""	""	""	""	""	""	""	""	""	""
2839	2020-07-07T00:00:00	22:25:00	SEM VÍTIMA	FINALIZADA	DERBY	RUA BENFICA	""	""	PRÓX AO CLUBE INTERNACIONAL DO RECIFE	DERBY	590	""	COLISÃO	COLISÃO ENTRE AMBULÂNCIA DA UPA E AUTO	1							1		0		Outros	Chuvoso	Sem defeito	Incompleta	Molhada	Outros	Não existe	Não há placas	N/I	Única	Faixa seccionada	""	""
2840	2020-07-08T00:00:00	10:48:00	SEM VÍTIMA	CANCELADA	IMBIRIBEIRA	AV MARECHAL MASCARENHAS DE MORAES	""	""	EM FRENTE A DASA DIAGNOSTICOS DA AMERICA	IMBIRIBEIRA		""	COLISÃO	VEICULO OFICIAL E AUTO	1						1			0		""	""	""	""	""	""	""	""	""	""	""	""	""
2841	2020-07-08T00:00:00	11:39:00	COM VÍTIMA	FINALIZADA	SANTO AMARO	RUA DO HOSPICIO	""	RUA PRINCESA IZABEL	AO LADO DO PARQUE TREZE DE MAIO. CAMARA DOS VEREADORES.	SANTO AMARO	31	CIDADE	ABALROAMENTO LONGITUDINAL	AUTO E MOTO.	1	1								1		Longo da via	Bom	Sem defeito	Perfeito estado	Seca	Perfeito estado	""	Outras	""	Dupla	Não existe	""	""
2842	2020-07-08T00:00:00	15:25:00	SEM VÍTIMA	FINALIZADA	TAMARINEIRA	EST VELHA DE AGUA FRIA	""	""	""	TAMARINEIRA		""	COLISÃO	COLISÃO SEM VÍTIMA ENTRE DOIS AUTOS										0		Cruzamento	Bom	Não existe	Não existente	Seca	Perfeito estado	Não existe	Não há placas	N/I	""	Faixa contínua	""	""
2843	2020-07-08T00:00:00	20:18:00	SEM VÍTIMA	FINALIZADA	JOANA BEZERRA	PTE JOSE DE BARROS LIMA	""	""	SOB A PASSARELA DO FORUM JOANA BEZERRA	JOANA BEZERRA		""	COLISÃO	2 FORD KA OBS: O MOTORISTA ESTA COM PEITO DOLORIDO DEVIDO A COLISAO O MEMSO SE NEGOU A SOLICITAÇAO DO SAMU	2									0		Ponte	Bom	Não existe	Perfeito estado	Seca	Perfeito estado	Não existe	Não há placas	60KM	Dupla	Faixa seccionada	Canteiro central	""
2844	2020-07-09T00:00:00	08:20:00	COM VÍTIMA	FINALIZADA	BOA VIAGEM	RUA RIBEIRO DE BRITO	1084	RUA GENERAL AMERICANO FREIRE	EM FRENTE AO POSTO BR	BOA VIAGEM		SUBURBIO	ABALROAMENTO LONGITUDINAL	COM UMA VITIMA AGUARDANDO SAMU-VT 29 GM CARLOS FERNANDES /GM LEYDSON/GM ISLA DA CTTU NO LOCAL	2	1								2		Cruzamento	Chuvoso	Não existe	Perfeito estado	Molhada	Perfeito estado	Não existe	R-6a	""	Única	Faixa seccionada	""	""
2845	2020-07-09T00:00:00	09:41:00	COM VÍTIMA	CANCELADA	TORRÕES	AV ENGENHEIRO ABDIAS DE CARVALHO	""	""	SENTIDO CENTRO- LADO OPOSTO DA UPA DE TORRÕES	TORRÕES		""	COLISÃO	COM VÍTIMA	1	1								1		""	""	""	""	""	""	""	""	""	""	""	""	""
2846	2020-07-09T00:00:00	11:48:00	COM VÍTIMA	FINALIZADA	IPSEP	AV RECIFE	""	""	APÓS O SAL E BRASA. PONTO DE ÔNIBUS Nº 020133.	IPSEP	393	CEASA	COLISÃO COM CICLISTA	ÔNIBUS E BICICLETA.				1		1				1		Longo da via	Bom	Sem defeito	Perfeito estado	Seca	Perfeito estado	Faixa de pedestre	R-32	60 km/h	Dupla	Canteiro central	""	""
2847	2020-07-09T00:00:00	11:58:00	SEM VÍTIMA	FINALIZADA	PINA	AV REPUBLICA DO LIBANO	40	""	LADO OPOSTO AO N 40	PINA		SUBURBIO	COLISÃO	KWID X HB20 S	2									0		Longo da via	Bom	Não existe	Não existente	Seca	Perfeito estado	Não existe	Não há placas	""	Dupla	Não existe	""	""
2848	2020-07-09T00:00:00	16:24:00	COM VÍTIMA	FINALIZADA	BAIRRO DO RECIFE	PTE BUARQUE DE MACEDO	""	""	EM FRENTE AO BANCO DO BRASIL	BAIRRO DO RECIFE	19	""	ABALROAMENTO LONGITUDINAL	DUAS MOTOS.	2									1		Ponte	Bom	Sem defeito	Perfeito estado	Seca	Perfeito estado	Outros	Outras	""	""	Faixa contínua	Faixa seccionada	""
2849	2020-07-09T00:00:00	17:31:00	COM VÍTIMA	FINALIZADA	BOA VIAGEM	RUA SA E SOUZA	""	RUA BALTAZAR PASSOS	E/F A CULTURA INGLESA	BOA VIAGEM		SUBURBIO	ABALROAMENTO LONGITUDINAL	COLISÃO C/VITIMAS ENTRE UM AUTO E UM CAMINHÃO	1						1			1		Cruzamento	Chuvoso	Não existe	Perfeito estado	Molhada	Perfeito estado	""	Placas Pare	""	Única	Faixa seccionada	""	""
2850	2020-07-09T00:00:00	17:44:00	COM VÍTIMA	FINALIZADA	CASA AMARELA	EST DO ARRAIAL	""	RUA DES GOIS CAVALCANTE	EM FRENTE AO HOSPITAL AGAMENON MAGALHAES	CASA AMARELA		""	ABALROAMENTO LONGITUDINAL	COLISAO ENTRE DUAS MOTOS		2								1		Esquina	Bom	Sem defeito	Perfeito estado	Seca	Perfeito estado	""	Outras	""	Única	Faixa seccionada	""	""
2851	2020-07-10T00:00:00	08:46:00	SEM VÍTIMA	FINALIZADA	NOVA DESCOBERTA	RUA NOVA DESCOBERTA	1017	""	EM FRENTE AO ECOPONTO	NOVA DESCOBERTA		""	ENGAVETAMENTO	TRES AUTOS // VT-06 NO LOCAL GM´S ABNER E DAYWISON	3									0		""	""	""	""	""	""	""	""	""	""	""	""	""
2852	2020-07-10T00:00:00	13:39:00	COM VÍTIMA	FINALIZADA	SANTO AMARO	AV CRUZ CABUGA	""	RUA CAPITAO LIMA	EM FRENTE A IGREJA UNIVERSAL.	SANTO AMARO		SUBURBIO	ABALROAMENTO LONGITUDINAL	COLISÃO ENTRE AUTO E MOTOCICLETA COM VÍTIMA	1	1								1		Longo da via	Bom	""	Perfeito estado	Seca	Perfeito estado	Outros	Outras	""	Dupla	Faixa contínua	Faixa seccionada	""
2853	2020-07-11T00:00:00	09:16:00	SEM VÍTIMA	FINALIZADA	BOA VIAGEM	RUA DOM JOSE LOPES	""	AV FERNANDO SIMOES BARBOSA	""	BOA VIAGEM		JABOATÃO	CHOQUE OBJETO FIXO	CAMINHÃO SE CHOCOU AO POSTE E SE EVADIU DO LOCAL - POSTE NA IMINÊNCIA DE QUEDA E CELPE ACIONADA							1			0		Cruzamento	Bom	Não existe	Perfeito estado	Seca	Perfeito estado	Faixa de pedestre	R-6a	""	Dupla	Canal	""	""
2854	2020-07-11T00:00:00	10:55:00	COM VÍTIMA	FINALIZADA	IMBIRIBEIRA	AV MARECHAL MASCARENHAS DE MORAES	6345	""	EM FRENTE A SUCESSO LOCADORA DE VEÍCULOS	IMBIRIBEIRA		CIDADE	COLISÃO TRASEIRA	COLISÃO COM UMA VITIMA/VT 29 DA CTTU NO LOCAL	1	1								1		Longo da via	Bom	Não existe	Perfeito estado	Seca	Perfeito estado	Não existe	Outras	60 km/h	Dupla	Canteiro central	""	""
2855	2020-07-11T00:00:00	11:56:00	COM VÍTIMA	FINALIZADA	TORRE	AV BEIRA RIO	""	RUA JANUARIO BARBOSA	""	TORRE		""	CHOQUE	CONFORME O MOTORISTA HOUVE UMA COLISÃO SEGUINDA DE CHOQUE. UMAS DAS PARTES SE EVADIU DO LOCAL	2									1		Cruzamento	Chuvoso	Não existe	Perfeito estado	Seca	Perfeito estado	Faixa de pedestre	R-6a	""	Dupla	Faixa seccionada	""	""
2856	2020-07-11T00:00:00	13:31:00	COM VÍTIMA	FINALIZADA	NOVA DESCOBERTA	AV JOSE AMERICO DE ALMEIDA	151	""	E/F AO EDF. RESIDENCIAL AQUARELA	NOVA DESCOBERTA		CIDADE	ABALROAMENTO TRANSVERSAL	COLISÃO C/VITIMA ENTRE UM AUTO E MOTO	1	1								1		Longo da via	Chuvoso	Não existe	Não existente	Molhada	Perfeito estado	Não existe	Não há placas	""	Dupla	Canteiro central	""	""
2857	2020-07-11T00:00:00	14:20:00	COM VÍTIMA	FINALIZADA	IPSEP	RUA PINTOR ANTONIO ALBUQUERQUE	525	""	EM FRENTE A OFICINA R13/PROX A ENTRADA DO BAR DE LUCIANO	IPSEP		CIDADE	COLISÃO FRONTAL	AUTO E MOTO	1	1								1		Longo da via	Chuvoso	Não existe	Perfeito estado	Molhada	Perfeito estado	Não existe	""	""	Dupla	Não existe	""	""
2858	2020-07-11T00:00:00	14:20:00	SEM VÍTIMA	CANCELADA	""	AV DANTAS BARRETO	""	""	""	""		""	CHOQUE OBJETO FIXO	ÔNIBUS DERRUBOU UM FITEIRO										0		""	""	""	""	""	""	""	""	""	""	""	""	""
2859	2020-07-11T00:00:00	15:19:00	COM VÍTIMA	FINALIZADA	SANTO ANTÔNIO	AV GUARARAPES	""	AV DANTAS BARRETO	EM FRENTE AO PREDIO DO INSS	SANTO ANTÔNIO	15	SUBURBIO	ATROPELAMENTO	ATROPELAMENTO ONIBUS/PEDESTRE					1	1				1		Cruzamento	Chuvoso	Sem defeito	Perfeito estado	Molhada	Perfeito estado	Faixa de pedestre	Outras	""	""	Faixa seccionada	Canteiro central	""
2860	2020-07-11T00:00:00	17:38:00	COM VÍTIMA	FINALIZADA	MONTEIRO	AV DEZESSETE DE AGOSTO	2290	RUA PIAUI	AO LADO DO CENTRO OFTAMOLOGICO SENADOR ERMIRIO DE MORAES/ AO LADO DO POSTO DISLUB	MONTEIRO	251	CIDADE	COLISÃO FRONTAL	AUTO E MOTO	1	1								1		Cruzamento	Chuvoso	Sem defeito	Perfeito estado	Molhada	Perfeito estado	Faixa de pedestre	Outras	""	Dupla	Faixa contínua	""	""
2861	2020-07-11T00:00:00	21:32:00	COM VÍTIMA	FINALIZADA	BOA VIAGEM	AV ENGENHEIRO DOMINGOS FERREIRA	3175	RUA MAMANGUAPE	DROGARIA SÃO PAULO	BOA VIAGEM		SUBURBIO	COLISÃO TRASEIRA	COLISAO DE AUTO E MOTO	1	1								1		Longo da via	Chuvoso	Não existe	Perfeito estado	Molhada	Perfeito estado	Não existe	Não há placas	""	Única	Faixa seccionada	Canteiro central	""
2862	2020-07-12T00:00:00	00:18:00	COM VÍTIMA	FINALIZADA	TORRÕES	RUA PROFESSOR JOAQUIM XAVIER DE BRITO	166	RUA OCIDENTAL	TÉRMINAL SÍTIO DAS PALMEIRAS	TORRÕES		SUBURBIO	ABALROAMENTO TRANSVERSAL	AUTO E MOTO	1	1								1		Cruzamento	Chuvoso	Não existe	Ilegível	Molhada	Perfeito estado	Não existe	Placas Pare	""	Dupla	Não existe	""	""
2863	2020-07-12T00:00:00	05:04:00	SEM VÍTIMA	CANCELADA	JARDIM SÃO PAULO	RUA QUELUZ	276	""	ANTES DO VIADUTO JARDIM SÃO PAULO VINDO DO BARRO	JARDIM SÃO PAULO		""	CHOQUE	VEÍCULO SE CHOCOU COM O MURO DA RESIDÊNCIA VINDO A DERRUBAR POSTE DE ENERGIA ELÉTRICA	1									0		""	""	""	""	""	""	""	""	""	""	""	""	""
2864	2020-07-12T00:00:00	09:38:00	COM VÍTIMA	FINALIZADA	CASA FORTE	EST DO ENCANAMENTO	""	EST DAS UBAIAS-	PROX A FARMACIA DROGASIL	CASA FORTE	593	CIDADE	ABALROAMENTO LONGITUDINAL	COLISÃO COM VITIMA SOCORRIDA PELO SAMU  GM CLOVIS E EDMILSON QTH	2									1		Cruzamento	Bom	Sem defeito	Perfeito estado	Seca	Perfeito estado	""	""	40 km/h	Única	Faixa	""	""
2865	2020-07-12T00:00:00	13:34:00	COM VÍTIMA	CANCELADA	BOA VIAGEM	RUA RIBEIRO DE BRITO	""	RUA AMALIA BERNARDINO DE SOUZA	AO LADO DA FACULDADE UNINASSAU	BOA VIAGEM		CIDADE	COLISÃO	VEICULO CRUZOU A RUA AMALIA BERNADINHO DE SOUZA E O CONDUTOR DA MOTOCICLETA COLIDIU COM A LATERAL DO VEICULO	1	1								1		""	""	""	""	""	""	""	""	""	""	""	""	""
2866	2020-07-12T00:00:00	16:40:00	SEM VÍTIMA	FINALIZADA	BOA VIAGEM	RUA JOAO CARDOSO AIRES	""	AV MARECHAL JUAREZ TAVORA	NO SEMAFORO 478	BOA VIAGEM		""	COLISÃO	COLISAO ENTRE DOIS AUTOS UM DOS VEICULOS CAIU NO CANAL E O OUTRO CHOCOU COM UMA POSTE	2									0		""	""	""	""	""	""	""	""	""	""	""	""	""
2867	2020-07-12T00:00:00	18:31:00	COM VÍTIMA	FINALIZADA	SANCHO	AV LIBERDADE	102	""	ENF. AO CEMITERIO PARQUE DAS FLORES.	SANCHO		SUBURBIO	COLISÃO FRONTAL	MOTO X AUTO     OBS : SUSPEITA DE EMBRIAGUEZ	1	1								1		Longo da via	Bom	Não existe	Não existente	Seca	Perfeito estado	Não existe	Não há placas	40 km/h	Dupla	Faixa contínua	""	""
2868	2020-07-12T00:00:00	19:18:00	COM VÍTIMA	FINALIZADA	SANTANA	RUA ASTERIO RUFINO ALVES	238	RUA AGRESTINA	E/F A PRC COMPOSITOR ANTONIO MARIA E AO EDF. BARONESA DE GURJAHÚ - APÓS O CPRH // PRÓX AO PARQUE SANTANA	SANTANA		SUBURBIO	ABALROAMENTO LONGITUDINAL	ENTRE 2 MOTOS. C/V		2								1		Esquina	Bom	Não existe	Não existente	Seca	Perfeito estado	Não existe	Não há placas	""	Dupla	Não existe	""	""
2869	2020-07-12T00:00:00	19:59:00	SEM VÍTIMA	FINALIZADA	PINA	VDO PAPA JOAO PAULO II	""	""	POR CIMA DA PONTE ENTRE O CABANGA E FORUM SENTIDO CIDADE	PINA		""	ENGAVETAMENTO	UNO X HB 20 E TRACKER OBS : SUSPEITA DE EMBRIAGUEZ	3									0		""	""	""	""	""	""	""	""	""	""	""	""	""
2870	2020-07-12T00:00:00	20:30:00	COM VÍTIMA	FINALIZADA	ÁGUA FRIA	RUA JOAQUIM GONCALVES TORREIRO	113	""	PRÓX A BODEGA BAR E PADARIA SANTO ANTONIO	ÁGUA FRIA		SUBURBIO	CHOQUE VEÍCULO PARADO	ENTRE AUTO E MOTO. C/V	1	1								1		Longo da via	Bom	Não existe	Não existente	Seca	Mal iluminada	Não existe	Não há placas	""	Dupla	Não existe	""	""
2871	2020-07-13T00:00:00	07:27:00	COM VÍTIMA	FINALIZADA	MADALENA	AV BEIRA RIO	51	RUA PADRE ANCHIETA	EM FRENTE A ACADEMIA DA CIDADE. AO LADO DA PRAÇA DOMINGOS GIOVANETTI.	MADALENA		SUBURBIO	COLISÃO COM CICLISTA	AUTO E CICLISTA	1			1						1		Cruzamento	Bom	Sem defeito	Ilegível	Seca	Perfeito estado	Não existe	R-6a	""	Dupla	Faixa	""	""
2872	2020-07-13T00:00:00	08:01:00	SEM VÍTIMA	FINALIZADA	SÃO JOSÉ	VDO PAPA JOAO PAULO II	""	""	SOBRE AV SUL GOVERNADOR CID SAMPAIO	SÃO JOSÉ		""	COLISÃO TRASEIRA	""	3									0		Viaduto	Bom	Não existe	Perfeito estado	Seca	Perfeito estado	Não existe	Não há placas	60 km/h	Dupla	Faixa contínua	Faixa seccionada	""
2873	2020-07-13T00:00:00	08:05:00	SEM VÍTIMA	FINALIZADA	BOA VIAGEM	RUA JOAO CARDOSO AIRES	""	AV MARECHAL JUAREZ TAVORA	""	BOA VIAGEM	478	SUBURBIO	ABALROAMENTO TRANSVERSAL	""	2									0		Cruzamento	Bom	Sem defeito	Perfeito estado	Seca	Perfeito estado	Faixa de pedestre	Não há placas	""	Única	""	""	""
2874	2020-07-13T00:00:00	08:07:00	SEM VÍTIMA	FINALIZADA	NOVA DESCOBERTA	RUA NOVA DESCOBERTA	1051	""	""	NOVA DESCOBERTA		CIDADE	COLISÃO TRASEIRA	""	3									0		Longo da via	Bom	Não existe	Perfeito estado	Seca	Perfeito estado	Não existe	Não há placas	40 km/h	Dupla	Faixa seccionada	""	""