_id	data	hora	natureza_acidente	situacao	bairro	endereco	numero	detalhe_endereco_acidente	complemento	bairro_cruzamento	num_semaforo	sentido_via	tipo	descricao	auto	moto	ciclom	ciclista	pedestre	onibus	caminhao	viatura	outros	vitimas	vitimasfatais	acidente_verificado	tempo_clima	situacao_semaforo	sinalizacao	condicao_via	conservacao_via	ponto_controle	situacao_placa	velocidade_max_via	mao_direcao	divisao_via1	divisao_via2	divisao_via3
2875	2020-07-13T00:00:00	08:44:00	SEM VÍTIMA	FINALIZADA	BOA VIAGEM	RUA ERNESTO DE PAULA SANTOS	940	RUA DR JOAO GUILHERME DE P SOBRINHO	EM FRENTE A UNIMED BOA VIAGEM	BOA VIAGEM		""	ENGAVETAMENTO	ENGAVETAMENTO ENTRE QUATRO VEÍCULOS -SEM VITIMAS/CTTU NO LOCAL-SUB ADELSON-GCM WEMERSON	4									0		Longo da via	Bom	Sem defeito	Perfeito estado	Seca	Perfeito estado	Faixa de pedestre	Não há placas	""	Única	Faixa contínua	Faixa seccionada	""
2876	2020-07-13T00:00:00	08:54:00	COM VÍTIMA	FINALIZADA	AREIAS	AV RECIFE	""	""	PROX AO MAKRO. LADO OPOSTO AO POSTO BR	AREIAS	620	AEROPORTO	ABALROAMENTO LONGITUDINAL	C/VITIMAS- ENTRE MOTO E AUTO.AUTO EVADIU		1								1		Longo da via	Bom	Sem defeito	Incompleta	Seca	Perfeito estado	Faixa de retenção	Outras	60 km/h	Dupla	Canteiro central	""	""
2877	2020-07-13T00:00:00	09:37:00	COM VÍTIMA	FINALIZADA	JAQUEIRA	AV RUI BARBOSA	""	RUA DEPUTADO PEDRO PIRES FERREIRA	PRÓXIMO AO PARQUE DA JAQUEIRA	JAQUEIRA		SUBURBIO	ABALROAMENTO TRANSVERSAL	ENTRE AUTO E MOTO COM DUAS VITIMAS-SAMU NO LOCAL/CTTU VT07 INSP SILVAN/ INSP THOMÁS JEFERSOM	1	1								1		Longo da via	Bom	Não existe	Perfeito estado	Seca	Perfeito estado	""	Outras	""	Única	Faixa contínua	""	""
2878	2020-07-13T00:00:00	10:21:00	COM VÍTIMA	FINALIZADA	CORDEIRO	AV INACIO MONTEIRO	""	RUA ITABORA	COLÉGIO ALBERT SABIN	CORDEIRO		CIDADE	ABALROAMENTO TRANSVERSAL	C/ VITIMAS MOTO E AUTO	1	1								1		Cruzamento	Bom	Não existe	Ilegível	Seca	Perfeito estado	Não existe	Placas Pare	""	Dupla	Faixa contínua	""	""
2879	2020-07-13T00:00:00	10:24:00	SEM VÍTIMA	FINALIZADA	MADALENA	RUA NOBRE DE LACERDA	""	RUA MONSENHOR JULIO MARIA	""	MADALENA		SUBURBIO	COLISÃO	SEM VITIMAS	2									0		Cruzamento	Bom	Sem defeito	Perfeito estado	Seca	Perfeito estado	Não existe	R-4a	""	Única	Não existe	""	""
2880	2020-07-13T00:00:00	10:54:00	SEM VÍTIMA	FINALIZADA	IPSEP	AV PRESIDENTE DUTRA	105	""	EM FRENTE A CHURRASCARIA SAL E BRASA	IPSEP		SUBURBIO	COLISÃO	SEM VITIMAS/AUTO PASSEIO E VIATURA DA PM	1							1		0		Longo da via	Bom	Sem defeito	Perfeito estado	Seca	Perfeito estado	""	Não há placas	""	Dupla	Canteiro central	""	""
2881	2020-07-13T00:00:00	11:04:00	SEM VÍTIMA	FINALIZADA	BOA VIAGEM	AV CONSELHEIRO AGUIAR	3572	""	SEMAF 115	BOA VIAGEM	115	CIDADE	COLISÃO	COLISÃO	1					1				0		Longo da via	Bom	Sem defeito	Perfeito estado	Seca	Perfeito estado	Faixa de pedestre	R-6a	""	Única	Faixa contínua	Faixa seccionada	""
2882	2020-07-13T00:00:00	12:39:00	SEM VÍTIMA	FINALIZADA	IMBIRIBEIRA	AV MARECHAL MASCARENHAS DE MORAES	533	""	EM FRENTE AO ARMAZEM CORAL LADO OPOSTO	IMBIRIBEIRA	286	CIDADE	COLISÃO	COLISAO ENTRE CARRO/MOTO  BATEDOR LINDENBERG NO LOCAL	1	1								0		Cruzamento	Bom	Sem defeito	Perfeito estado	Seca	Perfeito estado	Faixa de pedestre	Não há placas	""	Dupla	Canteiro central	""	""
2883	2020-07-13T00:00:00	13:16:00	COM VÍTIMA	FINALIZADA	ILHA JOANA BEZERRA	RUA IMPERIAL	1217	RUA BOM SUCESSO	ANTES DO VIADUTO DA JOANA BEZERRA /PROX AO COLEGIO JOAQUIM NABUCO. PANIFICADORA PÃO PÃO.	ILHA JOANA BEZERRA		SUBURBIO	ABALROAMENTO LONGITUDINAL	COLISAO ENTRE CARRO/MOTO	1	1								2		Esquina	Bom	Não existe	Perfeito estado	Seca	Perfeito estado	Não existe	R-6a	""	Única	Faixa seccionada	""	""
2884	2020-07-13T00:00:00	13:39:00	COM VÍTIMA	FINALIZADA	AFOGADOS	RUA SAO MIGUEL	2027	""	EM FRENTE A FÁBRICA DA IOLANDA. POSTO PETROISA.	AFOGADOS		SUBURBIO	ABALROAMENTO TRANSVERSAL	AUTO E DUAS MOTOS	1	2								1		Longo da via	Bom	Não existe	Incompleta	Seca	Perfeito estado	Não existe	Não há placas	""	Dupla	Faixa seccionada	""	""
2885	2020-07-13T00:00:00	14:52:00	COM VÍTIMA	CANCELADA	CAMPO GRANDE	AV CORREIA DE BRITO	""	""	E/F AO MERCADO DE SITIO NOVO (SENT. RECIFE)	CAMPO GRANDE		""	COLISÃO	COLISÃO C/VITIMA ENTRE UM AUTO E UMA MOTO	1	1								1		""	""	""	""	""	""	""	""	""	""	""	""	""
2886	2020-07-13T00:00:00	15:55:00	COM VÍTIMA	FINALIZADA	IMBIRIBEIRA	AV MARECHAL MASCARENHAS DE MORAES	417	""	EM FRENTE A FLOR E ARTE	IMBIRIBEIRA		CIDADE	ABALROAMENTO TRANSVERSAL	COLISÃO C/VITIMA ENTRE UM AUTO E UMA MOTO (GM BRENO ALVES NO QTH)	1	1								1		Longo da via	Bom	Sem defeito	Perfeito estado	Seca	Perfeito estado	Faixa de pedestre	R-6a	60 km/h	Dupla	Canteiro central	""	""
2887	2020-07-13T00:00:00	16:06:00	COM VÍTIMA	FINALIZADA	ARRUDA	RUA ZEFERINO AGRA	933	RUA DEZESSEIS DE JULHO	APÓS A ESCOLA ALFREDO FREIRE -PROX A DESTRIBUIDORA DE GÁS	ARRUDA		SUBURBIO	ABALROAMENTO LONGITUDINAL	COLISAO ENTRE AUTO/MOTO	1	1								1		Cruzamento	Bom	Não existe	Não existente	Seca	Perfeito estado	Não existe	Não há placas	""	Dupla	Faixa seccionada	""	""
2888	2020-07-13T00:00:00	16:56:00	COM VÍTIMA	FINALIZADA	MACAXEIRA	AV NORTE	""	RUA MARIA CANDIDA	EM FRENTE A ESCOLA TECNICA MIGUEL BATISTA. ANTIGA FÁBRICA DA MACAXEIRA.	MACAXEIRA	296	CIDADE	ATROPELAMENTO	ATROPELAMENTO ENTRE AUTO/PEDESTRE	1				1					1		Longo da via	Bom	Sem defeito	Perfeito estado	Seca	Perfeito estado	Faixa de pedestre	Não há placas	60 km/h	Dupla	Canteiro central	""	""
2889	2020-07-13T00:00:00	17:02:00	SEM VÍTIMA	FINALIZADA	AFOGADOS	RUA RUBIACEA	150	""	PROX A CRECHE MUNICIPAL	AFOGADOS		""	COLISÃO	COLISAO ENTRE AUTO/AMBULANCIA	2									0		Longo da via	Bom	Não existe	Não existente	Seca	Perfeito estado	Não existe	Não há placas	30 km/h	Dupla	Não existe	""	""
2890	2020-07-13T00:00:00	17:30:00	SEM VÍTIMA	FINALIZADA	IMBIRIBEIRA	RUA ARQUITETO LUIZ NUNES	""	""	DESCIDA DA PONTE MOTOCOLOMBO	IMBIRIBEIRA		SUBURBIO	COLISÃO	COLISAO ENTRE 2 AUTOS AGENTE GUILHERME MOTA NO LOCAL	2									0		Longo da via	Chuvoso	Não existe	Perfeito estado	Molhada	Perfeito estado	Não existe	R-6a	40 km/h	Única	Faixa seccionada	""	""
2891	2020-07-13T00:00:00	18:21:00	COM VÍTIMA	FINALIZADA	CORDEIRO	AV CAXANGA	""	AV GENERAL SAN MARTIN	AO LADO DA ESTAÇÃO BRT. INTEGRAÇÃO GETÚLIO VARGAS.	CORDEIRO	266	CIDADE	ATROPELAMENTO	MOTO E PEDESTRE.		1			1					1		Longo da via	Bom	Sem defeito	Perfeito estado	Seca	Perfeito estado	Faixa de pedestre	Outras	""	Dupla	Canteiro central	""	""
2892	2020-07-13T00:00:00	19:07:00	COM VÍTIMA	FINALIZADA	MADALENA	AV BEIRA RIO	650	RUA JANUARIO BARBOSA	EM FRENTE AO EDF PASARGADA	MADALENA		""	ABALROAMENTO TRANSVERSAL	COLISÃO ENTRE AUTO E MOTO- C/V	1	1								1		Esquina	Chuvoso	Não existe	Perfeito estado	Molhada	Perfeito estado	Não existe	R-6a	""	Dupla	Faixa seccionada	""	""
2893	2020-07-13T00:00:00	21:40:00	SEM VÍTIMA	FINALIZADA	JARDIM SÃO PAULO	RUA LEANDRO BARRETO	1025	RUA LORENA	EM FRENTE 1025	JARDIM SÃO PAULO		SUBURBIO	ABALROAMENTO TRANSVERSAL	COLISAO SEM VITIMAS	1	1								0		Cruzamento	Chuvoso	Não existe	""	Seca	Mal conservada	Não existe	Não há placas	""	Dupla	Não existe	""	""
2894	2020-07-14T00:00:00	02:11:00	COM VÍTIMA	FINALIZADA	BOA VIAGEM	AV DES JOSE NEVES	309	""	SENTIDO PIEDADE- CERCA DE 500 METROS APÓS O TÚNEL	BOA VIAGEM		SUBURBIO	ABALROAMENTO LONGITUDINAL	COLISÃO ENTRE ÔNIBUS E MOTO- C/V	1	1								1		Longo da via	Bom	Não existe	Perfeito estado	Seca	Perfeito estado	Não existe	Não há placas	""	Dupla	Canal	""	""
2895	2020-07-14T00:00:00	06:25:00	COM VÍTIMA	FINALIZADA	DERBY	AV GOVERNADOR AGAMENON MAGALHAES	""	RUA HENRIQUE DIAS	EM FRENTE AO ANTIGO RESTAURANTE SPETTUS	DERBY	68	CIDADE	ABALROAMENTO TRANSVERSAL	AMBULANCIA E 2 MOTOS C/V	1	2								2		Cruzamento	Bom	Sem defeito	Perfeito estado	Seca	Perfeito estado	Faixa de pedestre	R-6a	60 km/h	Única	Faixa	""	""
2896	2020-07-14T00:00:00	11:42:00	SEM VÍTIMA	FINALIZADA	AFOGADOS	RUA NICOLAU PEREIRA	129	""	PRÓXIMO AO PONTILHÃO DO METRÔ	AFOGADOS		CIDADE	COLISÃO TRASEIRA	COLISÃO SEM VÍTIMAS- ENTRE 2 AUTOS.	2									0		Longo da via	Bom	Não existe	Perfeito estado	Seca	Perfeito estado	Não existe	Não há placas	60 km/h	Única	Faixa seccionada	""	""
2897	2020-07-14T00:00:00	17:48:00	COM VÍTIMA	FINALIZADA	MADALENA	RUA PADRE LANDIM	""	RUA DOM MANOEL DA COSTA	E/F A ESCOLA MUNICIPAL CRISTO REI	MADALENA	252	CIDADE	COLISÃO COM CICLISTA	COLISAO ENTRE AUTO E CICLISTA VT 14 NO LOCAL	1			1						1		Cruzamento	Bom	Não existe	Perfeito estado	Seca	Perfeito estado	Faixa de pedestre	Outras	""	Única	Faixa seccionada	""	""
2898	2020-07-14T00:00:00	18:36:00	COM VÍTIMA	FINALIZADA	DERBY	AV GOVERNADOR AGAMENON MAGALHAES	""	""	ENF. AO HAPIVIDA PROX AO BANCO DO BRASIL	DERBY		SUBURBIO	ABALROAMENTO LONGITUDINAL	MOTO X AUTO OBS: BATEDORES 03 X 40 NO LOCAL. UMA DAS PARTES SE EVADIU DO LOCAL.	1	1								1		Longo da via	Bom	Não existe	Perfeito estado	Seca	Perfeito estado	Outros	Não há placas	""	Única	Faixa seccionada	""	""
2899	2020-07-14T00:00:00	20:20:00	COM VÍTIMA	FINALIZADA	BOA VIAGEM	RUA JOAO CARDOSO AIRES	647	RUA ALMIRANTE BATISTA LEAO	E/F AO HAPVIDA	BOA VIAGEM		SUBURBIO	COLISÃO FRONTAL	ENTRE MOTO E AUTO. C/V	1	1								1		Cruzamento	Bom	Não existe	Incompleta	Seca	Mal iluminada	Não existe	Placas Pare	""	Única	""	""	""
2900	2020-07-14T00:00:00	22:46:00	COM VÍTIMA	FINALIZADA	MANGUEIRA	RUA SAO MIGUEL	1347	""	ENF. A DROGARIA BONGI PROX AO RESTAURANTE BODE DO NO	MANGUEIRA		CIDADE	ABALROAMENTO TRANSVERSAL	AUTO E MOTO	1	1								2		Longo da via	Bom	Não existe	Perfeito estado	Seca	Perfeito estado	Não existe	Não há placas	""	Dupla	Faixa contínua	Faixa seccionada	""
2901	2020-07-15T00:00:00	07:30:00	SEM VÍTIMA	FINALIZADA	BOA VIAGEM	AV BOA VIAGEM	3650	""	""	BOA VIAGEM		""	COLISÃO	03 AUTOS PASSSEIO	3									0		Longo da via	Bom	Não existe	Perfeito estado	Seca	Perfeito estado	Não existe	Não há placas	60KM	Única	Faixa seccionada	""	""
2902	2020-07-15T00:00:00	09:21:00	SEM VÍTIMA	FINALIZADA	DOIS IRMÃOS	RUA DOIS IRMAOS	""	RUA BLANDINA PHILLIPINI FERREIRA	SOB O PONTILHÃO DA BR 101 - KM 64	DOIS IRMÃOS		""	COLISÃO	MB L 1620 X FIAT ARGO	1						1			0		Cruzamento	Bom	Sem defeito	Perfeito estado	Seca	Perfeito estado	Faixa de pedestre	Não há placas	N/I	Dupla	Faixa contínua	""	""
2903	2020-07-15T00:00:00	10:58:00	SEM VÍTIMA	FINALIZADA	IMBIRIBEIRA	AV MARECHAL MASCARENHAS DE MORAES	""	""	EM FRENTE AO BANCO ITAU	IMBIRIBEIRA		AEROPORTO	COLISÃO	SEM VITIMAS -CTTU NO LOCAL VT29 -SUB INSP LUCIANO /MARCOS/GCM JORDÃO /CLAUDIA	2									0		Longo da via	Bom	Não existe	Perfeito estado	Seca	Perfeito estado	Não existe	R-6a	60KM	Dupla	Canteiro central	""	""
2904	2020-07-15T00:00:00	14:23:00	COM VÍTIMA	FINALIZADA	PAISSANDU	AV GOVERNADOR AGAMENON MAGALHAES	4581	RUA PAISSANDU	EM FRENTE AO BANCO SAFRA	PAISSANDU		CIDADE	COLISÃO TRASEIRA	COLISÃO COM VÍTIMA	1	1								1		Longo da via	Bom	Sem defeito	Perfeito estado	Seca	Perfeito estado	Faixa de pedestre	Não há placas	60 km/h	Única	Faixa seccionada	""	""
2905	2020-07-15T00:00:00	16:03:00	SEM VÍTIMA	CANCELADA	PAISSANDU	PTE PAISSANDU	""	""	APÓS A SEDE DO SPORT CLUB DO RECIFE	PAISSANDU		""	COLISÃO	COLISÃO S/VITIMAS ENTRE UM AUTO E UMA MOTO (VEÍCULO OFICIAL)	1	1								0		""	""	""	""	""	""	""	""	""	""	""	""	""
2906	2020-07-15T00:00:00	20:14:00	COM VÍTIMA	CANCELADA	BONGI	RUA ISAAC MARKMAN	""	""	E/F A CELPE DO BONGI	BONGI		""	COLISÃO	COLISAO ENTRE UM AUTO E MOTO	1		1							1		""	""	""	""	""	""	""	""	""	""	""	""	""
2907	2020-07-16T00:00:00	05:31:00	SEM VÍTIMA	FINALIZADA	IMBIRIBEIRA	AV MARECHAL MASCARENHAS DE MORAES	""	RUA PAMPULHA	EM FRENTE A LOJA LASER	IMBIRIBEIRA		""	COLISÃO	""	1					1				0		Longo da via	Chuvoso	Sem defeito	Perfeito estado	Molhada	Perfeito estado	Faixa de pedestre	Não há placas	60KM	Dupla	Canteiro central	""	""
2908	2020-07-16T00:00:00	08:04:00	COM VÍTIMA	FINALIZADA	VÁRZEA	RUA MARIO CAMPELO	302	""	EM FRENTE A MINHA DOCE VIDA BOLO E CIA	VÁRZEA		""	TOMBAMENTO	QUEDA DE MOTOCICLISTA		1								1		Longo da via	Chuvoso	Não existe	Não existente	Molhada	Perfeito estado	Não existe	Não há placas	""	Dupla	Não existe	""	""
2909	2020-07-16T00:00:00	13:15:00	COM VÍTIMA	CANCELADA	SANTO AMARO	AV GOVERNADOR AGAMENON MAGALHAES	""	""	EM FRENTE AO POSTO DISLUB	SANTO AMARO		OLINDA	COLISÃO	COM VÍTIMA. O GCM CARLOS LIMA SE DEPAROU COM A COLISÃO	1	1								1		""	""	""	""	""	""	""	""	""	""	""	""	""
2910	2020-07-16T00:00:00	19:34:00	COM VÍTIMA	FINALIZADA	PINA	AV ENGENHEIRO DOMINGOS FERREIRA	703	""	LADO OPOSTO AO CLINICAL CENTER. IBIS HOTEL.	PINA		SUBURBIO	CAPOTAMENTO	VEICULO VW/GOL CAPOTOU E EM SEGUIDA CHOCOU-SE CONTRA UMA GM/SPIN	2									3		Longo da via	Bom	Não existe	Perfeito estado	Seca	Perfeito estado	""	Não há placas	50 km/h	Única	Canteiro central	""	""
2911	2020-07-17T00:00:00	04:59:00	SEM VÍTIMA	FINALIZADA	BOA VIAGEM	AV BOA VIAGEM	""	""	LADO OPSTO AO EDFº GRAND MERCURY	BOA VIAGEM		CIDADE	CHOQUE OBJETO FIXO	CHOQUE NO POSTE ILUMUNIAÇÃO	1									0		Longo da via	Chuvoso	Sem defeito	Perfeito estado	Molhada	Perfeito estado	Faixa de pedestre	Outras	60KM	Única	Faixa contínua	Faixa seccionada	""
2912	2020-07-17T00:00:00	06:05:00	COM VÍTIMA	FINALIZADA	IMBIRIBEIRA	AV MARECHAL MASCARENHAS DE MORAES	""	RUA JOAQUIM BANDEIRA	EM FRENTE A RENAULT	IMBIRIBEIRA	534	CIDADE	COLISÃO COM CICLISTA	COM UMA VITIMA-SAMU JÁ ACIONADO-CTTU NO LOCAL VT 07-SUB INSP MARCILIO				1		1				1		Cruzamento	Bom	Sem defeito	Perfeito estado	Seca	Perfeito estado	Faixa de pedestre	""	""	Dupla	Canteiro central	""	""
2913	2020-07-17T00:00:00	09:11:00	COM VÍTIMA	FINALIZADA	JOANA BEZERRA	VDO PAPA JOAO PAULO II	""	""	SOBRE O VIADUTO CAPITÃO TEMUDO. ALÇA DE ENTRADA DO SHOPPING RIO MAR.	JOANA BEZERRA		SUBURBIO	ABALROAMENTO LONGITUDINAL	COM UMA VITIMA AGUARDANDO SAMU/AUTO PASSEIO SE EVADIU	1	1								1		Viaduto	Chuvoso	Não existe	Perfeito estado	Molhada	Perfeito estado	Não existe	Não há placas	""	Única	Faixa seccionada	""	""
2914	2020-07-17T00:00:00	13:21:00	SEM VÍTIMA	FINALIZADA	IMBIRIBEIRA	AV MARECHAL MASCARENHAS DE MORAES	945	""	SEMÁFORO 396	IMBIRIBEIRA	396	CIDADE	COLISÃO TRASEIRA	COLISÃO S/VITIMAS ENTRE UM AUTO (VEICULO OFICIAL) E UM CAMINHÃO	2						1			0		Longo da via	Chuvoso	Sem defeito	Perfeito estado	Molhada	Perfeito estado	Faixa de pedestre	R-6a	""	Dupla	Canteiro central	""	""
2915	2020-07-17T00:00:00	15:43:00	SEM VÍTIMA	CANCELADA	ARRUDA	RUA VELHA	739	""	E/F AO DNOCS	ARRUDA		""	COLISÃO	COLISÃO S/VITIMAS ENTRE UM AUTO E UMA MOTO (V.T 23 NO QTH)	1	1								0		""	""	""	""	""	""	""	""	""	""	""	""	""
2916	2020-07-18T00:00:00	01:41:00	COM VÍTIMA	FINALIZADA	MADALENA	AV VISCONDE DE ALBUQUERQUE	""	RUA JOSE OSORIO	FÁMACIA EXTRAFARMA	MADALENA	50	SUBURBIO	COLISÃO FRONTAL	ACIDENTE ENTRE DOIS AUTOS UM DOS VEÍCULOS SEM CONDIÇÕES DE SAIR DO LOCAL OBSTRUIDO A VIA.	2									1		Cruzamento	Chuvoso	Sem defeito	Perfeito estado	Molhada	Perfeito estado	""	Não há placas	""	Única	Faixa seccionada	""	""
2917	2020-07-18T00:00:00	08:14:00	COM VÍTIMA	FINALIZADA	VÁRZEA	AV CAXANGA	5335	""	LADO OPOSTO AO CAXANGÁ GOLF E COUNTRY CLUB.	VÁRZEA		CIDADE	COLISÃO COM CICLISTA	MOTO E CICLISTA		1		1						1		Longo da via	Chuvoso	Não existe	Não existente	Molhada	Perfeito estado	Não existe	Não há placas	""	Única	Canteiro central	""	""
2918	2020-07-18T00:00:00	10:58:00	COM VÍTIMA	FINALIZADA	ARRUDA	AV BEBERIBE	848	RUA PROFESSORA ANTONIA RIBEIRO CAMPOS	DE ESQUINA COM A LOJA LOJÃO DO PETROLEO	ARRUDA		""	ABALROAMENTO LONGITUDINAL	COLISÃO COM 1 VITIMA	1	1								1		Esquina	Bom	Não existe	Perfeito estado	Seca	Perfeito estado	Não existe	Outras	""	Dupla	Faixa contínua	Faixa seccionada	""
2919	2020-07-18T00:00:00	11:14:00	COM VÍTIMA	FINALIZADA	CASA AMARELA	RUA DA HARMONIA	210	""	EM FRENTE EM FRENTE AO BAR DO CANARIO	CASA AMARELA		SUBURBIO	ABALROAMENTO TRANSVERSAL	AUTO E MOTO C/V	1	1								1		Longo da via	Bom	Não existe	Perfeito estado	Seca	Perfeito estado	Não existe	Placas Pare	""	Dupla	Faixa	""	""
2920	2020-07-18T00:00:00	12:21:00	COM VÍTIMA	CANCELADA	MADALENA	AV CAXANGA	""	""	E/F AO BANCO SANTANDER S/T CID	MADALENA		""	ATROPELAMENTO	MOTO ATROPELOU DOIS PEDESTRE		1			2					1		""	""	""	""	""	""	""	""	""	""	""	""	""
2921	2020-07-18T00:00:00	13:24:00	SEM VÍTIMA	FINALIZADA	AREIAS	AV CAPITAO GREGORIO DE CALDAS	""	RUA CAPITAO GREGORIO DE ALBUQUERQUE	LADO OPOSTO AO Nº 215	AREIAS		SUBURBIO	ABALROAMENTO LONGITUDINAL	COLISÃO SEM VÍTIMAS- ENTRE 2 AUTOS.	2									0		""	Bom	Não existe	Não existente	Seca	Perfeito estado	Não existe	Não há placas	""	Dupla	Não existe	""	""
2922	2020-07-18T00:00:00	15:13:00	COM VÍTIMA	FINALIZADA	CASA AMARELA	AV NORTE	5010	""	EM FRENTE À HONDA MOTO PARTS	CASA AMARELA		CIDADE	COLISÃO COM CICLISTA	VEÍCULO QUE COLIDIU COM CICLISTA EVADIU-SE.	1			1						1		Longo da via	Bom	Não existe	Perfeito estado	Seca	Perfeito estado	Não existe	Outras	""	Dupla	Canteiro central	""	""
2923	2020-07-18T00:00:00	15:27:00	COM VÍTIMA	FINALIZADA	IMBIRIBEIRA	AV MARECHAL MASCARENHAS DE MORAES	2567	""	EM FRENTE A FERREIRA COSTA.	IMBIRIBEIRA	386	CIDADE	ABALROAMENTO LONGITUDINAL	COLISAO ENTRE AUTO E MOTO COM UMA VITIMA	1	1								1		Longo da via	Bom	Sem defeito	Perfeito estado	Seca	Perfeito estado	Faixa de pedestre	Não há placas	60 km/h	Única	Faixa seccionada	""	""
2924	2020-07-18T00:00:00	20:11:00	SEM VÍTIMA	FINALIZADA	ESPINHEIRO	RUA DO ESPINHEIRO	""	RUA SANTO ELIAS	POSTO IPIRANGA	ESPINHEIRO		""	ABALROAMENTO TRANSVERSAL	MOTO X PALIO OBS: VT DA CTTU 07 ESTA NO LOCAL	1	1								0		Cruzamento	Bom	Não existe	Perfeito estado	Seca	Mal iluminada	Faixa de pedestre	R-6a	30 km/h	Única	""	""	""
2925	2020-07-18T00:00:00	20:21:00	COM VÍTIMA	FINALIZADA	ALTO JOSÉ BONIFÁCIO	RUA ALTO JOSE BONIFACIO	1146	""	PROX DA LINHA DO TIRO NA LADEIRA DA VACA	ALTO JOSÉ BONIFÁCIO		SUBURBIO	ABALROAMENTO LONGITUDINAL	ONIX X MOTO	1	1								1		Longo da via	Bom	Não existe	Ilegível	Seca	Mal iluminada	Não existe	Não há placas	""	Dupla	Faixa seccionada	""	""
2926	2020-07-18T00:00:00	21:40:00	COM VÍTIMA	FINALIZADA	TORRE	RUA JOSE BONIFACIO	""	RUA CONDE DE IRAJA	ENF. A PADARIA NOVA ARMADA	TORRE	191	""	COLISÃO TRASEIRA	2 AUTOS E UMA MOTO	2	1								1		Cruzamento	Bom	Sem defeito	Perfeito estado	Seca	Perfeito estado	Faixa de pedestre	R-6a	40 km/h	Única	""	""	""
2927	2020-07-18T00:00:00	23:17:00	COM VÍTIMA	FINALIZADA	IMBIRIBEIRA	RUA ARQUITETO LUIZ NUNES	1900	""	POR TRAS DO AÇAI DA IMBIRIBEIRA. FARMÁCIA DROGASIL.	IMBIRIBEIRA		SUBURBIO	ABALROAMENTO LONGITUDINAL	FIAT UNO X MOTO OBS : VEICULO CAPOTADO NO MEIO DA VIA SUSPEITA DE EMBRIAGUEZ	1	1								2		Longo da via	Bom	Não existe	Incompleta	Seca	Mal iluminada	Não existe	Outras	""	Dupla	Faixa contínua	""	""
2928	2020-07-19T00:00:00	11:08:00	COM VÍTIMA	FINALIZADA	MANGUEIRA	RUA VINTE E UM DE ABRIL	1884	""	PROX AO CLUBE ESMERALDA E ASSEMBLEIA DE DEUS.	MANGUEIRA		SUBURBIO	ABALROAMENTO TRANSVERSAL	COLISAO ENTRE AUTO E MOTO	1	1								1		Cruzamento	Bom	Não existe	Incompleta	Seca	Perfeito estado	Não existe	Não há placas	""	Dupla	Não existe	""	""
2929	2020-07-19T00:00:00	11:50:00	COM VÍTIMA	FINALIZADA	ÁGUA FRIA	RUA DR EUDES COSTA	""	RUA BELO JARDIM	PROX AO MERCADO DE AGUA FRIA	ÁGUA FRIA		""	COLISÃO COM CICLISTA	COLISAO ENTRE AUTO E BICICLETA	1			1						1		""	""	""	""	""	""	""	""	""	""	""	""	""
2930	2020-07-19T00:00:00	12:52:00	COM VÍTIMA	FINALIZADA	CASA AMARELA	AV NORTE	5600	""	E/F AO CAPES	CASA AMARELA	676	CIDADE	ABALROAMENTO TRANSVERSAL	COLISÃO C/VITIMAS ENTRE UM AMBULANCIA E UMA MOTO	1	1								2		Longo da via	Bom	Sem defeito	Perfeito estado	Seca	Perfeito estado	Faixa de pedestre	Outras	""	Única	Faixa contínua	""	""
2931	2020-07-19T00:00:00	21:26:00	SEM VÍTIMA	CANCELADA	GUABIRABA	AV VEREADOR OTACILIO AZEVEDO	2239	""	PROX AO RAROS HOTEL	GUABIRABA		""	COLISÃO	COLISAO SEM VITIMAS	2									0		""	""	""	""	""	""	""	""	""	""	""	""	""
2932	2020-07-20T00:00:00	09:06:00	COM VÍTIMA	FINALIZADA	IMBIRIBEIRA	AV MARECHAL MASCARENHAS DE MORAES	2160	RUA PAMPULHA	EM FRENTE A CONCESSIONARIA RENAULT EUROVIA	IMBIRIBEIRA	534	SUBURBIO	ABALROAMENTO LONGITUDINAL	COLISÃO COM VITIMA GM RANBALD  E MARCOS QTH	1	1								1		Cruzamento	Chuvoso	Sem defeito	Perfeito estado	Seca	Perfeito estado	Faixa de pedestre	Não há placas	60 km/h	Dupla	Canteiro central	""	""
2933	2020-07-20T00:00:00	14:29:00	COM VÍTIMA	FINALIZADA	CASA AMARELA	AV NORTE	""	""	E/F A UPINHA 24 HORAS S/T CID	CASA AMARELA		CIDADE	ABALROAMENTO LONGITUDINAL	COLISAO ENTRE AUTO E MOTO COM UMA VITIMA	1	1								1		Longo da via	Bom	Não existe	Perfeito estado	Seca	Perfeito estado	Não existe	Outras	60 km/h	Dupla	Canteiro central	""	""
2934	2020-07-20T00:00:00	20:31:00	SEM VÍTIMA	FINALIZADA	PINA	AV ANTONIO DE GOES	194	""	ENF A SECRETARIA DE ADMINISTRAÇAO	PINA		""	COLISÃO	DOIS VEIULOS DA LEI SECA								2		0		Longo da via	Bom	Sem defeito	Perfeito estado	Seca	Perfeito estado	Não existe	Outras	N/I	Única	Faixa seccionada	""	""