_id	data	hora	natureza_acidente	situacao	bairro	endereco	numero	detalhe_endereco_acidente	complemento	bairro_cruzamento	num_semaforo	sentido_via	tipo	descricao	auto	moto	ciclom	ciclista	pedestre	onibus	caminhao	viatura	outros	vitimas	vitimasfatais	acidente_verificado	tempo_clima	situacao_semaforo	sinalizacao	condicao_via	conservacao_via	ponto_controle	situacao_placa	velocidade_max_via	mao_direcao	divisao_via1	divisao_via2	divisao_via3
2994	2020-07-29T00:00:00	12:39:00	COM VÍTIMA	FINALIZADA	CASA AMARELA	RUA TAQUARITINGA	""	RUA PADRE LEMOS	EM FRENTE AO CENTRO COMERCIAL DE CASA AMARELA AO LADO DA CAIXA ECONÔMICA- EM FRENTE AO POSTE DE ILUMINAÇÃO B023429.	CASA AMARELA		CIDADE	ATROPELAMENTO	ONIBUS E PEDESTRE					1	1				1		Esquina	Bom	Não existe	Perfeito estado	Seca	Perfeito estado	Não existe	Não há placas	""	Única	Faixa seccionada	""	""
2995	2020-07-29T00:00:00	13:04:00	COM VÍTIMA	FINALIZADA	BOA VISTA	RUA BARAO DE SAO BORJA	116	RUA JOSE DE ALENCAR	EM FRENTE A BANCA DE BICHO E O HOTEL BOA VISTA	BOA VISTA		CIDADE	ABALROAMENTO TRANSVERSAL	MOTO E AUTO	1	1								1		Cruzamento	Bom	Não existe	Perfeito estado	Seca	Perfeito estado	Faixa de pedestre	Placas Pare	""	Única	Não existe	""	""
2996	2020-07-29T00:00:00	13:43:00	SEM VÍTIMA	FINALIZADA	VASCO DA GAMA	RUA DOIS DE FEVEREIRO	""	""	PROX A SUBIDA DO ALTO NOSSA SENHORA DE FATIMA	VASCO DA GAMA		""	COLISÃO	COLISAO SEM VITIMAS ENTRE CAMINHAO- AUTO E MOTO	1	1				1				0		Longo da via	Chuvoso	Não existe	Não existente	Molhada	Mal conservada	Não existe	Não há placas	""	Dupla	Não existe	""	""
2997	2020-07-29T00:00:00	13:57:00	COM VÍTIMA	FINALIZADA	CASA AMARELA	RUA PADRE LEMOS	58	""	MERCADO DE CASA AMARELA	CASA AMARELA		CIDADE	ATROPELAMENTO	MOTO E PEDESTRE (IDOSO)		1			1					1		Longo da via	Bom	Não existe	Perfeito estado	Seca	Perfeito estado	Não existe	Outras	""	Dupla	Faixa seccionada	""	""
2998	2020-07-29T00:00:00	16:25:00	SEM VÍTIMA	FINALIZADA	BOA VIAGEM	AV ENGENHEIRO DOMINGOS FERREIRA	""	RUA BRUNO VELOSO	PROX A DROGAZIL	BOA VIAGEM		""	COLISÃO	COLISAO SEM VITIMAS/ GM MARCOS MARCELINO NO QTH	2									0		Longo da via	Bom	Sem defeito	Perfeito estado	Seca	Perfeito estado	Não existe	Outras	60km	Única	Faixa contínua	""	""
2999	2020-07-29T00:00:00	18:43:00	VÍTIMA FATAL	FINALIZADA	CASA AMARELA	AV NORTE	""	COR DO BARTOLOMEU	E/ F AO REI DA PICANHA E FARMÁCIA PAGUE MENOS	CASA AMARELA	79	CIDADE	ABALROAMENTO LONGITUDINAL	COLISAO DE ONIBUS E MOTO		1				1					1	Cruzamento	Bom	Sem defeito	Perfeito estado	Molhada	Perfeito estado	Faixa de pedestre	""	60 km/h	""	Canteiro central	""	""
3000	2020-07-29T00:00:00	20:53:00	COM VÍTIMA	FINALIZADA	BOA VIAGEM	RUA BALTAZAR PASSOS	""	RUA SA E SOUZA	AO LADO DA CULTURA INGLESA.	BOA VIAGEM		ORLA DE BOA VIAGEM	ABALROAMENTO TRANSVERSAL	COLISAO DE AUTO E MOTONETA	1	1								1		Cruzamento	Bom	Não existe	Perfeito estado	Seca	Perfeito estado	Faixa de retenção	Placas Pare	""	Única	Não existe	""	""
3001	2020-07-30T00:00:00	12:31:00	COM VÍTIMA	FINALIZADA	CAMPO GRANDE	AV PROFESSOR JOSE DOS ANJOS	116	""	E/F A COMPESA S/T SUB	CAMPO GRANDE		SUBURBIO	ABALROAMENTO TRANSVERSAL	COLISAO ENTRE AUTO E MOTO COM UMA VITIMA	1	1								2		Longo da via	Bom	Não existe	Incompleta	Seca	Perfeito estado	Não existe	Não há placas	""	Dupla	Não existe	""	""
3002	2020-07-30T00:00:00	14:33:00	COM VÍTIMA	FINALIZADA	TORREÃO	AV NORTE	""	""	SOBRE O VIADUTO VT 13 NO LOCAL. LADO OPOSTO AO EMPRESARIAL TACARUNA.	TORREÃO		CIDADE	COLISÃO TRASEIRA	COLISAO ENTRE AUTO E MOTO COM UMA VITIMA	1	1								1		Viaduto	Bom	Não existe	Perfeito estado	Seca	Perfeito estado	Não existe	Outras	""	Dupla	Faixa seccionada	Canteiro central	""
3003	2020-07-30T00:00:00	15:53:00	COM VÍTIMA	FINALIZADA	SAN MARTIN	AV GENERAL SAN MARTIN	1973	""	PRÓXIMO A ACADEMIA DA CIDADE. EM FRENTE A PET'S.	SAN MARTIN		CIDADE	COLISÃO COM CICLISTA	COLISÃO MOTO E CICLISTA		1		1						2		Longo da via	Bom	Não existe	Perfeito estado	Seca	Perfeito estado	""	""	""	Dupla	Faixa contínua	""	""
3004	2020-07-30T00:00:00	19:00:00	COM VÍTIMA	FINALIZADA	CASA AMARELA	AV NORTE	6061	""	ENF. AO DESKONTAO ATACADISTA	CASA AMARELA		CIDADE	ATROPELAMENTO	MOTO X PEDESTRE OBS: BATEDORES DA CTTU 37 X 04 NO LOCAL		1			1					2		Longo da via	Bom	Não existe	Perfeito estado	Seca	Perfeito estado	Faixa de pedestre	Não há placas	60 km/h	Dupla	Canteiro central	""	""
3005	2020-07-30T00:00:00	21:48:00	VÍTIMA FATAL	FINALIZADA	IBURA	AV DOM HELDER CAMARA	257	""	PROX AO NUCLEO DA AV RECIFE. LADO OPOSTO AO NÚMERO INFORMADO.	IBURA		SUBURBIO	CHOQUE OBJETO FIXO	MOTO PERDE CONTROLE E CHOCA-SE COM POSTE		1									1	Longo da via	Chuvoso	Não existe	Não existente	Molhada	Mal iluminada	""	Não há placas	50 km/h	Dupla	Canteiro central	""	""
3006	2020-07-31T00:00:00	00:32:00	COM VÍTIMA	FINALIZADA	VÁRZEA	RUA VALE DO SIRIJI	""	""	LADEIRA DA UR-7 - E/F À ESCOLA MUNICIPAL JOÃO FRANCISCO DE SOUZA	VÁRZEA		CIDADE	ATROPELAMENTO ANIMAL	VEICULO ATROPELOU E MATOU UM CAVALO- QUE SE ENCONTRA NA VIA. UMA PASSAGEIRA DO VEICULO SOFREU ESCORIAÇÕES E FOI CONDUZIDA À UPA DA CAXANGÁ- POR MEIOS PRÓPRIOS.	1								1	1		Longo da via	Chuvoso	Não existe	Não existente	Molhada	Perfeito estado	Não existe	Não há placas	""	Dupla	Faixa seccionada	""	""
3007	2020-07-31T00:00:00	08:48:00	COM VÍTIMA	FINALIZADA	IPSEP	RUA JEAN EMILE FAVRE	""	RUA ARACATUBA	EM FRENTE A PRAÇA DA MAURICEA	IPSEP		CIDADE	ABALROAMENTO LONGITUDINAL	ENTRE DUAS MOTOS -COM UMA VITIMA -SAMU NO LOCAL/CTTU NO LOCAL -BATEDOR FONTENELE		2								1		Cruzamento	Chuvoso	Não existe	Ilegível	Molhada	Perfeito estado	Não existe	Placas Pare	60 km/h	""	Não existe	""	""
3008	2020-07-31T00:00:00	14:03:00	COM VÍTIMA	FINALIZADA	SANTO ANTÔNIO	RUA DO SOL	""	AV GUARARAPES	EM FRENTE A PONTE DUARTE COELHO	SANTO ANTÔNIO	14	""	ABALROAMENTO LONGITUDINAL	ONIBUS E CAMINHONETE	1					1				1		Cruzamento	Bom	Sem defeito	Perfeito estado	Seca	Perfeito estado	Outros	Outras	""	Dupla	Faixa contínua	Faixa seccionada	Canteiro central
3009	2020-07-31T00:00:00	15:16:00	COM VÍTIMA	FINALIZADA	BOA VIAGEM	RUA PADRE CARAPUCEIRO	777	""	NO ESTACIONAMENTO INTERNO DO SHOPPING RECIFE- ENTRADA 5 PROX A C&A.	BOA VIAGEM		""	CHOQUE OBJETO FIXO	O MOTORISTA BATEU EM UMA ARVORE E O CARRO CAPOTOU	1									1		Longo da via	Bom	Não existe	Perfeito estado	Seca	Perfeito estado	Não existe	R-5b	20 km/h	Dupla	Canteiro central	""	""
3010	2020-07-31T00:00:00	18:02:00	COM VÍTIMA	FINALIZADA	CASA AMARELA	EST DO ARRAIAL	3765	""	PROX AO BANCO DO BRADESCO. PRÓXIMO AO CRUZAMENTO COM A RUA PAULA BATISTA.	CASA AMARELA	283	SUBURBIO	ABALROAMENTO LONGITUDINAL	COLISAO ENTRE AUTO E MOTO.	1	1								2		Longo da via	Bom	Sem defeito	Perfeito estado	Seca	Perfeito estado	Faixa de pedestre	R-3	""	Única	Faixa contínua	Faixa seccionada	""
3011	2020-07-31T00:00:00	18:14:00	COM VÍTIMA	FINALIZADA	BOA VISTA	AV CONDE DA BOA VISTA	""	RUA DOM BOSCO	""	BOA VISTA	27	SUBURBIO	ABALROAMENTO LONGITUDINAL	COLISAO ENTRE DUAS MOTOS		2								1		Cruzamento	Bom	Sem defeito	Perfeito estado	Seca	Perfeito estado	Não existe	Não há placas	""	Dupla	Canteiro central	""	""
3012	2020-08-01T00:00:00	13:59:00	COM VÍTIMA	CANCELADA	SANTO AMARO	AV DR JAYME DA FONTE	""	""	EM FRENTE AO CAMPO DO ONZE	SANTO AMARO		""	COLISÃO	COLISÃO COM VÍTIMA ENTRE AUTO E MOTO	1	1								1		""	""	""	""	""	""	""	""	""	""	""	""	""
3013	2020-08-01T00:00:00	18:34:00	COM VÍTIMA	FINALIZADA	CASA AMARELA	AV NORTE	5956	""	PRÓX AO DESCONTÃO / E/F A IGREJA ADVENTISTA ---- **VT 13 NO LOCAL**	CASA AMARELA		CIDADE	COLISÃO TRASEIRA	ENTRE 2 MOTOS. C/V		2								1		Longo da via	Chuvoso	Não existe	Perfeito estado	Molhada	Perfeito estado	Não existe	Não há placas	60 km/h	Única	Faixa seccionada	""	""
3014	2020-08-02T00:00:00	00:30:00	SEM VÍTIMA	FINALIZADA	BOA VIAGEM	RUA GENERAL AMERICANO FREIRE	528	""	""	BOA VIAGEM		SUBURBIO	CHOQUE VEÍCULO PARADO	COLISÃO SEM VITIMA	3									0		Longo da via	Bom	Não existe	""	Seca	Perfeito estado	Não existe	""	""	Única	Não existe	""	""
3015	2020-08-02T00:00:00	00:40:00	COM VÍTIMA	FINALIZADA	CAMPO GRANDE	RUA JERONIMO VILELA	40A	EST DE BELEM	COM A ESTRADA DE BELÉM	CAMPO GRANDE	26	SUBURBIO	ABALROAMENTO TRANSVERSAL	COLISÃO AUTO X MOTO	1	1								1		Cruzamento	Bom	Sem defeito	Ilegível	Molhada	Mal iluminada	Faixa de pedestre	Não há placas	""	Dupla	Faixa seccionada	""	""
3016	2020-08-02T00:00:00	06:58:00	SEM VÍTIMA	CANCELADA	COHAB	RUA EXP FRANCISCO VITORIANO	122	RUA ESTEVAO DE ARAUJO	AO LADO DO LAVA JATO LOVE LOUCOS	COHAB		""	CHOQUE OBJETO FIXO	CHOQUE SEM VITIMAS /CONDUTOR SE EVADIU/VEÍCULO CAPOTADO NO MEIO DA VIA	1									0		""	""	""	""	""	""	""	""	""	""	""	""	""
3017	2020-08-02T00:00:00	07:14:00	COM VÍTIMA	FINALIZADA	MONTEIRO	AV DEZESSETE DE AGOSTO	50	""	PRAÇA DO MONTEIRO	MONTEIRO		SUBURBIO	ABALROAMENTO TRANSVERSAL	CAMINHONETE E AUTO PASSEIO.	2									1		Longo da via	Bom	Não existe	Perfeito estado	Seca	Perfeito estado	Não existe	Outras	""	Dupla	""	""	""
3018	2020-08-02T00:00:00	09:16:00	COM VÍTIMA	FINALIZADA	ÁGUA FRIA	RUA ALEGRE	206	RUA ZEFERINO AGRA	PRÓXIMO À DELEGACIA DE ÁGUA FRIA.	ÁGUA FRIA		SUBURBIO	COLISÃO TRASEIRA	COLISÃO COM VÍTIMA E O VEÍCULO SE EVADIU	1	1								1		Longo da via	Bom	Sem defeito	Perfeito estado	Seca	Perfeito estado	Faixa de pedestre	""	""	Única	Faixa seccionada	""	""
3019	2020-08-02T00:00:00	14:34:00	COM VÍTIMA	FINALIZADA	BOA VIAGEM	RUA SA E SOUZA	""	RUA PADRE CABRAL	LABORATORIO GILSON CIDRIM	BOA VIAGEM		""	ABALROAMENTO LONGITUDINAL	AUTO E MOTO	1	1								1		Esquina	Bom	Não existe	Perfeito estado	Seca	Perfeito estado	Não existe	R-6a	30 km/h	Dupla	Faixa contínua	Faixa seccionada	""
3020	2020-08-02T00:00:00	14:38:00	COM VÍTIMA	FINALIZADA	AFOGADOS	RUA SAO MIGUEL	1816	""	RENASCER DISTRIBUIDORA	AFOGADOS	425	SUBURBIO	CHOQUE OBJETO FIXO	VEÍCULO CHOCOU-SE COM O POSTE DO SEMÁFORO DE NÚMERO 425..	1									1		Longo da via	Chuvoso	""	Incompleta	Seca	Perfeito estado	Faixa de pedestre	Outras	""	Dupla	Faixa contínua	""	""
3021	2020-08-03T00:00:00	07:50:00	COM VÍTIMA	FINALIZADA	GRAÇAS	AV GOVERNADOR AGAMENON MAGALHAES	""	AV RUI BARBOSA	EM FRENTE AO TRIBUNAL REGIONAL ELEITORAL PE	GRAÇAS	37	BOA VIAGEM	ABALROAMENTO TRANSVERSAL	COLISÃO COM VITIMA GM  EVANDRO RAMOS QTH	1	1								1		Cruzamento	Bom	Sem defeito	Perfeito estado	Seca	Perfeito estado	Agente	Outras	60 km/h	Dupla	Canteiro central	""	""
3022	2020-08-03T00:00:00	13:27:00	SEM VÍTIMA	CANCELADA	IPSEP	1PT DA BOMBA DO HEMETERIO	106	""	EM FRENTE AO NUMERO 106	IPSEP		SUBURBIO	COLISÃO	VEICULO COLIDIU COM CARRO DA CELPE	2									0		""	""	""	""	""	""	""	""	""	""	""	""	""
3023	2020-08-03T00:00:00	16:02:00	COM VÍTIMA	FINALIZADA	SÃO JOSÉ	AV SUL	""	""	NA ENTRADA DO CAIS SANTA RITA- EM FRENTE AO AGEMAR.	SÃO JOSÉ	76	CIDADE	COLISÃO TRASEIRA	ENCAVETAMENTO DE 3 ONIBUS						3				4		Longo da via	Bom	Sem defeito	Perfeito estado	Seca	Perfeito estado	Outros	Outras	""	Dupla	""	""	""
3024	2020-08-03T00:00:00	19:19:00	SEM VÍTIMA	FINALIZADA	AFOGADOS	AV SUL	""	""	PRÓXIMO À PONTE DE ADOGADOS - SENTIDO CIDADE	AFOGADOS		""	CAPOTAMENTO	(PROPRIETARIO: JOAQUIM DE ALMEIDA PINTO)										0		""	""	""	""	""	""	""	""	""	""	""	""	""
3025	2020-08-03T00:00:00	22:07:00	COM VÍTIMA	FINALIZADA	TAMARINEIRA	EST DO ARRAIAL	2385	""	APOS O POSTO IPIRANGA	TAMARINEIRA		SUBURBIO	ABALROAMENTO TRANSVERSAL	MOTO X AUTO	1	1								1		Longo da via	Bom	Não existe	Perfeito estado	Seca	Perfeito estado	Não existe	Não há placas	""	Única	Faixa seccionada	""	""
3026	2020-08-04T00:00:00	06:45:00	COM VÍTIMA	FINALIZADA	PASSARINHO	RUA CORONEL PILAR	313A	""	PROX AO CAMPO DE FUTEBOL DE PASSARINHO- LADO OPOSTO A COMPRA DE SUCATAS.	PASSARINHO		""	COLISÃO FRONTAL	COLISAO SEM VITIMAS ENVOLVENDO VIATURA DA POLICIA MILITAR	1						1			1		Longo da via	Bom	Não existe	Não existente	Seca	""	Não existe	Não há placas	""	Dupla	Não existe	""	""
3027	2020-08-04T00:00:00	08:17:00	COM VÍTIMA	FINALIZADA	ESTÂNCIA	AV RECIFE	5583	""	EM FRENTE AO POSTO BR- PROX A ENTRADA DE SAN MARTIM	ESTÂNCIA		""	COLISÃO TRASEIRA	COLISAO C VITIMA- ENVOLVENDO AUTO E MOTO	1	1								1		Longo da via	Bom	Não existe	Não existente	Seca	Perfeito estado	""	Não há placas	60 km/h	Única	Canteiro central	""	""
3028	2020-08-04T00:00:00	20:21:00	COM VÍTIMA	FINALIZADA	IBURA	RUA RIO XINGU	273	""	E/F A CASA DO HAMBURGUER. EM FRENTE AO LAVA JATO.	IBURA		CIDADE	COLISÃO FRONTAL	COLISAO COM VITIMAS	1	1								1		Longo da via	Bom	Não existe	Não existente	Seca	Perfeito estado	Não existe	R-19	30 km/h	Dupla	Faixa seccionada	""	""
3029	2020-08-05T00:00:00	05:14:00	SEM VÍTIMA	FINALIZADA	BOA VISTA	RUA AURORA	""	RUA DO RIACHUELO	""	BOA VISTA	579	""	COLISÃO	VEÍCULO OFICIAL	1					1				0		""	""	""	""	""	""	""	""	""	""	""	""	""
3030	2020-08-05T00:00:00	08:13:00	COM VÍTIMA	FINALIZADA	ARRUDA	RUA DAS MOCAS	1271	""	RESIDENCIA PROX  A PIZZARIA ATLANTICO	ARRUDA		CIDADE	COLISÃO	COLISÃO COM VITIMA SOCORRIDA PELO SAMU	1	1								2		Longo da via	Bom	Não existe	Não existente	Seca	Perfeito estado	Não existe	Não há placas	""	Dupla	Faixa seccionada	""	""
3031	2020-08-05T00:00:00	10:33:00	COM VÍTIMA	FINALIZADA	CASA AMARELA	RUA DO MARQUES	""	EST DO ENCANAMENTO	PROX. A ESCOLA ESTADUAL JOSE VILELA	CASA AMARELA	462	CIDADE	COLISÃO FRONTAL	AUTO E MOTO C/V VT-11 NO LOCAL GM EDER	1	1								2		Cruzamento	Bom	Com defeito	Perfeito estado	Seca	Perfeito estado	Faixa de pedestre	""	60 km/h	""	""	""	""
3032	2020-08-05T00:00:00	11:45:00	COM VÍTIMA	FINALIZADA	MADALENA	RUA BENFICA	411	RUA EUCLIDES DA CUNHA	SEMAFORO 590	MADALENA	590	CIDADE	TOMBAMENTO	ACID. PERCURSO MOTO C/V		1								1		Cruzamento	Bom	Sem defeito	Perfeito estado	Seca	Perfeito estado	Faixa de pedestre	""	60 km/h	Única	""	""	""
3033	2020-08-05T00:00:00	13:51:00	COM VÍTIMA	FINALIZADA	ARRUDA	AV PROFESSOR JOSE DOS ANJOS	""	""	EM FRENTE AO PAI DO ARRUDA- POR TRAS DO CAMPO DO ARRUDA	ARRUDA		SUBURBIO	COLISÃO TRASEIRA	COLISÃO MOTO E CARRO	1	1								1		Longo da via	Bom	Não existe	Perfeito estado	Seca	Perfeito estado	Não existe	Outras	40 km/h	Única	Faixa seccionada	""	""
3034	2020-08-05T00:00:00	17:48:00	COM VÍTIMA	CANCELADA	DOIS UNIDOS	RUA SAO JOSE	""	RUA BEIRA RIO	NA DESCIDA DA ACADEMIA DE MARCO	DOIS UNIDOS		""	COLISÃO	MOTO COLIDIU COM O CARRO	1	1								1		""	""	""	""	""	""	""	""	""	""	""	""	""
3035	2020-08-05T00:00:00	18:17:00	COM VÍTIMA	FINALIZADA	CORDEIRO	AV CAXANGA	2811	""	CANAL DO CAVOUCO. EM FRENTE AO RESTAURANTE MASSARELA.	CORDEIRO		CIDADE	COLISÃO COM CICLISTA	MOTO E BICICLETA.		1		1						1		Longo da via	Bom	Sem defeito	Perfeito estado	Seca	Perfeito estado	""	""	""	Dupla	Faixa contínua	Faixa seccionada	Canteiro central
3036	2020-08-05T00:00:00	18:45:00	COM VÍTIMA	FINALIZADA	CASA FORTE	AV FLOR DE SANTANA	48	AV DEZESSETE DE AGOSTO	ENF. A BURGE KING. LADO OPOSTO AO NÚMERO INFORMADO.	CASA FORTE		PARNAMIRIM	ABALROAMENTO TRANSVERSAL	ECOSPORT X MOTO	1	1								1		Longo da via	Bom	Não existe	Ilegível	Seca	Perfeito estado	Não existe	Outras	""	Dupla	""	""	""
3037	2020-08-05T00:00:00	19:13:00	COM VÍTIMA	CANCELADA	ROSARINHO	RUA COUTO MAGALHAES	146	""	PRÓX A ANTIGA PADARIA DO INDIO E PRC SANTOS DUMONT	ROSARINHO		""	COLISÃO	ENTRE AUTO E MOTO. C/V	1	1								1		""	""	""	""	""	""	""	""	""	""	""	""	""
3038	2020-08-05T00:00:00	19:35:00	COM VÍTIMA	FINALIZADA	TORRE	RUA JOSE BONIFACIO	""	""	LADO OPOSTO AO CARREFOUR.	TORRE		SUBURBIO	COLISÃO TRASEIRA	ENTRE 2 AUTOS E UMA MOTO. C/V	2	1								1		Longo da via	Bom	Não existe	Não existente	Seca	Perfeito estado	Não existe	Não há placas	""	Dupla	Canteiro central	""	""
3039	2020-08-06T00:00:00	13:05:00	COM VÍTIMA	FINALIZADA	IMBIRIBEIRA	AV MARECHAL MASCARENHAS DE MORAES	""	""	LADO OPOSTO A INFRAERO CARGO	IMBIRIBEIRA		SUBURBIO	ATROPELAMENTO	""	1				1					1		""	""	""	""	""	""	""	""	""	""	""	""	""
3040	2020-08-06T00:00:00	07:34:00	COM VÍTIMA	FINALIZADA	CASA AMARELA	RUA DES GOIS CAVALCANTE	154	EST DO ARRAIAL	EM FRENTE AO HOSPITAL AGAMENON MAGALHAES	CASA AMARELA		SUBURBIO	ABALROAMENTO LONGITUDINAL	MOTO E AUTO	1	1								1		Longo da via	Bom	Não existe	Perfeito estado	Seca	Perfeito estado	Não existe	Outras	""	Única	Faixa seccionada	""	""
3041	2020-08-06T00:00:00	09:56:00	COM VÍTIMA	FINALIZADA	GRAÇAS	RUA JOAO RAMOS	50	RUA BRUNO MAIA	E/F AO EMPRESARIAL MANGUINHOS	GRAÇAS		SUBURBIO	ABALROAMENTO TRANSVERSAL	COLISÃO C/VITIMA ENTRE UM AUTO E UMA MOTO	1	1								2		Cruzamento	Bom	Não existe	Perfeito estado	Seca	Perfeito estado	Faixa de pedestre	Placas Pare	""	Única	Não existe	""	""
3042	2020-08-06T00:00:00	12:29:00	VÍTIMA FATAL	FINALIZADA	CAMPO GRANDE	AV CORREIA DE BRITO	699	AV PROFESSOR JOSE DOS ANJOS	SENTIDO CENTRO DE CONVENÇÕES/SOBRE A PONTE MANOEL DE BRITO.	CAMPO GRANDE	563	CIDADE	COLISÃO COM CICLISTA	VÍTIMA XX CRIANÇA COM Y ANOS( FALECEU NO LOCAL)- A AVÓ CONDUZIA A BICICLETA				1			1				1	Ponte	Bom	Sem defeito	Perfeito estado	Seca	Perfeito estado	Não existe	Não há placas	""	Dupla	Faixa contínua	""	""
3043	2020-08-06T00:00:00	17:51:00	COM VÍTIMA	FINALIZADA	JORDÃO	AV MARIA IRENE	500	""	EM FRENTE A CAPELA SÃO JOÃO BATISTA	JORDÃO		SUBURBIO	ABALROAMENTO LONGITUDINAL	COM UMA VITIMA AGUARDADNDO SAMU	1	1								1		Longo da via	Bom	Não existe	Perfeito estado	Seca	Perfeito estado	Não existe	Não há placas	""	Dupla	Faixa contínua	""	""
3044	2020-08-06T00:00:00	21:50:00	SEM VÍTIMA	CANCELADA	BARRO	RUA DOROTHEA VIEIRA	87	RUA DOM ANTONIO VICOSO	PRÓX AO COLÉGIO IMACULADA CONCEIÇÃO // EDF DIRCEU BARCELAR	BARRO		""	CHOQUE	VEÍCULO CHOCOU-SE CONTRA O MURO DO EDIFÍCIO	1									0		""	""	""	""	""	""	""	""	""	""	""	""	""
3045	2020-08-06T00:00:00	23:43:00	SEM VÍTIMA	FINALIZADA	BOA VIAGEM	AV CONSELHEIRO AGUIAR	""	RUA BRUNO VELOSO	BANCA DE REVISTA	BOA VIAGEM	146	CIDADE	COLISÃO TRASEIRA	UM DOS CONDUTORES COM SINTOMA DE EMBRIAGUES	2									0		Longo da via	Bom	Sem defeito	Perfeito estado	Seca	Perfeito estado	Faixa de pedestre	R-6a	60 km/h	Única	Não existe	""	""
3046	2020-08-07T00:00:00	06:23:00	COM VÍTIMA	FINALIZADA	BOA VIAGEM	AV MARECHAL JUAREZ TAVORA	""	RUA JOAO CARDOSO AIRES	""	BOA VIAGEM	478	""	ABALROAMENTO TRANSVERSAL	COLISÃO ENTRE ÔNIBUS E VEÍCULO (VT DO PATRIMÔNIO)						1		1		1		Longo da via	Bom	Sem defeito	Perfeito estado	Seca	Perfeito estado	Faixa de pedestre	Não há placas	30 km/h	Única	Não existe	""	""
3047	2020-08-07T00:00:00	08:33:00	COM VÍTIMA	FINALIZADA	PINA	AV ANTONIO DE GOES	""	""	SAÍDA DO TÚNEL. EM FRENTE AO EMPRESARIAL JOPIM.	PINA	103	CIDADE	COLISÃO FRONTAL	COLISÃO DOIS AUTOS E UMA MOTO	2	1								1		Cruzamento	Bom	Sem defeito	Perfeito estado	Seca	Perfeito estado	Agente	Não há placas	60 km/h	Única	Faixa seccionada	""	""
3048	2020-08-07T00:00:00	13:07:00	COM VÍTIMA	FINALIZADA	SANCHO	AV LIBERDADE	""	""	EM FRENTE AO CIMITERIO PARQUE DAS FLORES E PONTO DE ÔNIBUS DE Nº 070013	SANCHO		SUBURBIO	ATROPELAMENTO	CONDUTOR DO VEICULO INFORMA QUE A PESSOA ESTAVA ATAVESSANDO A RUA E NO MEU DO CAMINHO VOLTOU E NÃO DEU TEMPO DE FREIAR	1				1					1		Longo da via	Bom	Não existe	Perfeito estado	Seca	Perfeito estado	Não existe	Não há placas	""	Dupla	Faixa contínua	""	""
3049	2020-08-07T00:00:00	14:53:00	COM VÍTIMA	FINALIZADA	BOA VISTA	AV VISCONDE DE SUASSUNA	775	RUA GOUVEIA DE BARROS	EID	BOA VISTA		CIDADE	ABALROAMENTO TRANSVERSAL	COLISÃO ENVOLVENDO A VT (MOTO) DO INSPETOR NOBRE.	1							1		1		Longo da via	Bom	Não existe	Perfeito estado	Seca	Perfeito estado	""	Não há placas	""	Única	Faixa seccionada	""	""
3050	2020-08-07T00:00:00	18:00:00	COM VÍTIMA	FINALIZADA	ILHA DO RETIRO	RUA JOAO ELISIO RAMOS	140	RUA DR JOAO MARQUES	""	ILHA DO RETIRO		CIDADE	COLISÃO COM CICLISTA	COLISÃO COM VITIMA- REPASSADO PELO INSP ALMIR	1			1						1		Esquina	Bom	Não existe	Perfeito estado	Seca	Perfeito estado	Não existe	Placas Pare	30 km/h	Dupla	Não existe	""	""
3051	2020-08-07T00:00:00	18:07:00	SEM VÍTIMA	CANCELADA	IPSEP	RUA BLUMENAU	494	RUA ITANAGE	PROX A ODONTO UP	IPSEP	111	""	COLISÃO	MOTO DA POLICIA X GOL	1	1								0		""	""	""	""	""	""	""	""	""	""	""	""	""
3052	2020-08-07T00:00:00	19:55:00	COM VÍTIMA	FINALIZADA	SANTO AMARO	AV GOVERNADOR AGAMENON MAGALHAES	""	""	ENF. A UPE // SENTIDO OLINDA VIA PRINCIPAL	SANTO AMARO	465	SUBURBIO	ABALROAMENTO LONGITUDINAL	HB 20 X MOTO	1	1								2		Longo da via	Chuvoso	Sem defeito	Incompleta	Molhada	Mal conservada	Faixa de pedestre	R-19	60 km/h	Dupla	Canal	""	""
3053	2020-08-07T00:00:00	21:58:00	COM VÍTIMA	FINALIZADA	AREIAS	RUA DR GIL RODRIGUES DOS SANTOS	10	""	PROX AO TERMINAL DO ONIBUS VILA TAMANDARE	AREIAS		SUBURBIO	ABALROAMENTO LONGITUDINAL	MOTO X FIAT ESTRADA   OBS : VT DA POLICIA MILITAR NO LOCAL	1	1								1		Longo da via	Chuvoso	Não existe	Perfeito estado	Molhada	Perfeito estado	Não existe	Não há placas	""	Dupla	Não existe	""	""