_id	data	hora	natureza_acidente	situacao	bairro	endereco	numero	detalhe_endereco_acidente	complemento	bairro_cruzamento	num_semaforo	sentido_via	tipo	descricao	auto	moto	ciclom	ciclista	pedestre	onibus	caminhao	viatura	outros	vitimas	vitimasfatais	acidente_verificado	tempo_clima	situacao_semaforo	sinalizacao	condicao_via	conservacao_via	ponto_controle	situacao_placa	velocidade_max_via	mao_direcao	divisao_via1	divisao_via2	divisao_via3
3116	2020-08-20T00:00:00	07:24:00	COM VÍTIMA	FINALIZADA	CASA AMARELA	RUA DA ESTRELA	183	RUA ASTRONAUTA NEIL ARMSTRONG	""	CASA AMARELA		SUBURBIO	ABALROAMENTO TRANSVERSAL	AUTO E MOTO.	1	1								1		Longo da via	Bom	Não existe	Incompleta	Seca	Perfeito estado	Não existe	Não há placas	""	Dupla	Não existe	""	""
3117	2020-08-20T00:00:00	08:08:00	COM VÍTIMA	FINALIZADA	BOA VISTA	RUA PRINCESA IZABEL	""	RUA DA AURORA	SECRETARIA DE DEFESA SOCIAL. POLÍCIA CIVIL DE PERNAMBUCO.	BOA VISTA	22	SUBURBIO	ABALROAMENTO LONGITUDINAL	COLISÃO ENTRE DOIS AUTOS E UMA MOTO.	2	1								1		Cruzamento	Bom	Sem defeito	Perfeito estado	Seca	Perfeito estado	Agente	Não há placas	""	Única	Não existe	""	""
3118	2020-08-20T00:00:00	11:15:00	COM VÍTIMA	FINALIZADA	ALTO JOSÉ DO PINHO	COR DO BARTOLOMEU	124	""	LADO OPOSTO A PADARIA ANDRÉA	ALTO JOSÉ DO PINHO		CIDADE	ATROPELAMENTO	ATROPELAMENTO / VITIMA SOCORRIDA PELO SAMU		1			1					1		Longo da via	Bom	Não existe	Incompleta	Seca	Mal conservada	Não existe	Não há placas	""	Dupla	Faixa seccionada	""	""
3119	2020-08-20T00:00:00	11:57:00	COM VÍTIMA	FINALIZADA	IBURA	RUA PINTOR AGENOR DE ALBUQUERQUE CESAR	369	""	PROX AO SESI DO BARRO	IBURA		""	COLISÃO	MOTO E AUTO	1	1								1		""	""	""	""	""	""	""	""	""	""	""	""	""
3120	2020-08-20T00:00:00	12:33:00	COM VÍTIMA	FINALIZADA	BOA VIAGEM	AV ENGENHEIRO DOMINGOS FERREIRA	""	RUA ARTUR MUNIZ	PROX A O EXTRA. EM FRENTE AO CERPE DIAGNÓSTICO.	BOA VIAGEM	380	SUBURBIO	ABALROAMENTO TRANSVERSAL	COLISÃO CARRO E MOTO	1	1								1		Cruzamento	Bom	Sem defeito	Perfeito estado	Seca	Perfeito estado	Faixa de pedestre	""	60 km/h	Única	Canteiro central	""	""
3121	2020-08-20T00:00:00	15:20:00	COM VÍTIMA	FINALIZADA	CAXANGÁ	RUA RIBEIRO PESSOA	931	""	PROX UPA DA CAXANGA E HOTEL TURQUESA.	CAXANGÁ		""	ABALROAMENTO LONGITUDINAL	COLISÃO 3 VEICULOS / VT15 NO LOCAL ANANIAS E RAMALHO	2						1			1		Longo da via	Bom	Não existe	Incompleta	Seca	Mal conservada	Não existe	Outras	""	Dupla	Faixa seccionada	""	""
3122	2020-08-20T00:00:00	17:01:00	SEM VÍTIMA	FINALIZADA	VASCO DA GAMA	RUA VASCO DA GAMA	464	""	EM FRENTE A IGREJA CATOLICA	VASCO DA GAMA		SUBURBIO	COLISÃO	VT 08 NO LOCAL / COLISÃO CARRO X CARRO	2									0		Longo da via	Bom	Não existe	Não existente	Seca	Perfeito estado	Agente	R-6a	30 km/h	Dupla	Não existe	""	""
3123	2020-08-21T00:00:00	01:03:00	COM VÍTIMA	CANCELADA	BOA VIAGEM	AV CONSELHEIRO AGUIAR	""	RUA ARTUR MUNIZ	PRÓXIMO A MAC'DONALDS	BOA VIAGEM		CIDADE	COLISÃO	COLISÃO COM VÍTIMA										1		""	""	""	""	""	""	""	""	""	""	""	""	""
3124	2020-08-21T00:00:00	07:08:00	COM VÍTIMA	FINALIZADA	BOA VIAGEM	RUA PROFESSOR JOAO MEDEIROS	""	RUA RIBEIRO DE BRITO	EM FRENTE AO RESTAURANTE MISTER FIT	BOA VIAGEM	332	CIDADE	ABALROAMENTO TRANSVERSAL	AUTO E MOTO BATEDORES NO LOCAL GM´S ANDRE E DECIO	1	1								1		Cruzamento	Chuvoso	Com defeito	Perfeito estado	Molhada	Perfeito estado	Faixa de pedestre	Outras	""	Única	Faixa	""	""
3125	2020-08-21T00:00:00	09:10:00	COM VÍTIMA	FINALIZADA	BONGI	AV ENGENHEIRO ABDIAS DE CARVALHO	""	""	LADO OPOSTO AO ARENA DO CAMARÃO. EM FRENTE A CHESF.	BONGI		CIDADE	COLISÃO TRASEIRA	COLISÃO COM VITIMA ENTRE DOIS AUTOS.	2									1		Longo da via	Bom	Não existe	Perfeito estado	Seca	Perfeito estado	Não existe	R-6a	60 km/h	Dupla	Faixa seccionada	Canteiro central	""
3126	2020-08-21T00:00:00	13:22:00	COM VÍTIMA	FINALIZADA	TAMARINEIRA	RUA JUNDIA	""	RUA IBIAPABA	EM FRENTE A FERREIRA COSTA	TAMARINEIRA		""	ABALROAMENTO TRANSVERSAL	COLISÃO COM VITIMA	1	1								1		Cruzamento	Bom	Não existe	Perfeito estado	Seca	Perfeito estado	Não existe	Placas Pare	""	Dupla	Não existe	""	""
3127	2020-08-21T00:00:00	19:44:00	COM VÍTIMA	FINALIZADA	TORRE	RUA LEONARDO BEZERRA CAVALCANTE	340	""	ENF. AO EDF PORTAL DE CAPIBARIBE E MUSEU MIRILO LAGREGA.	TORRE		CIDADE	ABALROAMENTO TRANSVERSAL	AUTO E MOTO OBS: VT 25 DA CTTU ESTA NO LOCAL	1	1								1		Longo da via	Bom	Não existe	Perfeito estado	Seca	Perfeito estado	Não existe	Não há placas	""	Dupla	Faixa contínua	""	""
3128	2020-08-22T00:00:00	04:25:00	COM VÍTIMA	FINALIZADA	BOA VIAGEM	AVENIDA CELSO FURTADO (VIA MANGUE)	""	""	PRÓXIMO AO BOMPREÇO - SENTIDO BOA VIAGEM	BOA VIAGEM		""	ACID. DE PERCURSO	MOTOCICLISTA PERDEU O CONTROLE DA MOTOCICLETA E CAIU NA VIA. A MOTOCICLETA ESTÁ ABANDONADA NA VIA GERANDO RISCO DE NOVO ACIDENTE										1		""	""	""	""	""	""	""	""	""	""	""	""	""
3129	2020-08-22T00:00:00	08:19:00	COM VÍTIMA	FINALIZADA	IMBIRIBEIRA	RUA ARQUITETO LUIZ NUNES	1113	""	EM FRENTE A IGREJA DOS MORMOS / PROX AO RESIDENCIAL PINHEIROS	IMBIRIBEIRA		CIDADE	ABALROAMENTO TRANSVERSAL	AUTO E MOTO	1	1								1		Longo da via	Bom	Sem defeito	Perfeito estado	Seca	Perfeito estado	Não existe	Outras	""	Dupla	Faixa contínua	""	""
3130	2020-08-22T00:00:00	11:21:00	COM VÍTIMA	FINALIZADA	BEBERIBE	AV BEBERIBE	""	""	EM FRENTE AO ESTADIO DO ARRUDA E PROX AO ARMAZEM CORAL	BEBERIBE		SUBURBIO	ABALROAMENTO TRANSVERSAL	MOTO E AUTO	1	1								1		Longo da via	Bom	Não existe	Perfeito estado	Seca	Perfeito estado	""	R-6a	""	Dupla	Faixa contínua	""	""
3131	2020-08-22T00:00:00	13:28:00	COM VÍTIMA	FINALIZADA	PRADO	AV ENGENHEIRO ABDIAS DE CARVALHO	""	RUA SANTA EDWIRGES	NO CRUZAMENTO DO SEMAFO 354	PRADO	354	CIDADE	ABALROAMENTO LONGITUDINAL	COLISÃO MOTO E CARRO / VT 08 LOCAL	1	1								1		Cruzamento	Bom	Sem defeito	Perfeito estado	Seca	Perfeito estado	Faixa de pedestre	Outras	""	Dupla	Canteiro central	""	""
3132	2020-08-22T00:00:00	13:30:00	COM VÍTIMA	FINALIZADA	BOA VIAGEM	VIADUTO TANCREDO NEVES	""	""	EM CIMA DO VIADUTO TANCREDO NEVES. NA ALÇA DO ATACADÃO.	BOA VIAGEM		SUBURBIO	CHOQUE OBJETO FIXO	COLISÃO MOTO E CARRO / O CONDUTOR DO CARRO EVADIU-SE DO LOCAL.	1	1								1		Longo da via	Bom	Não existe	Incompleta	Seca	Perfeito estado	Não existe	Não há placas	""	Única	Canteiro central	""	""
3133	2020-08-22T00:00:00	17:25:00	COM VÍTIMA	FINALIZADA	IBURA	RUA EXP FRANCISCO VITORIANO	83A	RUA POETA MARIO DE ALENCAR	DEPOIS DO MERCADINHO QUE ECONOMIA	IBURA		SUBURBIO	ATROPELAMENTO	USUARIO INFORMA QUE VEICULO VEIO DESCENDO A LADEIRA E PERDEU O CONTROLE E BATEU NA PORTA DO SALÃO DUAS IRMÃ E ATROPELOU A PESSOA	1				5					5		Cruzamento	Chuvoso	Não existe	Incompleta	Molhada	Mal conservada	Não existe	Não há placas	30 km/h	Dupla	Não existe	""	""
3134	2020-08-22T00:00:00	17:50:00	SEM VÍTIMA	FINALIZADA	BOA VISTA	AV CONDE DA BOA VISTA	""	""	EM FRENTE AO SEMÁFORO Nº 025	BOA VISTA		""	ABALROAMENTO TRANSVERSAL	COLISÃO NA VT 24 - PYA 2256	2									0		Longo da via	Chuvoso	Sem defeito	Perfeito estado	Molhada	Perfeito estado	Não existe	Não há placas	""	Dupla	Canteiro central	""	""
3135	2020-08-23T00:00:00	03:20:00	COM VÍTIMA	FINALIZADA	BOA VIAGEM	AV CONSELHEIRO AGUIAR	""	RUA SEVERINO BERNARDINO PEREIRA	""	BOA VIAGEM	125	CIDADE	ABALROAMENTO TRANSVERSAL	AUTO E MOTO.	1	1								1		Cruzamento	Bom	Sem defeito	Perfeito estado	Seca	Perfeito estado	Faixa de pedestre	Outras	""	Única	Faixa seccionada	""	""
3136	2020-08-23T00:00:00	08:00:00	SEM VÍTIMA	CANCELADA	ESPINHEIRO	RUA MARQUES DO PARANA	150	""	EM FRENTE AO EDIFICIO SOLAR DO ESPINHEIRO	ESPINHEIRO		""	COLISÃO	COLISÃO SEM VITIMAS	1	1								0		""	""	""	""	""	""	""	""	""	""	""	""	""
3137	2020-08-23T00:00:00	10:39:00	SEM VÍTIMA	FINALIZADA	IBURA	AV CHAPADA DO ARARIPE	57	""	EM FRENTE AO Nº 57	IBURA		""	COLISÃO FRONTAL	COLISÃO COM VEICULO OFICIAL- VIATURA PM	2									0		Longo da via	Bom	Não existe	Não existente	Seca	Perfeito estado	Não existe	Não há placas	""	Dupla	Não existe	""	""
3138	2020-08-23T00:00:00	13:41:00	COM VÍTIMA	FINALIZADA	IMBIRIBEIRA	AV PRESIDENTE DUTRA	""	""	NA SUBIDA DO VIADUTO TANCREDO NEVES S/T CEASA.	IMBIRIBEIRA		CEASA	ABALROAMENTO LONGITUDINAL	COLISAO ENTRE AUTO E MOTO COM UMA VITIMA VT 02 NO LOCAL. AUTO EVADIU-SE DO LOCAL.		1								1		Longo da via	Bom	Não existe	Ilegível	Seca	Perfeito estado	Não existe	Não há placas	""	Dupla	Blocos	""	""
3139	2020-08-23T00:00:00	14:57:00	COM VÍTIMA	FINALIZADA	BOA VIAGEM	RUA CAMBOIM	210	RUA DEZ DE JULHO	EM FRENTE A MAISON CHRISTAL RECEPÇÕES	BOA VIAGEM		CIDADE	ABALROAMENTO TRANSVERSAL	COLISÃO COM VÍTIMA	2									1		Cruzamento	Bom	Não existe	Perfeito estado	Seca	Perfeito estado	Não existe	Placas Pare	""	Única	Faixa seccionada	""	""
3140	2020-08-23T00:00:00	18:38:00	SEM VÍTIMA	CANCELADA	TORRÕES	RUA CARLOS GOMES	""	RUA DO FORTE	PROX A LOJA DE BOMBA HIDROVITAL	TORRÕES		""	COLISÃO	DOIS AUTO OBS: SUSPEITA DE EMBRIAGUEZ	2									0		""	""	""	""	""	""	""	""	""	""	""	""	""
3141	2020-08-23T00:00:00	19:39:00	SEM VÍTIMA	FINALIZADA	ESPINHEIRO	AV CONS ROSA E SILVA	431	""	""	ESPINHEIRO		SUBURBIO	CHOQUE OBJETO FIXO	AUTO X POSTE . S/V	1									0		Longo da via	Bom	Não existe	Perfeito estado	Seca	Perfeito estado	Não existe	""	""	Única	Faixa contínua	Faixa seccionada	""
3142	2020-08-24T00:00:00	06:45:00	COM VÍTIMA	FINALIZADA	IMBIRIBEIRA	AV MARECHAL MASCARENHAS DE MORAES	4861	""	EM FRENTE A FACULDADE FPS	IMBIRIBEIRA		CIDADE	ABALROAMENTO LONGITUDINAL	COLISÃO COM UMA VITIMA AGUARDANDO SAMU		1				1	1			2		Longo da via	Bom	Sem defeito	Perfeito estado	Seca	Perfeito estado	Não existe	R-6a	""	Dupla	Faixa seccionada	Canteiro central	""
3143	2020-08-24T00:00:00	07:53:00	COM VÍTIMA	FINALIZADA	DOIS IRMÃOS	RUA MANUEL DE MEDEIROS	2022	AV LUIZ ANTONIO DE ARAUJO	EM FRENTE A BORRACHARIA DO NADO.	DOIS IRMÃOS		SUBURBIO	ABALROAMENTO LONGITUDINAL	DUAS MOTOS		2								1		Esquina	Bom	Não existe	Perfeito estado	Seca	Perfeito estado	Não existe	R-6a	""	Dupla	Faixa seccionada	""	""
3144	2020-08-24T00:00:00	10:41:00	SEM VÍTIMA	FINALIZADA	TORRE	RUA REAL DA TORRE	1645	RUA VISCONDE DE ITAPARICA	EM FRENTE A ESCOLA DESPERTAR	TORRE		""	COLISÃO	SEM VITIMAS /VEICULO OFICIAL CREA/ VT 03 CTTU NO LOCAL	1							1		0		Cruzamento	Bom	Não existe	Incompleta	Seca	Perfeito estado	Não existe	Outras	n/i	Única	Não existe	""	""
3145	2020-08-24T00:00:00	12:21:00	COM VÍTIMA	FINALIZADA	TEJIPIÓ	RUA DO SANCHO	79	RUA SARGENTO JUVENCIO	DEPOIS DA ESTACÃO DO METRO DE TEJIPIO	TEJIPIÓ		""	ABALROAMENTO LONGITUDINAL	COLISÃO ENTRE 2 CARROS E 1 MOTO	2	1								1		Esquina	Bom	Não existe	Não existente	Seca	Mal conservada	Não existe	Não há placas	""	Dupla	Não existe	""	""
3146	2020-08-24T00:00:00	15:10:00	COM VÍTIMA	FINALIZADA	ESPINHEIRO	RUA BUENOS AYRES	166	""	PROX AO BANCO DO NORDESTE	ESPINHEIRO		""	COLISÃO	COLISÃO CARRO E MOTOCICLETA- VEICULO DA PLACA xxx EVADIU-SE DO LOCAL	1		1							1		""	""	""	""	""	""	""	""	""	""	""	""	""
3147	2020-08-24T00:00:00	18:33:00	COM VÍTIMA	CANCELADA	PASSARINHO	EST DE PASSARINHO	""	""	PROXIMO DA FABRICA POUPE FRUTA- PROXIMO DA ASSEMBLEIA	PASSARINHO		""	COLISÃO COM CICLISTA	COLISÃO ENTRE CICLISTA E CAMINHÃO C/V				1			1			1		""	""	""	""	""	""	""	""	""	""	""	""	""
3148	2020-08-24T00:00:00	22:40:00	COM VÍTIMA	FINALIZADA	CAJUEIRO	AV CIDADE DE MONTEIRO	""	""	PROXIMO DO ARMAZEM CORAL- PROXIMO DO MARTELINHO DE OURO	CAJUEIRO		OLINDA	ABALROAMENTO LONGITUDINAL	COLISÃO ENTRE AUTO E MOTO C/V	1	1								2		Longo da via	Bom	Sem defeito	Perfeito estado	Seca	Mal iluminada	Não existe	Não há placas	60 km/h	Dupla	Faixa contínua	""	""
3149	2020-08-25T00:00:00	06:45:00	COM VÍTIMA	FINALIZADA	IPSEP	AV RECIFE	3021	""	LADO OPOSTO AO POSTO FEDERAL SENTIDO AEROPORTO	IPSEP		""	ATROPELAMENTO	VEÍCULO PERDEU O CONTROLE E ATROPELOU PEDESTRE NA PARADA DE ÔNIBUS	1				2					2		Longo da via	Bom	Não existe	Perfeito estado	Seca	Perfeito estado	Não existe	Não há placas	""	Dupla	Canteiro central	""	""
3150	2020-08-25T00:00:00	07:34:00	COM VÍTIMA	FINALIZADA	TORRÕES	AV ENGENHEIRO ABDIAS DE CARVALHO	3068	""	EM BAIXO DO SEMAFORO 272 EM FRENTE AO SOS AUTO PEÇAS	TORRÕES	272	CIDADE	COLISÃO TRASEIRA	COLISÃO COM VITIMA A ESPERA DO SAMU	1	1								1		Longo da via	Bom	Sem defeito	Perfeito estado	Seca	Perfeito estado	Faixa de pedestre	Outras	""	Dupla	Faixa contínua	Faixa seccionada	Canteiro central
3151	2020-08-25T00:00:00	08:05:00	COM VÍTIMA	FINALIZADA	BOA VIAGEM	RUA DEZ DE JULHO	""	RUA WALDEMAR NERY CARNEIRO MONTEIRO	EM FRENTE AO EDIFICIO  TANGARA	BOA VIAGEM	573	CIDADE	COLISÃO TRASEIRA	COLISÃO ENTRE ÔNIBUS E MOTO COM VITIMA.		1				1				1		Longo da via	Bom	Sem defeito	Incompleta	Seca	Perfeito estado	Faixa de pedestre	Não há placas	""	Única	Faixa seccionada	""	""
3152	2020-08-25T00:00:00	09:01:00	COM VÍTIMA	FINALIZADA	VÁRZEA	AV AFONSO OLINDENSE	690	RUA AMOROSO COSTA	""	VÁRZEA		SUBURBIO	ABALROAMENTO LONGITUDINAL	AUTO E MOTO  VT-20 NO LOCAL GM´S RODRIGO LACERDA E ANDRE PNHEIRO	1	1								1		Longo da via	Bom	Não existe	Perfeito estado	Seca	Perfeito estado	Não existe	Outras	30 km/h	Dupla	Faixa contínua	Faixa seccionada	""
3153	2020-08-25T00:00:00	09:59:00	COM VÍTIMA	FINALIZADA	MADALENA	AV VISCONDE DE ALBUQUERQUE	""	""	EM FRENTE AO HOSPITAL D'AVILA	MADALENA	413	SUBURBIO	CHOQUE VEÍCULO PARADO	AUTO E MOTO.	1	1								1		Longo da via	Bom	Sem defeito	Perfeito estado	Seca	Perfeito estado	Faixa de pedestre	R-6a	""	Única	Faixa contínua	""	""
3154	2020-08-25T00:00:00	11:20:00	SEM VÍTIMA	CANCELADA	MADALENA	EST DOS REMEDIOS	2416	""	EM FRENTE A POLICLINICA LESSA DE ANDRADE	MADALENA		""	COLISÃO	VEICULO OFICIAL TRE E AUTO	1						1			0		""	""	""	""	""	""	""	""	""	""	""	""	""
3155	2020-08-25T00:00:00	13:07:00	COM VÍTIMA	FINALIZADA	SANTO AMARO	RUA DO PROGRESSO	71	""	EM FRENTE AO ALTINO VENTURA	SANTO AMARO		CIDADE	CHOQUE OBJETO FIXO	COLISÃO COM VÍTIMA	1	1								1		Longo da via	Bom	Não existe	Perfeito estado	Seca	Perfeito estado	Não existe	Não há placas	""	Única	Não existe	""	""
3156	2020-08-25T00:00:00	13:22:00	COM VÍTIMA	FINALIZADA	AREIAS	RUA AURORA CACOTE	""	""	EM FRENTE A FARMÁCIA FARMAVIDA	AREIAS		SUBURBIO	COLISÃO FRONTAL	COLISÃO ENTRE DUAS MOTOS		2								1		Longo da via	Bom	Não existe	Incompleta	Seca	Mal conservada	Não existe	R-6a	""	Dupla	Não existe	""	""
3157	2020-08-25T00:00:00	15:40:00	COM VÍTIMA	FINALIZADA	PINA	AV ANTONIO DE GOES	275	""	EM FRENTE AO ITC	PINA		CIDADE	COLISÃO TRASEIRA	COLISÃO COM VÍTIMA. AUTO E MOTO.	1	1								1		Longo da via	Bom	Sem defeito	Perfeito estado	Seca	Perfeito estado	Não existe	Outras	40 km/h	Única	Faixa seccionada	Canteiro central	""
3158	2020-08-25T00:00:00	15:54:00	SEM VÍTIMA	FINALIZADA	PINA	AV ANTONIO DE GOES	""	""	LADO OPOSTO DNIT	PINA		CIDADE	ABALROAMENTO LONGITUDINAL	COLISAO ENTRE AUTO E MOTOLANCIA DO SAMU TRATA-SE DE VEICULO OFICIAL	1	1								0		Longo da via	Bom	Não existe	Perfeito estado	Seca	Perfeito estado	Não existe	Outras	60 km/h	Única	Canteiro central	""	""
3159	2020-08-25T00:00:00	18:26:00	COM VÍTIMA	FINALIZADA	MADALENA	AV CAXANGA	171	RUA RODOLFO RANGEL MOREIRA	ESQUINA COM A PAGUE MENOS // VT 20 NO LOCAL	MADALENA		CIDADE	TOMBAMENTO	ENTRE AUTO E MOTO. AUTO SE EVADIU DO LOCAL. CONDUTOR DA MOTONETA INFORMOU TER SIDO TRANCADO POR ESTE SEGUNDO VEÍCULO- VINDO A TOMBAR NA VIA.		1								1		Longo da via	Bom	Sem defeito	Perfeito estado	Seca	Perfeito estado	Faixa de pedestre	Outras	60 km/h	Dupla	Faixa contínua	Faixa seccionada	Canteiro central
3160	2020-08-26T00:00:00	06:10:00	COM VÍTIMA	FINALIZADA	CABANGA	AV SUL	""	RUA CARLOS COELHO LEAL VALENTE	ENTRADA DO CABANGA	CABANGA	260	CIDADE	ABALROAMENTO TRANSVERSAL	COLISÃO ÔNIBUS DA EMPRESA VERA CRUZ X MOTOCICLETA BRAVAX - C/VITIMA FATAL			1			1				1		Cruzamento	Chuvoso	Sem defeito	Ilegível	Molhada	Perfeito estado	Não existe	Não há placas	""	Dupla	Canteiro central	""	""
3161	2020-08-26T00:00:00	08:36:00	COM VÍTIMA	FINALIZADA	ROSARINHO	AV NORTE	3311	""	""	ROSARINHO		CIDADE	ABALROAMENTO LONGITUDINAL	MOTO.		2								2		Longo da via	Bom	Não existe	Perfeito estado	Seca	Perfeito estado	Não existe	R-6a	""	Dupla	Canteiro central	""	""
3162	2020-08-26T00:00:00	10:09:00	COM VÍTIMA	FINALIZADA	IPUTINGA	EST DO BARBALHO	889	""	E/F AO DETRAN	IPUTINGA		SUBURBIO	ABALROAMENTO LONGITUDINAL	COLISÃO C/VITIMA ENTRE UM AUTO E UMA MOTO	1	1								1		Longo da via	Bom	Não existe	Perfeito estado	Seca	Perfeito estado	Faixa de pedestre	R-6c	""	Dupla	Faixa contínua	""	""
3163	2020-08-26T00:00:00	23:34:00	COM VÍTIMA	FINALIZADA	PARNAMIRIM	RUA JOAO TUDE DE MELO	""	""	PROXIMO AO SHOPPING PARNAMIRIM- NA PONTE QUE LIGA O BAIRRO DA TORRE A PARNAMIRIM	PARNAMIRIM		SUBURBIO	CHOQUE OBJETO FIXO	MOTO CHOCOU-SE NA MURETA DA PONTE C/V		1								2		Ponte	Bom	Não existe	Perfeito estado	Seca	Perfeito estado	Não existe	Não há placas	40 km/h	Única	Faixa seccionada	""	""
3164	2020-08-27T00:00:00	07:45:00	COM VÍTIMA	CANCELADA	CASA AMARELA	AV NORTE	4659	""	NO SENTIDO CIDADE  AO LADO DA OFICINA PINHO MOTOS DE ESQUINA  COM A LOJA TOTAL CAR	CASA AMARELA		""	COLISÃO	COLISÃO COM VITIMA	2	1								1		""	""	""	""	""	""	""	""	""	""	""	""	""
3165	2020-08-27T00:00:00	08:17:00	COM VÍTIMA	FINALIZADA	ILHA JOANA BEZERRA	VIADUTO CAPITAO TEMUDO	""	""	EM CIMA DO VIADUTO CAPITÃO TEMUDO NO SENTIDO BOA VIAGEM	ILHA JOANA BEZERRA		SUBURBIO	COLISÃO TRASEIRA	COLISÃO COM VITIMA A ESPERA DO SAMU		1				1				2		Ponte	Bom	Não existe	Perfeito estado	Seca	Perfeito estado	Não existe	Não há placas	""	Dupla	Canteiro central	""	""
3166	2020-08-27T00:00:00	12:15:00	COM VÍTIMA	FINALIZADA	BOA VIAGEM	AV DOM JOAO VI	""	""	NA SAIDA DO TUNEL S/T CID	BOA VIAGEM	580	CIDADE	COLISÃO TRASEIRA	COLISAO ENTRE AUTO E MOTO BATEDOR DA MOTO 27 E 11 NO LOCAL	1	1								1		Longo da via	Bom	Sem defeito	Perfeito estado	Seca	Perfeito estado	Faixa de pedestre	Outras	50 km/h	Dupla	Não existe	""	""
3167	2020-08-27T00:00:00	13:27:00	COM VÍTIMA	FINALIZADA	CAMPO GRANDE	RUA PROFESSOR FRANCISCO DA TRINDADE	""	RUA SAO CAETANO	PROX AO CLUBE DAS PAS	CAMPO GRANDE		SUBURBIO	ABALROAMENTO TRANSVERSAL	COLISAO ENTRE AUTO E MOTO COM UMA VITIMA	1	1								1		Cruzamento	Bom	Não existe	Incompleta	Seca	Perfeito estado	Faixa de retenção	Placas Pare	30 km/h	Dupla	Faixa seccionada	""	""
3168	2020-08-27T00:00:00	14:08:00	COM VÍTIMA	FINALIZADA	BOA VISTA	AV GOVERNADOR AGAMENON MAGALHAES	""	AV RUI BARBOSA	NO SEMÁFORO 037	BOA VISTA	37	OLINDA	ABALROAMENTO LONGITUDINAL	COLISÃO COM VÍTIMA	1	1								1		Cruzamento	Bom	Sem defeito	Perfeito estado	Seca	Perfeito estado	Agente	Outras	60 km/h	Única	""	""	""
3169	2020-08-27T00:00:00	14:38:00	COM VÍTIMA	FINALIZADA	MADALENA	AV CAXANGA	481	""	EM FRENTE AO NUCLEO SAÚDE- LADO OPOSTO AO COLÉGIO FORMAÇÃO INTEGRAL.	MADALENA		CIDADE	COLISÃO TRASEIRA	COLISÃO COM VITIMA	1	1								1		Longo da via	Bom	Não existe	Perfeito estado	Seca	Perfeito estado	Não existe	Não há placas	""	Única	Faixa seccionada	""	""
3170	2020-08-27T00:00:00	16:41:00	COM VÍTIMA	FINALIZADA	ESPINHEIRO	RUA BARAO DE ITAMARACA	209	""	""	ESPINHEIRO		CIDADE	ATROPELAMENTO	MOTO E PEDESTRE		1			1					1		Longo da via	Bom	Não existe	Perfeito estado	Seca	Perfeito estado	Não existe	Outras	30 km/h	Dupla	Faixa contínua	""	""
3171	2020-08-27T00:00:00	17:34:00	SEM VÍTIMA	FINALIZADA	SÃO JOSÉ	RUA IMPERIAL	""	RUA ITABIRA	PROX AO VIADUTO CABO EUTROPIO	SÃO JOSÉ		""	COLISÃO	COLISAO ENTRE VT OFICIAL E AUTO S/V	1							1		0		Longo da via	Bom	Não existe	Não existente	Seca	Perfeito estado	Não existe	Não há placas	N/I	Única	Não existe	""	""
3172	2020-08-27T00:00:00	18:56:00	COM VÍTIMA	FINALIZADA	ESTÂNCIA	AV RECIFE	880	""	ENF A IGREJA BATISTA DA ESTANCIA SENTIDO CAXANGA	ESTÂNCIA	261	CIDADE	COLISÃO TRASEIRA	VW/GOL X HONDA/BROSS	1	1								1		Longo da via	Bom	Sem defeito	Perfeito estado	Seca	Perfeito estado	Faixa de pedestre	""	60 km/h	Única	Faixa contínua	""	""
3173	2020-08-27T00:00:00	23:18:00	SEM VÍTIMA	CANCELADA	BOA VIAGEM	RUA DEZ DE JULHO	210	RUA CAMBOIM	NA RUA DA ESTAÇAO DO AEROPORTO	BOA VIAGEM		""	COLISÃO	HB 20 X FIAT MOBI	2									0		""	""	""	""	""	""	""	""	""	""	""	""	""
3174	2020-08-28T00:00:00	12:22:00	SEM VÍTIMA	FINALIZADA	BOA VIAGEM	RUA BARAO DE SOUZA LEAO	698	RUA PADRE LUIZ MARQUES TEIXEIRA	RESTAURANTE COSTA BRAVA	BOA VIAGEM		""	ABALROAMENTO LONGITUDINAL	COLISÃO COM VEICULO DA FORÇA AEREA / VEICULO DE PLACA PEM9090 SE EVADIU DO LOCAL	1									0		Longo da via	Bom	Não existe	Perfeito estado	Seca	Perfeito estado	Não existe	R-6a	""	Única	Faixa seccionada	""	""
3175	2020-08-28T00:00:00	12:24:00	COM VÍTIMA	FINALIZADA	BOA VIAGEM	AV ENGENHEIRO DOMINGOS FERREIRA	2574	""	PROX A FARMACIA INDEPENDENTE	BOA VIAGEM		CIDADE /SUB	COLISÃO	CARRO COM MOTO	1	1								1		""	""	""	""	""	""	""	""	""	""	""	""	""