_id	data	hora	natureza_acidente	situacao	bairro	endereco	numero	detalhe_endereco_acidente	complemento	bairro_cruzamento	num_semaforo	sentido_via	tipo	descricao	auto	moto	ciclom	ciclista	pedestre	onibus	caminhao	viatura	outros	vitimas	vitimasfatais	acidente_verificado	tempo_clima	situacao_semaforo	sinalizacao	condicao_via	conservacao_via	ponto_controle	situacao_placa	velocidade_max_via	mao_direcao	divisao_via1	divisao_via2	divisao_via3
3296	2020-09-17T00:00:00	11:49:00	COM VÍTIMA	FINALIZADA	BOA VISTA	RUA JOAO FERNANDES VIEIRA	405	""	EM FRENTE AO CENTRO INTEGRADO DA CRIANÇA E DO ADOLESCENTE.	BOA VISTA		CIDADE	COLISÃO TRASEIRA	COLISAO COM VITIMA MOTO E AUTO	1	1								1		Longo da via	Bom	Não existe	Perfeito estado	Seca	Perfeito estado	Faixa de pedestre	""	""	Única	Faixa contínua	""	""
3297	2020-09-17T00:00:00	15:27:00	COM VÍTIMA	FINALIZADA	IPSEP	RUA PINTOR ANTONIO ALBUQUERQUE	322	""	LADO OPOSTO AO Nº INFORMADO	IPSEP		""	ABALROAMENTO LONGITUDINAL	COLISÃO COM VÍTIMA E VT 17 SE DEPAROU COM A SITUAÇÃO	2	1								2		Longo da via	Bom	Não existe	""	Seca	Perfeito estado	Não existe	""	""	Única	""	""	""
3298	2020-09-17T00:00:00	15:48:00	COM VÍTIMA	FINALIZADA	BOA VIAGEM	AVENIDA CELSO FURTADO (VIA MANGUE)	""	RUA PROFESSOR EDUARDO WANDERLEY FILHO	PRÓXIMO A RUA PROF. EDUARDO WANDERLEY FILHO	BOA VIAGEM		CIDADE	COLISÃO TRASEIRA	COM VÍTIMA- GCM KELVYN .	1	1								1		Longo da via	Bom	Não existe	Perfeito estado	Seca	Perfeito estado	Outros	Outras	""	Dupla	Canteiro central	""	""
3299	2020-09-17T00:00:00	17:35:00	COM VÍTIMA	FINALIZADA	CORDEIRO	RUA GOMES TABORDA	""	AV GENERAL SAN MARTIN	EM FRENTE AO ATACAREJO	CORDEIRO	67	SUBURBIO	ABALROAMENTO TRANSVERSAL	COLISÃO CARRO X MOTO / VT 024 NO LOCAL	1	1								1		Cruzamento	Bom	Sem defeito	Incompleta	Seca	Perfeito estado	Faixa de pedestre	R-6a	""	Dupla	Faixa seccionada	""	""
3300	2020-09-17T00:00:00	22:56:00	COM VÍTIMA	FINALIZADA	IBURA	AV RIO LARGO	""	AV DOZE DE JUNHO	AO LADO DO PROAB ALIMENTOS	IBURA	512	SUBURBIO	ABALROAMENTO LONGITUDINAL	COLISÃO ENTRE ÔNIBUS E MOTO C/V		1				1				1		Cruzamento	Bom	Sem defeito	Perfeito estado	Seca	Perfeito estado	Faixa de pedestre	Outras	""	Dupla	Não existe	""	""
3301	2020-09-18T00:00:00	09:07:00	COM VÍTIMA	FINALIZADA	DERBY	RUA JENER DE SOUZA	449	RUA DA BAIXA VERDE	PRÓXIMO AO QUARTEL DO DERBY	DERBY		MADALENA	ABALROAMENTO TRANSVERSAL	COLISÃO COM VÍTIMA ENTRE AUTO E MOTO.	1	1								1		Cruzamento	Bom	Não existe	Perfeito estado	Seca	Perfeito estado	""	R-6a	40 km/h	Dupla	Canteiro central	""	""
3302	2020-09-18T00:00:00	13:16:00	COM VÍTIMA	FINALIZADA	ENGENHO DO MEIO	RUA FRANCISCO BEZERRA MONTEIRO	423	RUA GOVERNADOR LOPO GARRO	NAE - NÚCLEO DE APOIO AOS ESTUDANTES.	ENGENHO DO MEIO		SUBURBIO	ABALROAMENTO LONGITUDINAL	COLISÃO COM VÍTIMA	1	1								1		Cruzamento	Bom	Não existe	""	Seca	Perfeito estado	Não existe	Placas Pare	""	Dupla	Não existe	""	""
3303	2020-09-18T00:00:00	13:48:00	COM VÍTIMA	FINALIZADA	BOMBA DO HEMETÉRIO	RUA SAO BENTO	84	""	NA ENTRADA DA BOMBA DO HEMETERIO	BOMBA DO HEMETÉRIO		SUBURBIO	COLISÃO	COLISAO ENTRE AUTO E MOTO COM UMA VITIMA	1	1								1		Longo da via	Bom	Não existe	Perfeito estado	Seca	Perfeito estado	Não existe	Outras	""	Única	Faixa seccionada	""	""
3304	2020-09-18T00:00:00	15:21:00	COM VÍTIMA	FINALIZADA	BOA VIAGEM	RUA WALDEMAR NERY CARNEIRO MONTEIRO	628	RUA JOAO CARDOSO AIRES	EM FRENTE A CLINICA VETERINARIA VETCENTER	BOA VIAGEM		SUBURBIO	ABALROAMENTO LONGITUDINAL	COLISÃO COM VÍTIMA	1	1								1		Cruzamento	Bom	Não existe	Perfeito estado	Seca	Perfeito estado	Faixa de pedestre	Placas Pare	""	Dupla	Faixa seccionada	""	""
3305	2020-09-18T00:00:00	16:22:00	COM VÍTIMA	FINALIZADA	PARNAMIRIM	EST DAS UBAIAS-	105	RUA RAIMUNDO FREIXEIRA	E/F AO SUPERMERCADO BOM DEMAIS	PARNAMIRIM		SUBURBIO	COLISÃO COM CICLISTA	AUTO E BICICLETA	1			1						1		Longo da via	Bom	Não existe	Perfeito estado	Seca	Perfeito estado	Não existe	Outras	40 km/h	Dupla	Faixa seccionada	""	""
3306	2020-09-18T00:00:00	22:28:00	COM VÍTIMA	CANCELADA	AREIAS	RUA IPOJUCA	483	""	PRÓX A PRAÇA HEROIS DA RESTAURAÇÃO / E/F A RC VIDROS	AREIAS		""	COLISÃO COM CICLISTA	CICLISTA X MOTO. C/V	1			1						2		""	""	""	""	""	""	""	""	""	""	""	""	""
3307	2020-09-19T00:00:00	13:58:00	COM VÍTIMA	FINALIZADA	ARRUDA	RUA DA REGENERACAO	312	""	PROX A CLIMA GELAR	ARRUDA		""	COLISÃO	COLISAO COM VITIMAS ENTRE AUTO E MOTO	1	1								1		""	""	""	""	""	""	""	""	""	""	""	""	""
3308	2020-09-19T00:00:00	14:11:00	SEM VÍTIMA	FINALIZADA	MACAXEIRA	AV JOSE AMERICO DE ALMEIDA	""	AV NORTE	PRÓXIMO A CHURRASCARIA NORTE GRILL	MACAXEIRA		""	COLISÃO TRASEIRA	UM DOS CONDUTORES COM SUSPEITA DE EMBRIAGUEZ	2									0		Cruzamento	Bom	Não existe	Perfeito estado	Seca	""	Faixa de pedestre	Placas Pare	""	Dupla	Canteiro central	""	""
3309	2020-09-19T00:00:00	16:37:00	COM VÍTIMA	FINALIZADA	CASA AMARELA	EST DO ARRAIAL	""	RUA DA HARMONIA	EM FRENTE A IGREJA DA HARMONIA	CASA AMARELA	74	""	ATROPELAMENTO	CARRO ATROPELOU PEDESTRE	1				1					1		""	""	""	""	""	""	""	""	""	""	""	""	""
3310	2020-09-19T00:00:00	16:50:00	COM VÍTIMA	FINALIZADA	MADALENA	RUA BENFICA	""	""	PROX AO CAMPO DO SPORT. AO LADO DA PRAÇA DA BANDEIRA- APÓS O TÚNEL CHICO SCIENCE.	MADALENA		SUBURBIO	COLISÃO	COLISÃO MOTO E CARRO	1	1								1		Outros	Bom	Não existe	Perfeito estado	Seca	Mal conservada	Não existe	Outras	""	Única	""	""	""
3311	2020-09-19T00:00:00	17:20:00	COM VÍTIMA	FINALIZADA	IPSEP	AV RECIFE	2677	""	NA FRENTE DA PIZZARIA ATLANTICO	IPSEP		SUBURBIO	ABALROAMENTO LONGITUDINAL	COLISÃO MOTO E CARRO	1	1								1		Longo da via	Bom	Sem defeito	Perfeito estado	Seca	Perfeito estado	""	""	""	""	""	""	""
3312	2020-09-19T00:00:00	18:24:00	COM VÍTIMA	CANCELADA	CAMPO GRANDE	AV GOVERNADOR AGAMENON MAGALHAES	""	""	PROXIMO DA FABRICA TACARUNA	CAMPO GRANDE		""	COLISÃO	COLISÃO ENTRE DOIS AUTOS C/V	2									2		""	""	""	""	""	""	""	""	""	""	""	""	""
3313	2020-09-19T00:00:00	21:04:00	SEM VÍTIMA	CANCELADA	TORRE	RUA JOSE BONIFACIO	481	RUA PADRE ANCHIETA	AO LADO DO MINUTO PÃO DE AÇUCAR	TORRE		""	COLISÃO	COLISÃO ENTRE DOIS AUTOS S/V- UMA DAS PARTES APRESENTA SINTOMAS DE EMBRIAGUEZ	2									0		""	""	""	""	""	""	""	""	""	""	""	""	""
3314	2020-09-19T00:00:00	21:28:00	SEM VÍTIMA	FINALIZADA	COQUEIRAL	RUA ANANIAS CATANHO	431	""	EM FRENTE AO Nº 431	COQUEIRAL		SUBURBIO	CHOQUE VEÍCULO PARADO	COLISÃO ENTRE DOIS AUTOS S/V- UMA DAS PARTES APRESENTA SINTOMAS DE EMBRIAGUEZ	2									0		Longo da via	Bom	Não existe	""	Seca	Perfeito estado	Não existe	Não há placas	""	Dupla	Não existe	""	""
3315	2020-09-19T00:00:00	22:24:00	COM VÍTIMA	FINALIZADA	ESPINHEIRO	RUA DO ESPINHEIRO	""	RUA AMELIA	APÓS O HOSPTAL ESPINHEIRO	ESPINHEIRO	195	CIDADE	ABALROAMENTO TRANSVERSAL	COLISÃO ENTRE AUTO E MOTO C/V	1	1								2		Cruzamento	Bom	Desligado	Perfeito estado	Seca	Perfeito estado	Faixa de pedestre	Outras	""	""	""	""	""
3316	2020-09-20T00:00:00	07:37:00	COM VÍTIMA	FINALIZADA	IMBIRIBEIRA	AV MARECHAL MASCARENHAS DE MORAES	2716	RUA JORNALISTA CLEOFHAS DE OLIVEIRA	EM FRENTE AO GERALDÃO- SENT. AEROPORTO	IMBIRIBEIRA	290	SUBURBIO	COLISÃO TRASEIRA	MOTO E AUTO C/V	1	1								1		Cruzamento	Bom	Sem defeito	Perfeito estado	Seca	Perfeito estado	Faixa de pedestre	Não há placas	60 km/h	Dupla	Faixa contínua	Faixa seccionada	Canteiro central
3317	2020-09-20T00:00:00	11:13:00	COM VÍTIMA	FINALIZADA	BOA VIAGEM	AV BOA VIAGEM	328	""	EM FRENTE AS QUADRAS DE TÊNIS. EDF. ARAUCÁRIA.	BOA VIAGEM		CIDADE	COLISÃO TRASEIRA	INFORMES QUE UM CONDUTOR PERDEU O CONTROLE DO VEÍCULO-COLIDIU COM OUTRO VEÍCULO (POLO COM SUA CONDUTORA TAMBÉM VITIMADA) E COM 2 BICICLETAS.	2			2						3		Longo da via	Bom	Sem defeito	Perfeito estado	Seca	Perfeito estado	Não existe	Outras	60 km/h	Única	Faixa seccionada	""	""
3318	2020-09-20T00:00:00	16:39:00	COM VÍTIMA	FINALIZADA	IBURA	AV DOIS RIOS	704	RUA RIO DO OESTE	APOS O POSTO TOTAL AO LADO DA COPE S/T BR	IBURA	325	SUBURBIO	ABALROAMENTO TRANSVERSAL	COLISAO ENTRE MOTO E AUTO	1	1								2		Esquina	Bom	Sem defeito	Perfeito estado	Seca	Perfeito estado	Faixa de pedestre	R-6a	""	Dupla	Faixa contínua	""	""
3319	2020-09-20T00:00:00	18:57:00	SEM VÍTIMA	FINALIZADA	VÁRZEA	AV PREFEITO ANTONIO PEREIRA	""	""	TERMINAL INTEGRADO DE PASSAGEIRO	VÁRZEA		CIDADE	ABALROAMENTO LONGITUDINAL	COLISÃO ENTRE VT DA POLICIA MILITAR E ÔNIBUS. S/V	1					1				0		""	Bom	Não existe	Não existente	Seca	Perfeito estado	Não existe	Não há placas	""	Dupla	Canteiro central	""	""
3320	2020-09-20T00:00:00	19:20:00	SEM VÍTIMA	FINALIZADA	PINA	AV ANTONIO DE GOES	""	PTE AGAMENON MAGALHAES	NA SUBIDA DA PONTE DO PINA	PINA		""	CHOQUE OBJETO FIXO	VEICULO CHOCOU-SE CONTRA UM POSTE E INCENDIOU-SE- EM SEGUIDA. CORPO DE BOMBEIROS NO LOCAL.										0		""	""	""	""	""	""	""	""	""	""	""	""	""
3321	2020-09-21T00:00:00	01:01:00	SEM VÍTIMA	FINALIZADA	BOA VIAGEM	AV ENGENHEIRO DOMINGOS FERREIRA	2025	""	E/F A LOJA PETLAND	BOA VIAGEM		SUBURBIO	CHOQUE OBJETO FIXO	VEICULO CHOCOU-SE CONTRA UM POSTE E FOI ABANDONADO ATRAVESSADO NA VIA.	1									0		Longo da via	Bom	Não existe	Perfeito estado	Seca	Perfeito estado	Não existe	R-6a	60 km/h	Única	Faixa seccionada	Canteiro central	""
3322	2020-09-21T00:00:00	08:54:00	SEM VÍTIMA	FINALIZADA	PINA	AV ANTONIO DE GOES	""	""	INÍCIO DA PONTE GOVERNADOR PAULO GUERRA	PINA		CIDADE	CHOQUE OBJETO FIXO	""	1										0	Longo da via	Bom	Não existe	Ilegível	Seca	Mal iluminada	Não existe	""	60 km/h	Única	Canteiro central	""	""
3323	2020-09-21T00:00:00	09:10:00	COM VÍTIMA	FINALIZADA	IBURA	AV DOIS RIOS	1347	""	EM FRENTE AO COSULTORIO MEDICO DO IBURA. PRÓXIMO AO CONSELHO TUTELAR.	IBURA		CIDADE	ABALROAMENTO TRANSVERSAL	COM UMA VITIMA SOCORRIDA PELO SAMU/GM TORRES PONTO FIXO	1	1								1		Longo da via	Bom	Não existe	Ilegível	Seca	Perfeito estado	Não existe	Não há placas	""	Dupla	Não existe	""	""
3324	2020-09-21T00:00:00	11:09:00	COM VÍTIMA	CANCELADA	TORRE	RUA JOSE BONIFACIO	359	""	PROX. A JOÃO DA CARNE DE SOL	TORRE		""	COLISÃO	COLISÃO C/VITIMA ENTRE UM AUTO E UMA MOTO	1	1								1		""	""	""	""	""	""	""	""	""	""	""	""	""
3325	2020-09-21T00:00:00	11:28:00	COM VÍTIMA	FINALIZADA	ENGENHO DO MEIO	RUA MAURICEIA	190	""	E/F AO COLEGIO SABER	ENGENHO DO MEIO	652	""	ABALROAMENTO LONGITUDINAL	COLISÃO C/VITIMA ENTRE UM AUTO E UMA MOTO	1	1								1		Longo da via	Bom	Sem defeito	Incompleta	Seca	Perfeito estado	Faixa de pedestre	Outras	30 km/h	Dupla	Não existe	""	""
3326	2020-09-21T00:00:00	19:30:00	COM VÍTIMA	FINALIZADA	IPUTINGA	AV CAXANGA	5362	""	EM FRENTE AO CAXANGÁ GOLF CLUB	IPUTINGA		SUBURBIO	ABALROAMENTO TRANSVERSAL	COLISÃO ENTRE AUTO E MOTO- COM VÍTIMAS	1	1								1		Longo da via	Bom	Não existe	Perfeito estado	Seca	Perfeito estado	Não existe	Não há placas	""	Única	Faixa contínua	""	""
3327	2020-09-22T00:00:00	07:01:00	COM VÍTIMA	FINALIZADA	IMBIRIBEIRA	AV MARECHAL MASCARENHAS DE MORAES	2777	""	NO SENTIDO CIDADE  EM FRENTE A GMAG ESTOFADOS.	IMBIRIBEIRA		CIDADE	CHOQUE VEÍCULO PARADO	COLISÃO COM VITIMA A ESPERA DO SAMU	2	1								1		Longo da via	Bom	Não existe	Perfeito estado	Seca	Perfeito estado	Não existe	Não há placas	60 km/h	Única	Faixa contínua	Faixa seccionada	""
3328	2020-09-22T00:00:00	07:43:00	COM VÍTIMA	FINALIZADA	SAN MARTIN	RUA VINTE E UM DE ABRIL	2130	""	EM FRENTE A  PADARIA VINTE UM DE ABRIL	SAN MARTIN		SUBURBIO	ATROPELAMENTO	VITIMA SOCORRIDA PELOS BOMBEIROS	1				1					1		Longo da via	Bom	Sem defeito	Não existente	Seca	Perfeito estado	Não existe	Outras	40 km/h	Dupla	Não existe	""	""
3329	2020-09-22T00:00:00	07:47:00	COM VÍTIMA	FINALIZADA	DERBY	AV GOVERNADOR AGAMENON MAGALHAES	""	RUA DOM BOSCO	EM FRENTE AO HOSPITAL DA RESTAURAÇÃO. PISTA CENTRAL.	DERBY	174	BOA VIAGEM	COLISÃO TRASEIRA	COM VÍTIMA	1	1								1		Longo da via	Bom	Sem defeito	Perfeito estado	Seca	Perfeito estado	Agente	Outras	60 km/h	Dupla	Canteiro central	""	""
3330	2020-09-22T00:00:00	08:00:00	COM VÍTIMA	FINALIZADA	VASCO DA GAMA	RUA VASCO DA GAMA	1688	RUA BREJO BONITO	NA SUBIDA DO VISGUEIRO	VASCO DA GAMA		""	COLISÃO FRONTAL	MOTO E ONIBUS C/V		1				1				1		Longo da via	Bom	Não existe	Não existente	Seca	Mal conservada	Não existe	Não há placas	40 km/h	Dupla	Não existe	""	""
3331	2020-09-22T00:00:00	08:43:00	COM VÍTIMA	FINALIZADA	IPSEP	RUA HELIO BRANDAO	135	RUA ADERBAL DE MELO	EM FRENTE AO CHAMBARIL E FEIJOADA DO JOÃO	IPSEP		""	ABALROAMENTO TRANSVERSAL	MOTO E AUTO C/V PONTO FIXO GM-CONCEIÇÃO	1	1								1		Cruzamento	Bom	Não existe	Perfeito estado	Seca	Perfeito estado	""	Placas Pare	30 km/h	Única	Faixa seccionada	""	""
3332	2020-09-22T00:00:00	09:23:00	COM VÍTIMA	FINALIZADA	TORRÕES	AV ENGENHEIRO ABDIAS DE CARVALHO	""	RUA TIJUCAS	CHESF	TORRÕES	422	CIDADE	TOMBAMENTO	QUEDA DE MOTO.		1								1		Longo da via	Bom	Sem defeito	Perfeito estado	Seca	Perfeito estado	Faixa de pedestre	Não há placas	""	Única	Canteiro central	""	""
3333	2020-09-22T00:00:00	15:10:00	COM VÍTIMA	FINALIZADA	PARNAMIRIM	RUA FERREIRA LOPES	141	RUA DA ESTRELA	CONSULADO	PARNAMIRIM		""	ABALROAMENTO TRANSVERSAL	COM VÍTIMA		2								1		Cruzamento	Bom	Não existe	Perfeito estado	Seca	Perfeito estado	""	Outras	40 km/h	Dupla	Faixa seccionada	""	""
3334	2020-09-22T00:00:00	16:07:00	COM VÍTIMA	FINALIZADA	SÃO JOSÉ	AV SUL	""	""	POR TRAS DO FORTE DAS CINCO PONTAS. POSTE B015690.	SÃO JOSÉ		CIDADE	COLISÃO	COLISÃO COM VÍTIMA	3									1		Longo da via	Bom	Não existe	Perfeito estado	Seca	Perfeito estado	Não existe	Outras	60 km/h	Única	Faixa seccionada	""	""
3335	2020-09-23T00:00:00	08:35:00	SEM VÍTIMA	FINALIZADA	SÃO JOSÉ	VDO DAS CINCO PONTAS	""	""	""	SÃO JOSÉ		""	CHOQUE OBJETO FIXO	NEW BEATLES										0		Viaduto	Bom	Não existe	Perfeito estado	Seca	Perfeito estado	Não existe	Não há placas	n/i	Única	Canteiro central	""	""
3336	2020-09-23T00:00:00	11:15:00	COM VÍTIMA	FINALIZADA	PRADO	RUA CARLOS GOMES	""	""	EM FRENTE AO HOSPITAL NOSSA SENHORA DO Ó	PRADO		""	COLISÃO	HONDA TITAN / HYUNDAI HB 20	1	1								1		""	""	""	""	""	""	""	""	""	""	""	""	""
3337	2020-09-23T00:00:00	14:41:00	COM VÍTIMA	FINALIZADA	ESTÂNCIA	AV RECIFE	""	""	APÓS O BIG BOM PREÇO. LADO OPOSTO A FARMÁCIA PAGUE MENOS.	ESTÂNCIA		SUBURBIO	ABALROAMENTO LONGITUDINAL	MOTO X VEÍCULO	1	1								1		Longo da via	Bom	Sem defeito	Perfeito estado	Seca	Perfeito estado	Não existe	Outras	""	Dupla	Canteiro central	""	""
3338	2020-09-23T00:00:00	15:41:00	SEM VÍTIMA	FINALIZADA	ILHA JOANA BEZERRA	VDO PAPA JOAO PAULO II	""	""	""	ILHA JOANA BEZERRA		BOA VIAGEM	COLISÃO	QYB4355 VOYAGE VIATURA 15 CTTU X PDE4D32 HONDA										0		""	""	""	""	""	""	""	""	""	""	""	""	""
3339	2020-09-23T00:00:00	18:01:00	COM VÍTIMA	FINALIZADA	DERBY	AV GOVERNADOR AGAMENON MAGALHAES	""	RUA HENRIQUE DIAS	""	DERBY	68	CIDADE	ABALROAMENTO LONGITUDINAL	COM VÍTIMA	1	1								1		Cruzamento	Bom	Sem defeito	Perfeito estado	Seca	Perfeito estado	Faixa de pedestre	Não há placas	60 km/h	Única	""	""	""
3340	2020-09-23T00:00:00	20:40:00	COM VÍTIMA	FINALIZADA	BEBERIBE	AV BEBERIBE	4250	""	""	BEBERIBE		SUBURBIO	ATROPELAMENTO	ACIDENTE COM VITIMA ENTRE MOTO E BICICLETA.		1			1					2		Longo da via	Bom	Não existe	Perfeito estado	Seca	Perfeito estado	Não existe	Outras	40 km/h	Dupla	Faixa contínua	""	""
3341	2020-09-24T00:00:00	08:29:00	COM VÍTIMA	FINALIZADA	FUNDÃO	AV BEBERIBE	2584	""	EM FRENTE AO ARMAZÉM LOJAS CONSTRUINDO.	FUNDÃO		SUBURBIO	COLISÃO COM CICLISTA	COLISÃO COM VÍTIMA MOTO E CICLISTA		1		1						3		Longo da via	Bom	Não existe	Perfeito estado	Seca	Perfeito estado	Não existe	Não há placas	""	Dupla	Faixa contínua	""	""
3342	2020-09-24T00:00:00	09:48:00	COM VÍTIMA	FINALIZADA	IMBIRIBEIRA	AV MARECHAL MASCARENHAS DE MORAES	4075	RUA CORONEL FABRICIANO	PRÓX. AO ATACADO DOS PRESENTES	IMBIRIBEIRA	310	CIDADE	ABALROAMENTO LONGITUDINAL	CAMINHÃO X MOTOCICLETA		1					1			1		Cruzamento	Bom	Sem defeito	Perfeito estado	Seca	Perfeito estado	Outros	Não há placas	60 km/h	Única	Faixa seccionada	Canteiro central	""
3343	2020-09-24T00:00:00	09:48:00	COM VÍTIMA	FINALIZADA	IMBIRIBEIRA	AV MARECHAL MASCARENHAS DE MORAES	""	""	ÁREA DE DESEMBARQUE DO AEROPORTO APÓS A PORTA A6. PORTÃO DE CARGA DO ANTIGO TERMINAL DO AEROPORTO.	IMBIRIBEIRA		SUBURBIO	CHOQUE OBJETO FIXO	VEÍCULO CHOCOU-SE COM GRADIL DA ÁREA DE CARGA E DESCARGA	1									1		Longo da via	Bom	Não existe	Perfeito estado	Seca	Perfeito estado	Outros	Outras	""	Única	Não existe	""	""
3344	2020-09-24T00:00:00	13:37:00	SEM VÍTIMA	FINALIZADA	BOA VIAGEM	RUA DOM JOSE LOPES	747	""	PANIFICADORA J. LORENA	BOA VIAGEM		""	COLISÃO	COLISÃO SEM VÍTIMAS ENTRE 2 AUTOS. SENDO 1 DELES- VEÍCULO OFICIAL.	2									0		Longo da via	Bom	Não existe	Perfeito estado	Seca	Perfeito estado	Não existe	Não há placas	n/i	Única	Não existe	""	""
3345	2020-09-24T00:00:00	19:42:00	COM VÍTIMA	FINALIZADA	DOIS IRMÃOS	RUA DOIS IRMAOS	""	""	E/F AO HORTO DE DOIS IRMÃOS E AO LAFEPE.	DOIS IRMÃOS		SUBURBIO	COLISÃO TRASEIRA	COLISÃO C/VITIMA (AUTO X MOTO)	1	1								1		Longo da via	Bom	Não existe	Perfeito estado	Seca	Perfeito estado	""	R-19	60 km/h	Dupla	Não existe	""	""
3346	2020-09-25T00:00:00	16:32:00	COM VÍTIMA	FINALIZADA	CORDEIRO	AV CAXANGA	1845	""	PROX A CENTROCAR	CORDEIRO		CIDADE	ATROPELAMENTO	AUTO- MOTO E PEDESTRE	1	1			1					1		Longo da via	Bom	Não existe	Incompleta	Seca	Perfeito estado	Não existe	Não há placas	""	Dupla	Faixa seccionada	""	""
3347	2020-09-25T00:00:00	16:52:00	COM VÍTIMA	FINALIZADA	CAMPO GRANDE	AV PROFESSOR JOSE DOS ANJOS	116A	""	E/F A SUB ESTAÇAO DA COMPESA	CAMPO GRANDE		CAMPO GRANDE	COLISÃO FRONTAL	COLISAO COM VITIMA ENTRE AUTO E MOTO	1	1								1		Longo da via	Bom	Não existe	Não existente	Seca	Perfeito estado	Não existe	Não há placas	""	Inglesa	Não existe	""	""
3348	2020-09-25T00:00:00	17:43:00	COM VÍTIMA	FINALIZADA	IPUTINGA	AV CAXANGA	3516	RUA SAO MATEUS	LOGO APOS O CRUZAMENTO DO POSTO PETROCAL - BR. LADO OPOSTO AO CARTÓRIO DA VÁRZEA.	IPUTINGA	229	CIDADE	ABALROAMENTO LONGITUDINAL	MOTOCICLISTA ULTRAPASSANDO PELA DIREITA COLIDIU E CAIU AO LADO DO CARRO GUINCHO. ACIDENTE FLAGRADO PELA CÂMARA DA CTTU NO HORÁRIO 16h18min.		1					1			1		Longo da via	Bom	Sem defeito	Perfeito estado	Seca	Perfeito estado	Faixa de pedestre	Outras	""	Dupla	Não existe	""	""
3349	2020-09-26T00:00:00	04:50:00	COM VÍTIMA	FINALIZADA	AREIAS	AV RECIFE	97	""	EM FRENTE AO MAKRO SENTIDO UFPE- NA SUBIDA DO VIADUTO ULISSES GUIMARÃES.	AREIAS		CIDADE	COLISÃO TRASEIRA	AUTO E MOTO.	1	1								1		Longo da via	Bom	Não existe	Perfeito estado	Seca	Mal conservada	Não existe	Não há placas	60 km/h	""	Faixa seccionada	""	""
3350	2020-09-26T00:00:00	07:24:00	COM VÍTIMA	FINALIZADA	ÁGUA FRIA	RUA DA REGENERACAO	1122	""	EM FRENTE A ANTIGA FABRICA DA COCA COLA	ÁGUA FRIA		SUBURBIO	COLISÃO FRONTAL	COLISÃO COM VITIMA	1	1								1		Longo da via	Bom	Não existe	Incompleta	Seca	Mal conservada	Não existe	Não há placas	""	Dupla	Não existe	""	""
3351	2020-09-26T00:00:00	10:45:00	COM VÍTIMA	FINALIZADA	ILHA DO RETIRO	AV BEIRA RIO	400	""	AO LADO DO SPORT CLUBE DO RECIFE NO SENTIDO TUNEL CHICO  SCIENCE. LADO OPOSTO AO Nº INFORMADO.	ILHA DO RETIRO		ILHA DO RETIRO	COLISÃO TRASEIRA	COLISÃO COM VITIMA	1	1								1		Longo da via	Bom	Não existe	Perfeito estado	Seca	Perfeito estado	Não existe	R-6a	""	Dupla	Faixa seccionada	""	""
3352	2020-09-26T00:00:00	17:50:00	COM VÍTIMA	FINALIZADA	MANGABEIRA	AV NORTE	""	RUA GUIMARAES PEIXOTO	PROXIMO AO SESC	MANGABEIRA	96	CIDADE	CHOQUE OBJETO FIXO	COLISÃO COM VÍTIMA ENTRE DUAS MOTOS E UM AUTO	1	2								3		Longo da via	Bom	Sem defeito	Perfeito estado	Seca	Perfeito estado	Faixa de pedestre	Outras	""	Dupla	Canteiro central	""	""
3353	2020-09-26T00:00:00	22:19:00	COM VÍTIMA	FINALIZADA	ILHA JOANA BEZERRA	PTE JOSE DE BARROS LIMA	""	""	PROXIMO A PASSARELA	ILHA JOANA BEZERRA		BOA VIAGEM	ATROPELAMENTO	COLISÃO MOTO E PEDESTRE		1			2					3		Ponte	Bom	Não existe	Perfeito estado	Seca	Perfeito estado	""	Não há placas	60 km/h	Dupla	Canteiro central	""	""
3354	2020-09-27T00:00:00	09:01:00	COM VÍTIMA	FINALIZADA	DOIS UNIDOS	RUA VISCONDE DE GARRETT	142	""	EM FRENTE AO EDUCANDARIO JARDIM GETSEMANI. PRÓXIMO A ASSEMBLEIA DE DEUS.	DOIS UNIDOS		""	COLISÃO FRONTAL	COLISÃO COM DUAS VITIMAS AGUARDANDO O SAMU		2								2		Longo da via	Bom	Não existe	Perfeito estado	Seca	Perfeito estado	Não existe	Não há placas	""	""	Não existe	""	""
3355	2020-09-27T00:00:00	09:24:00	COM VÍTIMA	FINALIZADA	BOA VIAGEM	RUA DEZ DE JULHO	210	RUA CAMBOIM	EM FRENTE A LOJA MAISON CRISTAL	BOA VIAGEM		CIDADE	ABALROAMENTO TRANSVERSAL	MOTO E AUTO	1	1								1		Longo da via	Bom	Não existe	Perfeito estado	Seca	Perfeito estado	Não existe	Não há placas	40 km/h	Única	Faixa seccionada	""	""
3356	2020-09-27T00:00:00	10:53:00	COM VÍTIMA	FINALIZADA	ARRUDA	RUA DA REGENERACAO	1147	RUA CLARA	E/F HYANNAH ESPAÇO DE EVENTOS	ARRUDA		SUBURBIO	ABALROAMENTO LONGITUDINAL	COLISÃO C/VITIMA ENTRE UM AUTO E UMA MOTO	1	1								1		Cruzamento	Bom	Não existe	Não existente	Seca	Perfeito estado	Não existe	Não há placas	""	Dupla	Não existe	""	""